alpha,call_id,egemaps_backend,ema_ms,end_to_end_ms,feat_ms,feature_type,final_S,first_alert_ms,fwd_ms,kind,label,load_ms,n_segments,peak_seg_ms,prob,rep,rss_mb,score_S,segment_id,tau,total_call_ms
,,,0.008437,78.851719,10.8175,mfcc,,,67.607396,segment,0,0.418386,,,0.2606247067451477,0,233.5625,0.1824372947216034,d02j12s000857_29,,
,,,0.003125,5.045989,2.970208,mfcc,,,1.510729,segment,0,0.561927,,,0.2606247067451477,1,233.9609375,0.1824372947216034,d02j12s000857_29,,
,,,0.001927,3.037031,2.480781,mfcc,,,0.241094,segment,0,0.313229,,,0.2606247067451477,2,234.00390625,0.1824372947216034,d02j12s000857_29,,
,,,0.002083,3.025677,2.398594,mfcc,,,0.328386,segment,0,0.296614,,,0.2606247067451477,3,234.00390625,0.1824372947216034,d02j12s000857_29,,
,,,0.002188,3.500053,2.403802,mfcc,,,0.83151,segment,0,0.262553,,,0.2606247067451477,4,234.00390625,0.1824372947216034,d02j12s000857_29,,
,,,0.00099,2.263959,1.890104,mfcc,,,0.156667,segment,0,0.216198,,,0.2606247067451477,5,234.00390625,0.1824372947216034,d02j12s000857_29,,
,,,0.000937,1.780677,1.500573,mfcc,,,0.12823,segment,0,0.150937,,,0.2606247067451477,6,234.00390625,0.1824372947216034,d02j12s000857_29,,
,,,0.000886,1.669063,1.424584,mfcc,,,0.112864,segment,0,0.130729,,,0.2606247067451477,7,234.0078125,0.1824372947216034,d02j12s000857_29,,
,,,0.000677,1.689375,1.444583,mfcc,,,0.11849,segment,0,0.125625,,,0.2606247067451477,8,234.0078125,0.1824372947216034,d02j12s000857_29,,
,,,0.000677,1.607031,1.386875,mfcc,,,0.10349,segment,0,0.115989,,,0.2606247067451477,9,234.0078125,0.1824372947216034,d02j12s000857_29,,
,,,0.001875,7.597188,6.818177,mfcc,,,0.393438,segment,1,0.383698,,,0.9999947547912598,0,234.5703125,0.6999963283538818,vishing_366_52,,
,,,0.001094,6.43125,5.591979,mfcc,,,0.197813,segment,1,0.640364,,,0.9999947547912598,1,234.5703125,0.6999963283538818,vishing_366_52,,
,,,0.001302,6.041041,5.263125,mfcc,,,0.338646,segment,1,0.437968,,,0.9999947547912598,2,234.5703125,0.6999963283538818,vishing_366_52,,
,,,0.001093,6.433698,5.778177,mfcc,,,0.180938,segment,1,0.47349,,,0.9999947547912598,3,234.5703125,0.6999963283538818,vishing_366_52,,
,,,0.000729,5.706041,5.16151,mfcc,,,0.125677,segment,1,0.418125,,,0.9999947547912598,4,234.5703125,0.6999963283538818,vishing_366_52,,
,,,0.001198,6.109896,5.461302,mfcc,,,0.267916,segment,1,0.37948,,,0.9999947547912598,5,234.5703125,0.6999963283538818,vishing_366_52,,
,,,0.000885,6.276302,5.5675,mfcc,,,0.231875,segment,1,0.476042,,,0.9999947547912598,6,234.5703125,0.6999963283538818,vishing_366_52,,
,,,0.000834,5.783802,5.122344,mfcc,,,0.218958,segment,1,0.441666,,,0.9999947547912598,7,234.5703125,0.6999963283538818,vishing_366_52,,
,,,0.00151,7.164531,6.327396,mfcc,,,0.375781,segment,1,0.459844,,,0.9999947547912598,8,234.57421875,0.6999963283538818,vishing_366_52,,
,,,0.001042,6.296667,5.523646,mfcc,,,0.238385,segment,1,0.533594,,,0.9999947547912598,9,234.57421875,0.6999963283538818,vishing_366_52,,
,,,0.001354,4.109792,3.552969,mfcc,,,0.169427,segment,0,0.386042,,,0.33413180708885193,0,234.47265625,0.23389226496219634,d01j020s006622_3,,
,,,0.001562,4.223437,3.52375,mfcc,,,0.321667,segment,0,0.376458,,,0.33413180708885193,1,234.56640625,0.23389226496219634,d01j020s006622_3,,
,,,0.001042,4.141771,3.654896,mfcc,,,0.143021,segment,0,0.342812,,,0.33413180708885193,2,234.56640625,0.23389226496219634,d01j020s006622_3,,
,,,0.000938,3.748646,3.322031,mfcc,,,0.123333,segment,0,0.302344,,,0.33413180708885193,3,234.56640625,0.23389226496219634,d01j020s006622_3,,
,,,0.000781,3.68,3.309844,mfcc,,,0.108021,segment,0,0.261354,,,0.33413180708885193,4,234.56640625,0.23389226496219634,d01j020s006622_3,,
,,,0.001458,4.088333,3.536511,mfcc,,,0.283854,segment,0,0.26651,,,0.33413180708885193,5,234.56640625,0.23389226496219634,d01j020s006622_3,,
,,,0.000729,4.253646,3.750105,mfcc,,,0.151823,segment,0,0.350989,,,0.33413180708885193,6,234.56640625,0.23389226496219634,d01j020s006622_3,,
,,,0.000729,3.787865,3.387761,mfcc,,,0.125521,segment,0,0.273854,,,0.33413180708885193,7,234.56640625,0.23389226496219634,d01j020s006622_3,,
,,,0.000729,3.82552,3.339583,mfcc,,,0.230104,segment,0,0.255104,,,0.33413180708885193,8,234.56640625,0.23389226496219634,d01j020s006622_3,,
,,,0.001406,4.676615,3.897292,mfcc,,,0.515,segment,0,0.262917,,,0.33413180708885193,9,234.56640625,0.23389226496219634,d01j020s006622_3,,
,,,0.001563,9.037188,7.497709,mfcc,,,0.351718,segment,0,1.186198,,,0.33167561888694763,0,234.8125,0.23217293322086333,d04j18s014737_2,,
,,,0.001094,7.361615,6.133594,mfcc,,,0.643958,segment,0,0.582969,,,0.33167561888694763,1,234.8125,0.23217293322086333,d04j18s014737_2,,
,,,0.001719,7.533021,6.680885,mfcc,,,0.344844,segment,0,0.505573,,,0.33167561888694763,2,234.8125,0.23217293322086333,d04j18s014737_2,,
,,,0.000938,6.816563,6.051979,mfcc,,,0.203698,segment,0,0.559948,,,0.33167561888694763,3,234.81640625,0.23217293322086333,d04j18s014737_2,,
,,,0.001615,6.779896,5.927969,mfcc,,,0.347344,segment,0,0.502968,,,0.33167561888694763,4,234.81640625,0.23217293322086333,d04j18s014737_2,,
,,,0.00099,7.235625,6.427605,mfcc,,,0.222187,segment,0,0.584843,,,0.33167561888694763,5,234.81640625,0.23217293322086333,d04j18s014737_2,,
,,,0.002135,8.834115,5.708385,mfcc,,,2.62948,segment,0,0.494115,,,0.33167561888694763,6,234.81640625,0.23217293322086333,d04j18s014737_2,,
,,,0.00125,7.825521,6.913229,mfcc,,,0.254948,segment,0,0.656094,,,0.33167561888694763,7,234.8203125,0.23217293322086333,d04j18s014737_2,,
,,,0.001511,7.139479,6.214427,mfcc,,,0.384635,segment,0,0.538906,,,0.33167561888694763,8,234.8203125,0.23217293322086333,d04j18s014737_2,,
,,,0.001355,6.99198,6.230313,mfcc,,,0.23151,segment,0,0.528802,,,0.33167561888694763,9,234.8203125,0.23217293322086333,d04j18s014737_2,,
,,,0.001197,5.448645,3.729531,mfcc,,,0.628386,segment,1,1.089531,,,0.9987701773643494,0,234.59375,0.6991391241550445,vishing_304_49,,
,,,0.001146,4.240365,3.657916,mfcc,,,0.195417,segment,1,0.385886,,,0.9987701773643494,1,234.59375,0.6991391241550445,vishing_304_49,,
,,,0.000937,4.497656,3.748437,mfcc,,,0.160417,segment,1,0.587865,,,0.9987701773643494,2,234.59375,0.6991391241550445,vishing_304_49,,
,,,0.000625,3.848802,3.437395,mfcc,,,0.108177,segment,1,0.302605,,,0.9987701773643494,3,234.59375,0.6991391241550445,vishing_304_49,,
,,,0.000937,3.869687,3.385625,mfcc,,,0.207813,segment,1,0.275312,,,0.9987701773643494,4,234.59375,0.6991391241550445,vishing_304_49,,
,,,0.00125,4.232864,3.768177,mfcc,,,0.174583,segment,1,0.288854,,,0.9987701773643494,5,234.59375,0.6991391241550445,vishing_304_49,,
,,,0.000781,3.968385,3.545625,mfcc,,,0.103646,segment,1,0.318333,,,0.9987701773643494,6,234.59375,0.6991391241550445,vishing_304_49,,
,,,0.000677,3.815885,3.442135,mfcc,,,0.101875,segment,1,0.271198,,,0.9987701773643494,7,234.59375,0.6991391241550445,vishing_304_49,,
,,,0.000781,3.984635,3.412865,mfcc,,,0.311979,segment,1,0.25901,,,0.9987701773643494,8,234.59375,0.6991391241550445,vishing_304_49,,
,,,0.000885,4.119271,3.681458,mfcc,,,0.176511,segment,1,0.260417,,,0.9987701773643494,9,234.59375,0.6991391241550445,vishing_304_49,,
,,,0.002292,8.372865,6.253125,mfcc,,,0.873125,segment,0,1.244323,,,0.6170220375061035,0,234.8671875,0.4319154262542724,d02j12s000074_6,,
,,,0.000989,5.823021,5.084687,mfcc,,,0.195678,segment,0,0.541667,,,0.6170220375061035,1,234.74609375,0.4319154262542724,d02j12s000074_6,,
,,,0.001354,5.561198,4.874271,mfcc,,,0.283646,segment,0,0.401927,,,0.6170220375061035,2,234.8671875,0.4319154262542724,d02j12s000074_6,,
,,,0.001094,5.750104,5.123906,mfcc,,,0.172083,segment,0,0.453021,,,0.6170220375061035,3,234.8671875,0.4319154262542724,d02j12s000074_6,,
,,,0.000938,5.301146,4.767812,mfcc,,,0.138021,segment,0,0.394375,,,0.6170220375061035,4,234.8671875,0.4319154262542724,d02j12s000074_6,,
,,,0.001667,5.573229,4.921719,mfcc,,,0.263958,segment,0,0.385885,,,0.6170220375061035,5,234.8671875,0.4319154262542724,d02j12s000074_6,,
,,,0.001094,5.671875,5.059635,mfcc,,,0.164323,segment,0,0.446823,,,0.6170220375061035,6,234.8671875,0.4319154262542724,d02j12s000074_6,,
,,,0.000885,5.298906,4.735833,mfcc,,,0.172969,segment,0,0.389219,,,0.6170220375061035,7,234.8671875,0.4319154262542724,d02j12s000074_6,,
,,,0.00198,5.550313,4.948177,mfcc,,,0.237083,segment,0,0.363073,,,0.6170220375061035,8,234.8671875,0.4319154262542724,d02j12s000074_6,,
,,,0.001355,6.261459,5.603489,mfcc,,,0.208854,segment,0,0.447761,,,0.6170220375061035,9,234.8671875,0.4319154262542724,d02j12s000074_6,,
,,,0.001094,3.353021,2.16724,mfcc,,,0.547083,segment,1,0.637604,,,0.9999942779541016,0,234.9375,0.6999959945678711,vishing_653_85,,
,,,0.00151,2.660156,2.196042,mfcc,,,0.204479,segment,1,0.258125,,,0.9999942779541016,1,235.15625,0.6999959945678711,vishing_653_85,,
,,,0.000886,2.497031,2.150417,mfcc,,,0.129739,segment,1,0.215989,,,0.9999942779541016,2,235.15625,0.6999959945678711,vishing_653_85,,
,,,0.000886,2.326042,2.038073,mfcc,,,0.114271,segment,1,0.172812,,,0.9999942779541016,3,235.15625,0.6999959945678711,vishing_653_85,,
,,,0.000729,2.255365,1.99599,mfcc,,,0.104948,segment,1,0.153698,,,0.9999942779541016,4,235.15625,0.6999959945678711,vishing_653_85,,
,,,0.000833,2.266979,1.950989,mfcc,,,0.176771,segment,1,0.138386,,,0.9999942779541016,5,235.15625,0.6999959945678711,vishing_653_85,,
,,,0.000782,2.159584,1.921719,mfcc,,,0.100156,segment,1,0.136927,,,0.9999942779541016,6,235.15625,0.6999959945678711,vishing_653_85,,
,,,0.000677,2.264167,1.94651,mfcc,,,0.18349,segment,1,0.13349,,,0.9999942779541016,7,235.15625,0.6999959945678711,vishing_653_85,,
,,,0.000885,2.293385,2.003125,mfcc,,,0.151927,segment,1,0.137448,,,0.9999942779541016,8,235.15625,0.6999959945678711,vishing_653_85,,
,,,0.000677,2.258021,1.986771,mfcc,,,0.104635,segment,1,0.165938,,,0.9999942779541016,9,235.15625,0.6999959945678711,vishing_653_85,,
,,,0.001615,6.755,5.262552,mfcc,,,0.376719,segment,0,1.114114,,,0.576858401298523,0,235.51953125,0.40380088090896604,d01j04s006795_22,,
,,,0.000677,4.605,3.860469,mfcc,,,0.167917,segment,0,0.575937,,,0.576858401298523,1,235.51953125,0.40380088090896604,d01j04s006795_22,,
,,,0.000781,4.070573,3.580573,mfcc,,,0.177344,segment,0,0.311875,,,0.576858401298523,2,235.51953125,0.40380088090896604,d01j04s006795_22,,
,,,0.00099,4.013073,3.565104,mfcc,,,0.173177,segment,0,0.273802,,,0.576858401298523,3,235.51953125,0.40380088090896604,d01j04s006795_22,,
,,,0.000989,4.433073,3.896666,mfcc,,,0.188282,segment,0,0.347136,,,0.576858401298523,4,235.51953125,0.40380088090896604,d01j04s006795_22,,
,,,0.000886,4.123594,3.669167,mfcc,,,0.150416,segment,0,0.303125,,,0.576858401298523,5,235.51953125,0.40380088090896604,d01j04s006795_22,,
,,,0.000833,4.07526,3.664531,mfcc,,,0.135938,segment,0,0.273958,,,0.576858401298523,6,235.51953125,0.40380088090896604,d01j04s006795_22,,
,,,0.001407,4.123594,3.640677,mfcc,,,0.207864,segment,0,0.273646,,,0.576858401298523,7,235.51953125,0.40380088090896604,d01j04s006795_22,,
,,,0.001041,4.455937,3.93,mfcc,,,0.163959,segment,0,0.360937,,,0.576858401298523,8,235.51953125,0.40380088090896604,d01j04s006795_22,,
,,,0.000781,4.167187,3.703229,mfcc,,,0.163854,segment,0,0.299323,,,0.576858401298523,9,235.51953125,0.40380088090896604,d01j04s006795_22,,
,,,0.001355,6.991198,5.378646,mfcc,,,0.269947,segment,1,1.34125,,,0.9998094439506531,0,235.5625,0.6998666107654571,vishing_617_334,,
,,,0.001094,4.884375,4.141198,mfcc,,,0.303645,segment,1,0.438438,,,0.9998094439506531,1,235.5625,0.6998666107654571,vishing_617_334,,
,,,0.001667,5.177865,4.565833,mfcc,,,0.245521,segment,1,0.364844,,,0.9998094439506531,2,235.5625,0.6998666107654571,vishing_617_334,,
,,,0.001719,5.560469,4.853959,mfcc,,,0.310937,segment,1,0.393854,,,0.9998094439506531,3,235.5625,0.6998666107654571,vishing_617_334,,
,,,0.000885,5.151614,4.140313,mfcc,,,0.550729,segment,1,0.459687,,,0.9998094439506531,4,235.5625,0.6998666107654571,vishing_617_334,,
,,,0.001198,4.993281,4.360729,mfcc,,,0.286979,segment,1,0.344375,,,0.9998094439506531,5,235.5625,0.6998666107654571,vishing_617_334,,
,,,0.001458,4.983906,4.407605,mfcc,,,0.164323,segment,1,0.41052,,,0.9998094439506531,6,235.5625,0.6998666107654571,vishing_617_334,,
,,,0.001146,4.503438,4.020677,mfcc,,,0.141459,segment,1,0.340156,,,0.9998094439506531,7,235.56640625,0.6998666107654571,vishing_617_334,,
,,,0.001823,4.855261,3.952291,mfcc,,,0.595105,segment,1,0.306042,,,0.9998094439506531,8,235.56640625,0.6998666107654571,vishing_617_334,,
,,,0.000885,5.556093,4.831771,mfcc,,,0.223125,segment,1,0.500312,,,0.9998094439506531,9,235.56640625,0.6998666107654571,vishing_617_334,,
,,,0.00151,10.560677,8.891875,mfcc,,,0.334271,segment,0,1.333021,,,0.5221792459487915,0,236.03515625,0.36552547216415404,d01j021s007425_1,,
,,,0.001302,8.332708,7.318021,mfcc,,,0.368281,segment,0,0.645104,,,0.5221792459487915,1,236.21875,0.36552547216415404,d01j021s007425_1,,
,,,0.001302,9.197031,8.136198,mfcc,,,0.348594,segment,0,0.710937,,,0.5221792459487915,2,236.21875,0.36552547216415404,d01j021s007425_1,,
,,,0.004636,8.593646,7.551093,mfcc,,,0.390625,segment,0,0.647292,,,0.5221792459487915,3,236.21875,0.36552547216415404,d01j021s007425_1,,
,,,0.001875,10.144115,8.522812,mfcc,,,0.987657,segment,0,0.631771,,,0.5221792459487915,4,236.21875,0.36552547216415404,d01j021s007425_1,,
,,,0.001354,11.042917,9.598594,mfcc,,,0.665365,segment,0,0.777604,,,0.5221792459487915,5,236.21875,0.36552547216415404,d01j021s007425_1,,
,,,0.001198,8.004896,7.161458,mfcc,,,0.263281,segment,0,0.578959,,,0.5221792459487915,6,236.21875,0.36552547216415404,d01j021s007425_1,,
,,,0.001146,8.547136,7.616406,mfcc,,,0.268542,segment,0,0.661042,,,0.5221792459487915,7,236.21875,0.36552547216415404,d01j021s007425_1,,
,,,0.001302,7.580729,6.803489,mfcc,,,0.240365,segment,0,0.535573,,,0.5221792459487915,8,236.21875,0.36552547216415404,d01j021s007425_1,,
,,,0.00125,8.626459,7.7525,mfcc,,,0.280052,segment,0,0.592657,,,0.5221792459487915,9,236.21875,0.36552547216415404,d01j021s007425_1,,
,,,0.000937,2.903437,1.362396,mfcc,,,0.710886,segment,1,0.829218,,,0.9957093000411987,0,235.53515625,0.6969965100288391,vishing_453_5,,
,,,0.000937,1.557969,1.188021,mfcc,,,0.207604,segment,1,0.161407,,,0.9957093000411987,1,235.60546875,0.6969965100288391,vishing_453_5,,
,,,0.001146,1.506511,1.139844,mfcc,,,0.207917,segment,1,0.157604,,,0.9957093000411987,2,235.60546875,0.6969965100288391,vishing_453_5,,
,,,0.000782,1.358229,1.096927,mfcc,,,0.122864,segment,1,0.137656,,,0.9957093000411987,3,235.60546875,0.6969965100288391,vishing_453_5,,
,,,0.000625,1.33198,1.079687,mfcc,,,0.142605,segment,1,0.109063,,,0.9957093000411987,4,235.60546875,0.6969965100288391,vishing_453_5,,
,,,0.000625,1.341615,1.118333,mfcc,,,0.115261,segment,1,0.107396,,,0.9957093000411987,5,235.60546875,0.6969965100288391,vishing_453_5,,
,,,0.000677,1.320261,1.093073,mfcc,,,0.114531,segment,1,0.11198,,,0.9957093000411987,6,235.60546875,0.6969965100288391,vishing_453_5,,
,,,0.000677,1.324635,1.076458,mfcc,,,0.139115,segment,1,0.108385,,,0.9957093000411987,7,235.60546875,0.6969965100288391,vishing_453_5,,
,,,0.000625,1.340104,1.119323,mfcc,,,0.11151,segment,1,0.108646,,,0.9957093000411987,8,235.60546875,0.6969965100288391,vishing_453_5,,
,,,0.000729,1.704739,1.072969,mfcc,,,0.524948,segment,1,0.106093,,,0.9957093000411987,9,235.60546875,0.6969965100288391,vishing_453_5,,
,,,0.003438,11.434636,8.538229,mfcc,,,0.89724,segment,1,1.995729,,,0.9992679953575134,0,236.0546875,0.6994875967502594,vishing_44_0,,
,,,0.00177,8.137083,7.077969,mfcc,,,0.275417,segment,1,0.781927,,,0.9992679953575134,1,236.0546875,0.6994875967502594,vishing_44_0,,
,,,0.001302,5.540677,4.815312,mfcc,,,0.284323,segment,1,0.43974,,,0.9992679953575134,2,236.0546875,0.6994875967502594,vishing_44_0,,
,,,0.001354,5.860104,5.189948,mfcc,,,0.225208,segment,1,0.443594,,,0.9992679953575134,3,236.0546875,0.6994875967502594,vishing_44_0,,
,,,0.000833,5.132656,4.566927,mfcc,,,0.12099,segment,1,0.443906,,,0.9992679953575134,4,236.0546875,0.6994875967502594,vishing_44_0,,
,,,0.000937,5.018385,4.458229,mfcc,,,0.203854,segment,1,0.355365,,,0.9992679953575134,5,236.0546875,0.6994875967502594,vishing_44_0,,
,,,0.00099,5.974219,5.306718,mfcc,,,0.206042,segment,1,0.460469,,,0.9992679953575134,6,236.0546875,0.6994875967502594,vishing_44_0,,
,,,0.000833,5.085677,4.529948,mfcc,,,0.13099,segment,1,0.423906,,,0.9992679953575134,7,236.0546875,0.6994875967502594,vishing_44_0,,
,,,0.001094,5.025261,4.465157,mfcc,,,0.189635,segment,1,0.369375,,,0.9992679953575134,8,236.0546875,0.6994875967502594,vishing_44_0,,
,,,0.001042,5.942708,5.301979,mfcc,,,0.232343,segment,1,0.407344,,,0.9992679953575134,9,236.0546875,0.6994875967502594,vishing_44_0,,
,,,0.001563,11.063334,7.256354,mfcc,,,0.240104,segment,0,3.565313,,,0.623574435710907,0,236.19140625,0.43650210499763487,d01j021s006287_3,,
,,,0.002292,7.018594,6.136198,mfcc,,,0.396979,segment,0,0.483125,,,0.623574435710907,1,236.19140625,0.43650210499763487,d01j021s006287_3,,
,,,0.001094,7.561563,6.767084,mfcc,,,0.226458,segment,0,0.566927,,,0.623574435710907,2,236.19140625,0.43650210499763487,d01j021s006287_3,,
,,,0.001406,6.712708,5.982604,mfcc,,,0.236302,segment,0,0.492396,,,0.623574435710907,3,236.19140625,0.43650210499763487,d01j021s006287_3,,
,,,0.001927,7.859739,7.039636,mfcc,,,0.306718,segment,0,0.511458,,,0.623574435710907,4,236.19140625,0.43650210499763487,d01j021s006287_3,,
,,,0.001666,7.622395,6.733125,mfcc,,,0.327761,segment,0,0.559843,,,0.623574435710907,5,236.19140625,0.43650210499763487,d01j021s006287_3,,
,,,0.001875,8.309635,7.206458,mfcc,,,0.337969,segment,0,0.763333,,,0.623574435710907,6,236.19140625,0.43650210499763487,d01j021s006287_3,,
,,,0.001146,7.072969,6.187239,mfcc,,,0.32125,segment,0,0.563334,,,0.623574435710907,7,236.19140625,0.43650210499763487,d01j021s006287_3,,
,,,0.00151,7.869427,7.007136,mfcc,,,0.347812,segment,0,0.512969,,,0.623574435710907,8,236.19140625,0.43650210499763487,d01j021s006287_3,,
,,,0.000886,6.999063,6.21026,mfcc,,,0.221719,segment,0,0.566198,,,0.623574435710907,9,236.19140625,0.43650210499763487,d01j021s006287_3,,
,,,0.002291,11.267604,9.536094,mfcc,,,0.364792,segment,0,1.364427,,,0.5376025438308716,0,236.60546875,0.3763217806816101,d04j18s003763_13,,
,,,0.001354,10.27026,9.104115,mfcc,,,0.408489,segment,0,0.756302,,,0.5376025438308716,1,236.60546875,0.3763217806816101,d04j18s003763_13,,
,,,0.001615,9.691771,8.575782,mfcc,,,0.414218,segment,0,0.700156,,,0.5376025438308716,2,236.60546875,0.3763217806816101,d04j18s003763_13,,
,,,0.001302,10.040885,9.018334,mfcc,,,0.256093,segment,0,0.765156,,,0.5376025438308716,3,236.60546875,0.3763217806816101,d04j18s003763_13,,
,,,0.001979,9.644583,8.700573,mfcc,,,0.312083,segment,0,0.629948,,,0.5376025438308716,4,236.60546875,0.3763217806816101,d04j18s003763_13,,
,,,0.001458,10.203802,9.178333,mfcc,,,0.287813,segment,0,0.736198,,,0.5376025438308716,5,236.60546875,0.3763217806816101,d04j18s003763_13,,
,,,0.001719,11.558594,10.563229,mfcc,,,0.326042,segment,0,0.667604,,,0.5376025438308716,6,236.60546875,0.3763217806816101,d04j18s003763_13,,
,,,0.001979,10.017864,8.948542,mfcc,,,0.353333,segment,0,0.71401,,,0.5376025438308716,7,236.60546875,0.3763217806816101,d04j18s003763_13,,
,,,0.001719,10.321094,9.325312,mfcc,,,0.289896,segment,0,0.704167,,,0.5376025438308716,8,236.60546875,0.3763217806816101,d04j18s003763_13,,
,,,0.002084,10.189636,9.20276,mfcc,,,0.347708,segment,0,0.637084,,,0.5376025438308716,9,236.60546875,0.3763217806816101,d04j18s003763_13,,
,,,0.001354,8.679687,6.858646,mfcc,,,0.3175,segment,0,1.502187,,,0.4133669137954712,0,236.453125,0.2893568396568298,d01j020s003787_1,,
,,,0.00125,8.4225,7.431563,mfcc,,,0.303542,segment,0,0.686145,,,0.4133669137954712,1,236.453125,0.2893568396568298,d01j020s003787_1,,
,,,0.001719,7.391823,6.579271,mfcc,,,0.255052,segment,0,0.555781,,,0.4133669137954712,2,236.453125,0.2893568396568298,d01j020s003787_1,,
,,,0.001198,8.457865,7.548021,mfcc,,,0.296459,segment,0,0.612187,,,0.4133669137954712,3,236.453125,0.2893568396568298,d01j020s003787_1,,
,,,0.001459,7.501875,6.384011,mfcc,,,0.583437,segment,0,0.532968,,,0.4133669137954712,4,236.453125,0.2893568396568298,d01j020s003787_1,,
,,,0.001667,8.364062,7.484375,mfcc,,,0.336406,segment,0,0.541614,,,0.4133669137954712,5,236.453125,0.2893568396568298,d01j020s003787_1,,
,,,0.001562,7.493177,6.41625,mfcc,,,0.485886,segment,0,0.589479,,,0.4133669137954712,6,236.453125,0.2893568396568298,d01j020s003787_1,,
,,,0.001406,8.271354,7.405365,mfcc,,,0.313958,segment,0,0.550625,,,0.4133669137954712,7,236.453125,0.2893568396568298,d01j020s003787_1,,
,,,0.001041,7.12526,6.348958,mfcc,,,0.217761,segment,0,0.5575,,,0.4133669137954712,8,236.453125,0.2893568396568298,d01j020s003787_1,,
,,,0.001823,8.312865,7.429531,mfcc,,,0.338073,segment,0,0.543438,,,0.4133669137954712,9,236.453125,0.2893568396568298,d01j020s003787_1,,
,,,0.001927,10.301823,8.495521,mfcc,,,0.333386,segment,1,1.470989,,,0.9999998807907104,0,236.53125,0.6999999165534972,vishing_558_27,,
,,,0.005156,9.006979,7.823229,mfcc,,,0.55651,segment,1,0.622084,,,0.9999998807907104,1,236.53125,0.6999999165534972,vishing_558_27,,
,,,0.001406,8.628385,7.643489,mfcc,,,0.268594,segment,1,0.714896,,,0.9999998807907104,2,236.53125,0.6999999165534972,vishing_558_27,,
,,,0.002448,9.000261,8.039375,mfcc,,,0.349479,segment,1,0.608959,,,0.9999998807907104,3,236.53125,0.6999999165534972,vishing_558_27,,
,,,0.001562,8.693958,7.502917,mfcc,,,0.503021,segment,1,0.686458,,,0.9999998807907104,4,236.53125,0.6999999165534972,vishing_558_27,,
,,,0.002083,9.470469,8.507292,mfcc,,,0.332969,segment,1,0.628125,,,0.9999998807907104,5,236.53125,0.6999999165534972,vishing_558_27,,
,,,0.001979,8.87177,7.581667,mfcc,,,0.632656,segment,1,0.655468,,,0.9999998807907104,6,236.53125,0.6999999165534972,vishing_558_27,,
,,,0.001719,8.973802,8.052761,mfcc,,,0.279791,segment,1,0.639531,,,0.9999998807907104,7,236.53125,0.6999999165534972,vishing_558_27,,
,,,0.001406,8.291562,7.406354,mfcc,,,0.322969,segment,1,0.560833,,,0.9999998807907104,8,236.53125,0.6999999165534972,vishing_558_27,,
,,,0.001302,9.14349,8.158594,mfcc,,,0.264688,segment,1,0.718906,,,0.9999998807907104,9,236.53125,0.6999999165534972,vishing_558_27,,
,,,0.001875,9.582031,6.495469,mfcc,,,0.300104,segment,0,2.784583,,,0.333809494972229,0,236.40234375,0.2336666464805603,d01j020s006667_1,,
,,,0.000937,7.157864,6.230157,mfcc,,,0.224948,segment,0,0.701822,,,0.333809494972229,1,236.40234375,0.2336666464805603,d01j020s006667_1,,
,,,0.00125,6.425,5.725937,mfcc,,,0.241198,segment,0,0.456615,,,0.333809494972229,2,236.40234375,0.2336666464805603,d01j020s006667_1,,
,,,0.000937,7.094531,6.293437,mfcc,,,0.272292,segment,0,0.527865,,,0.333809494972229,3,236.40234375,0.2336666464805603,d01j020s006667_1,,
,,,0.001042,6.400625,5.721094,mfcc,,,0.183333,segment,0,0.495156,,,0.333809494972229,4,236.40234375,0.2336666464805603,d01j020s006667_1,,
,,,0.00151,7.14052,6.368177,mfcc,,,0.31349,segment,0,0.457343,,,0.333809494972229,5,236.40234375,0.2336666464805603,d01j020s006667_1,,
,,,0.001094,6.559271,5.873593,mfcc,,,0.192865,segment,0,0.491719,,,0.333809494972229,6,236.40234375,0.2336666464805603,d01j020s006667_1,,
,,,0.001615,6.513385,5.83401,mfcc,,,0.246979,segment,0,0.430781,,,0.333809494972229,7,236.40234375,0.2336666464805603,d01j020s006667_1,,
,,,0.001145,6.961354,6.204792,mfcc,,,0.256042,segment,0,0.499375,,,0.333809494972229,8,236.40234375,0.2336666464805603,d01j020s006667_1,,
,,,0.00125,7.083958,5.792552,mfcc,,,0.83776,segment,0,0.452396,,,0.333809494972229,9,236.40234375,0.2336666464805603,d01j020s006667_1,,
,,,0.001146,4.458021,3.43875,mfcc,,,0.242968,segment,1,0.775157,,,0.9999994039535522,0,236.1015625,0.6999995827674865,vishing_617_336,,
,,,0.000781,3.349219,2.926719,mfcc,,,0.133594,segment,1,0.288125,,,0.9999994039535522,1,236.1015625,0.6999995827674865,vishing_617_336,,
,,,0.000729,3.22125,2.860833,mfcc,,,0.120573,segment,1,0.239115,,,0.9999994039535522,2,236.1015625,0.6999995827674865,vishing_617_336,,
,,,0.000833,3.347344,2.749844,mfcc,,,0.372865,segment,1,0.223802,,,0.9999994039535522,3,236.1015625,0.6999995827674865,vishing_617_336,,
,,,0.002396,3.302448,2.871354,mfcc,,,0.201094,segment,1,0.227604,,,0.9999994039535522,4,236.1015625,0.6999995827674865,vishing_617_336,,
,,,0.000885,3.511042,3.044531,mfcc,,,0.180261,segment,1,0.285365,,,0.9999994039535522,5,236.1015625,0.6999995827674865,vishing_617_336,,
,,,0.000729,3.251771,2.87349,mfcc,,,0.135365,segment,1,0.242187,,,0.9999994039535522,6,236.1015625,0.6999995827674865,vishing_617_336,,
,,,0.000677,3.262656,2.902605,mfcc,,,0.131354,segment,1,0.22802,,,0.9999994039535522,7,236.1015625,0.6999995827674865,vishing_617_336,,
,,,0.000677,3.149531,2.824479,mfcc,,,0.102969,segment,1,0.221406,,,0.9999994039535522,8,236.1015625,0.6999995827674865,vishing_617_336,,
,,,0.001615,3.352292,2.926302,mfcc,,,0.198958,segment,1,0.225417,,,0.9999994039535522,9,236.1015625,0.6999995827674865,vishing_617_336,,
,,,0.001146,7.615156,6.355625,mfcc,,,0.234479,segment,1,1.023906,,,0.999363124370575,0,236.38671875,0.6995541870594024,vishing_205_2,,
,,,0.001562,6.987865,6.074271,mfcc,,,0.416615,segment,1,0.495417,,,0.999363124370575,1,236.38671875,0.6995541870594024,vishing_205_2,,
,,,0.001094,6.780573,5.920833,mfcc,,,0.197604,segment,1,0.661042,,,0.999363124370575,2,236.38671875,0.6995541870594024,vishing_205_2,,
,,,0.001146,6.253542,5.627083,mfcc,,,0.1925,segment,1,0.432813,,,0.999363124370575,3,236.38671875,0.6995541870594024,vishing_205_2,,
,,,0.001198,6.933386,6.209063,mfcc,,,0.258177,segment,1,0.464948,,,0.999363124370575,4,236.38671875,0.6995541870594024,vishing_205_2,,
,,,0.000937,6.330729,5.600834,mfcc,,,0.245052,segment,1,0.483906,,,0.999363124370575,5,236.38671875,0.6995541870594024,vishing_205_2,,
,,,0.001458,6.667292,5.939375,mfcc,,,0.301511,segment,1,0.424948,,,0.999363124370575,6,236.38671875,0.6995541870594024,vishing_205_2,,
,,,0.001093,6.691093,5.786615,mfcc,,,0.204896,segment,1,0.698489,,,0.999363124370575,7,236.38671875,0.6995541870594024,vishing_205_2,,
,,,0.001562,6.310833,5.50474,mfcc,,,0.374427,segment,1,0.430104,,,0.999363124370575,8,236.38671875,0.6995541870594024,vishing_205_2,,
,,,0.00125,6.913593,6.167188,mfcc,,,0.204218,segment,1,0.540937,,,0.999363124370575,9,236.38671875,0.6995541870594024,vishing_205_2,,
,,,0.001823,10.485886,8.560989,mfcc,,,0.291146,segment,1,1.631928,,,1.0,0,236.5625,0.7,vishing_360_8,,
,,,0.00125,8.617552,7.524843,mfcc,,,0.453282,segment,1,0.638177,,,1.0,1,236.5625,0.7,vishing_360_8,,
,,,0.001875,9.221146,8.318959,mfcc,,,0.285729,segment,1,0.614583,,,1.0,2,236.5625,0.7,vishing_360_8,,
,,,0.001562,8.543281,7.503958,mfcc,,,0.419011,segment,1,0.61875,,,1.0,3,236.5625,0.7,vishing_360_8,,
,,,0.001302,9.277135,8.312396,mfcc,,,0.325521,segment,1,0.637916,,,1.0,4,236.5625,0.7,vishing_360_8,,
,,,0.001719,8.935625,7.536875,mfcc,,,0.784218,segment,1,0.612813,,,1.0,5,236.5625,0.7,vishing_360_8,,
,,,0.001563,9.07125,8.232187,mfcc,,,0.238958,segment,1,0.598542,,,1.0,6,236.5625,0.7,vishing_360_8,,
,,,0.00151,8.535677,7.636615,mfcc,,,0.30125,segment,1,0.596302,,,1.0,7,236.5625,0.7,vishing_360_8,,
,,,0.001407,9.15599,8.156094,mfcc,,,0.268333,segment,1,0.730156,,,1.0,8,236.5625,0.7,vishing_360_8,,
,,,0.001406,8.86651,7.977605,mfcc,,,0.285156,segment,1,0.602343,,,1.0,9,236.5625,0.7,vishing_360_8,,
,,,0.001146,4.356406,3.267083,mfcc,,,0.159375,segment,1,0.928802,,,1.0,0,236.0859375,0.7,vishing_178_10,,
,,,0.001146,3.679323,2.806355,mfcc,,,0.572656,segment,1,0.299166,,,1.0,1,236.0859375,0.7,vishing_178_10,,
,,,0.001042,3.175312,2.760678,mfcc,,,0.174947,segment,1,0.238645,,,1.0,2,236.0859375,0.7,vishing_178_10,,
,,,0.000885,3.324062,2.855833,mfcc,,,0.17599,segment,1,0.291354,,,1.0,3,236.0859375,0.7,vishing_178_10,,
,,,0.000782,3.157917,2.799271,mfcc,,,0.13026,segment,1,0.227604,,,1.0,4,236.0859375,0.7,vishing_178_10,,
,,,0.000834,3.141459,2.787969,mfcc,,,0.13276,segment,1,0.219896,,,1.0,5,236.08984375,0.7,vishing_178_10,,
,,,0.000782,3.33198,2.733125,mfcc,,,0.379375,segment,1,0.218698,,,1.0,6,236.08984375,0.7,vishing_178_10,,
,,,0.001041,3.325521,2.873906,mfcc,,,0.226407,segment,1,0.224167,,,1.0,7,236.08984375,0.7,vishing_178_10,,
,,,0.000781,3.234583,2.814011,mfcc,,,0.154427,segment,1,0.265364,,,1.0,8,236.08984375,0.7,vishing_178_10,,
,,,0.000625,3.122344,2.764636,mfcc,,,0.131041,segment,1,0.226042,,,1.0,9,236.08984375,0.7,vishing_178_10,,
,,,0.001771,11.153907,9.70625,mfcc,,,0.311667,segment,0,1.134219,,,0.5335391163825989,0,236.625,0.37347738146781917,d04j18s003763_3,,
,,,0.001615,9.638542,8.650729,mfcc,,,0.284063,segment,0,0.702135,,,0.5335391163825989,1,236.625,0.37347738146781917,d04j18s003763_3,,
,,,0.00125,9.72026,8.768437,mfcc,,,0.271927,segment,0,0.678646,,,0.5335391163825989,2,236.625,0.37347738146781917,d04j18s003763_3,,
,,,0.001563,9.779115,8.850782,mfcc,,,0.309635,segment,0,0.617135,,,0.5335391163825989,3,236.625,0.37347738146781917,d04j18s003763_3,,
,,,0.001458,9.212865,8.263334,mfcc,,,0.29875,segment,0,0.649323,,,0.5335391163825989,4,236.625,0.37347738146781917,d04j18s003763_3,,
,,,0.001302,9.902968,8.963125,mfcc,,,0.279323,segment,0,0.659218,,,0.5335391163825989,5,236.625,0.37347738146781917,d04j18s003763_3,,
,,,0.001198,9.157239,8.269896,mfcc,,,0.245937,segment,0,0.640208,,,0.5335391163825989,6,236.625,0.37347738146781917,d04j18s003763_3,,
,,,0.001354,9.869271,8.89151,mfcc,,,0.29224,segment,0,0.684167,,,0.5335391163825989,7,236.625,0.37347738146781917,d04j18s003763_3,,
,,,0.001407,9.57099,8.591197,mfcc,,,0.320625,segment,0,0.657761,,,0.5335391163825989,8,236.625,0.37347738146781917,d04j18s003763_3,,
,,,0.001875,9.568802,8.683698,mfcc,,,0.239688,segment,0,0.643541,,,0.5335391163825989,9,236.625,0.37347738146781917,d04j18s003763_3,,
,,,0.001614,9.515937,8.02474,mfcc,,,0.249219,segment,0,1.240364,,,0.4081854522228241,0,236.484375,0.28572981655597685,d02j12s000857_27,,
,,,0.001406,7.72474,6.815052,mfcc,,,0.383438,segment,0,0.524844,,,0.4081854522228241,1,236.484375,0.28572981655597685,d02j12s000857_27,,
,,,0.00099,7.811355,7.01448,mfcc,,,0.219635,segment,0,0.57625,,,0.4081854522228241,2,236.484375,0.28572981655597685,d02j12s000857_27,,
,,,0.00198,7.605157,6.821979,mfcc,,,0.272187,segment,0,0.509011,,,0.4081854522228241,3,236.484375,0.28572981655597685,d02j12s000857_27,,
,,,0.00099,8.019323,7.201511,mfcc,,,0.250885,segment,0,0.565937,,,0.4081854522228241,4,236.484375,0.28572981655597685,d02j12s000857_27,,
,,,0.001666,7.399791,6.641927,mfcc,,,0.237344,segment,0,0.518854,,,0.4081854522228241,5,236.484375,0.28572981655597685,d02j12s000857_27,,
,,,0.001198,8.147657,7.309271,mfcc,,,0.263334,segment,0,0.573854,,,0.4081854522228241,6,236.484375,0.28572981655597685,d02j12s000857_27,,
,,,0.001302,7.583281,6.587864,mfcc,,,0.461094,segment,0,0.533021,,,0.4081854522228241,7,236.484375,0.28572981655597685,d02j12s000857_27,,
,,,0.001302,8.156093,7.330052,mfcc,,,0.276354,segment,0,0.548385,,,0.4081854522228241,8,236.484375,0.28572981655597685,d02j12s000857_27,,
,,,0.001562,7.930104,6.621562,mfcc,,,0.764532,segment,0,0.542448,,,0.4081854522228241,9,236.484375,0.28572981655597685,d02j12s000857_27,,
,,,0.00125,2.930885,1.880625,mfcc,,,0.233229,segment,1,0.815781,,,0.9999936819076538,0,235.76953125,0.6999955773353577,vishing_552_36,,
,,,0.000677,1.924115,1.588073,mfcc,,,0.150521,segment,1,0.184844,,,0.9999936819076538,1,235.828125,0.6999955773353577,vishing_552_36,,
,,,0.000781,1.844896,1.52651,mfcc,,,0.181771,segment,1,0.135834,,,0.9999936819076538,2,235.828125,0.6999955773353577,vishing_552_36,,
,,,0.000781,2.174427,1.520886,mfcc,,,0.521562,segment,1,0.131198,,,0.9999936819076538,3,235.828125,0.6999955773353577,vishing_552_36,,
,,,0.000781,2.300156,1.429896,mfcc,,,0.7475,segment,1,0.121979,,,0.9999936819076538,4,235.828125,0.6999955773353577,vishing_552_36,,
,,,0.000625,2.308489,1.514375,mfcc,,,0.655,segment,1,0.138489,,,0.9999936819076538,5,235.828125,0.6999955773353577,vishing_552_36,,
,,,0.000729,1.764114,1.473125,mfcc,,,0.167291,segment,1,0.122969,,,0.9999936819076538,6,235.828125,0.6999955773353577,vishing_552_36,,
,,,0.000886,1.696667,1.454739,mfcc,,,0.121406,segment,1,0.119636,,,0.9999936819076538,7,235.828125,0.6999955773353577,vishing_552_36,,
,,,0.000677,1.679427,1.441927,mfcc,,,0.118489,segment,1,0.118334,,,0.9999936819076538,8,235.828125,0.6999955773353577,vishing_552_36,,
,,,0.000677,1.690937,1.444843,mfcc,,,0.129896,segment,1,0.115521,,,0.9999936819076538,9,235.828125,0.6999955773353577,vishing_552_36,,
,,,0.000781,1.832344,0.898906,mfcc,,,0.440313,segment,1,0.492344,,,0.9999539852142334,0,235.828125,0.6999677896499633,vishing_368_59,,
,,,0.000729,1.314062,0.852135,mfcc,,,0.346198,segment,1,0.115,,,0.9999539852142334,1,235.859375,0.6999677896499633,vishing_368_59,,
,,,0.000781,3.889427,3.588229,mfcc,,,0.199011,segment,1,0.101406,,,0.9999539852142334,2,235.859375,0.6999677896499633,vishing_368_59,,
,,,0.000729,1.129271,0.886562,mfcc,,,0.136042,segment,1,0.105938,,,0.9999539852142334,3,235.859375,0.6999677896499633,vishing_368_59,,
,,,0.000782,1.177709,0.986354,mfcc,,,0.091823,segment,1,0.09875,,,0.9999539852142334,4,235.859375,0.6999677896499633,vishing_368_59,,
,,,0.000677,1.034532,0.85198,mfcc,,,0.088125,segment,1,0.09375,,,0.9999539852142334,5,235.859375,0.6999677896499633,vishing_368_59,,
,,,0.000677,1.060781,0.875989,mfcc,,,0.088698,segment,1,0.095417,,,0.9999539852142334,6,235.859375,0.6999677896499633,vishing_368_59,,
,,,0.000677,1.033646,0.850469,mfcc,,,0.089063,segment,1,0.093437,,,0.9999539852142334,7,235.859375,0.6999677896499633,vishing_368_59,,
,,,0.000625,1.024688,0.840417,mfcc,,,0.091927,segment,1,0.091719,,,0.9999539852142334,8,235.859375,0.6999677896499633,vishing_368_59,,
,,,0.000625,1.05026,0.841093,mfcc,,,0.114271,segment,1,0.094271,,,0.9999539852142334,9,235.859375,0.6999677896499633,vishing_368_59,,
,,,0.002761,5.025938,3.50776,mfcc,,,0.364948,segment,1,1.150469,,,0.9999933242797852,0,235.859375,0.6999953269958495,vishing_653_19,,
,,,0.005313,3.788229,3.083385,mfcc,,,0.356823,segment,1,0.342708,,,0.9999933242797852,1,235.859375,0.6999953269958495,vishing_653_19,,
,,,0.003072,4.320416,3.291719,mfcc,,,0.735625,segment,1,0.29,,,0.9999933242797852,2,235.859375,0.6999953269958495,vishing_653_19,,
,,,0.000989,3.655521,3.105729,mfcc,,,0.156042,segment,1,0.392761,,,0.9999933242797852,3,235.859375,0.6999953269958495,vishing_653_19,,
,,,0.000781,2.212136,1.899896,mfcc,,,0.112865,segment,1,0.198594,,,0.9999933242797852,4,235.859375,0.6999953269958495,vishing_653_19,,
,,,0.000729,2.084323,1.819271,mfcc,,,0.110625,segment,1,0.153698,,,0.9999933242797852,5,235.859375,0.6999953269958495,vishing_653_19,,
,,,0.000677,2.089271,1.837709,mfcc,,,0.109844,segment,1,0.141041,,,0.9999933242797852,6,235.859375,0.6999953269958495,vishing_653_19,,
,,,0.000782,2.461771,1.80125,mfcc,,,0.524583,segment,1,0.135156,,,0.9999933242797852,7,235.859375,0.6999953269958495,vishing_653_19,,
,,,0.000886,2.222084,1.785885,mfcc,,,0.2975,segment,1,0.137813,,,0.9999933242797852,8,235.859375,0.6999953269958495,vishing_653_19,,
,,,0.000833,2.164062,1.872812,mfcc,,,0.15599,segment,1,0.134427,,,0.9999933242797852,9,235.859375,0.6999953269958495,vishing_653_19,,
,,,0.003073,11.334271,9.273959,mfcc,,,0.389791,segment,1,1.667448,,,0.999995231628418,0,236.34375,0.6999966621398925,vishing_520_21,,
,,,0.001354,8.809531,7.170365,mfcc,,,0.759479,segment,1,0.878333,,,0.999995231628418,1,236.34375,0.6999966621398925,vishing_520_21,,
,,,0.001667,6.515573,5.670573,mfcc,,,0.258958,segment,1,0.584375,,,0.999995231628418,2,236.34375,0.6999966621398925,vishing_520_21,,
,,,0.001041,5.463489,4.838854,mfcc,,,0.179219,segment,1,0.444375,,,0.999995231628418,3,236.34375,0.6999966621398925,vishing_520_21,,
,,,0.00125,5.594635,4.884062,mfcc,,,0.283906,segment,1,0.425417,,,0.999995231628418,4,236.34375,0.6999966621398925,vishing_520_21,,
,,,0.001666,6.381875,5.679114,mfcc,,,0.255261,segment,1,0.445834,,,0.999995231628418,5,236.34375,0.6999966621398925,vishing_520_21,,
,,,0.000937,5.530104,4.879427,mfcc,,,0.183542,segment,1,0.466198,,,0.999995231628418,6,236.34375,0.6999966621398925,vishing_520_21,,
,,,0.001927,6.145364,5.075833,mfcc,,,0.660521,segment,1,0.407083,,,0.999995231628418,7,236.34375,0.6999966621398925,vishing_520_21,,
,,,0.001094,5.725,5.091928,mfcc,,,0.189114,segment,1,0.442864,,,0.999995231628418,8,236.34375,0.6999966621398925,vishing_520_21,,
,,,0.00099,5.325677,4.799271,mfcc,,,0.138594,segment,1,0.386822,,,0.999995231628418,9,236.34375,0.6999966621398925,vishing_520_21,,
,,,0.000937,2.784583,1.678907,mfcc,,,0.20776,segment,0,0.896979,,,0.24941030144691467,0,235.859375,0.17458721101284025,d01j01s000551_10,,
,,,0.000677,1.690729,1.421354,mfcc,,,0.125469,segment,0,0.143229,,,0.24941030144691467,1,235.859375,0.17458721101284025,d01j01s000551_10,,
,,,0.000833,1.627656,1.38224,mfcc,,,0.115781,segment,0,0.128802,,,0.24941030144691467,2,235.859375,0.17458721101284025,d01j01s000551_10,,
,,,0.000782,1.662136,1.420104,mfcc,,,0.110625,segment,0,0.130625,,,0.24941030144691467,3,235.859375,0.17458721101284025,d01j01s000551_10,,
,,,0.000834,1.62323,1.383802,mfcc,,,0.11276,segment,0,0.125834,,,0.24941030144691467,4,235.859375,0.17458721101284025,d01j01s000551_10,,
,,,0.000729,1.743594,1.423802,mfcc,,,0.194427,segment,0,0.124636,,,0.24941030144691467,5,235.859375,0.17458721101284025,d01j01s000551_10,,
,,,0.000834,2.081511,1.391042,mfcc,,,0.538437,segment,0,0.151198,,,0.24941030144691467,6,235.859375,0.17458721101284025,d01j01s000551_10,,
,,,0.000729,1.591979,1.356354,mfcc,,,0.118489,segment,0,0.116407,,,0.24941030144691467,7,235.859375,0.17458721101284025,d01j01s000551_10,,
,,,0.000677,1.600052,1.349323,mfcc,,,0.128594,segment,0,0.121458,,,0.24941030144691467,8,235.859375,0.17458721101284025,d01j01s000551_10,,
,,,0.000677,1.568645,1.322031,mfcc,,,0.126562,segment,0,0.119375,,,0.24941030144691467,9,235.859375,0.17458721101284025,d01j01s000551_10,,
,,,0.003282,12.664375,9.495937,mfcc,,,0.826979,segment,0,2.338177,,,0.37191471457481384,0,236.37109375,0.2603403002023697,d02j08s005679_1,,
,,,0.003333,9.45,7.852343,mfcc,,,0.664219,segment,0,0.930105,,,0.37191471457481384,1,236.37109375,0.2603403002023697,d02j08s005679_1,,
,,,0.001198,6.132708,5.282865,mfcc,,,0.169062,segment,0,0.679583,,,0.37191471457481384,2,236.37109375,0.2603403002023697,d02j08s005679_1,,
,,,0.001406,5.753177,5.074427,mfcc,,,0.278438,segment,0,0.398906,,,0.37191471457481384,3,236.37109375,0.2603403002023697,d02j08s005679_1,,
,,,0.000885,6.75026,5.972812,mfcc,,,0.195782,segment,0,0.580781,,,0.37191471457481384,4,236.37109375,0.2603403002023697,d02j08s005679_1,,
,,,0.000833,5.553437,4.970521,mfcc,,,0.164531,segment,0,0.417552,,,0.37191471457481384,5,236.37109375,0.2603403002023697,d02j08s005679_1,,
,,,0.001198,6.011406,5.35849,mfcc,,,0.234635,segment,0,0.417083,,,0.37191471457481384,6,236.37109375,0.2603403002023697,d02j08s005679_1,,
,,,0.000833,5.820625,5.188333,mfcc,,,0.188438,segment,0,0.443021,,,0.37191471457481384,7,236.37109375,0.2603403002023697,d02j08s005679_1,,
,,,0.000833,5.637083,4.953438,mfcc,,,0.248906,segment,0,0.433906,,,0.37191471457481384,8,236.37109375,0.2603403002023697,d02j08s005679_1,,
,,,0.001407,6.211875,5.536145,mfcc,,,0.28,segment,0,0.394323,,,0.37191471457481384,9,236.37109375,0.2603403002023697,d02j08s005679_1,,
,,,0.001303,6.517032,4.980885,mfcc,,,0.592031,segment,0,0.942813,,,0.3776916265487671,0,236.33984375,0.26438413858413695,d02j08s004829_18,,
,,,0.002187,6.152239,5.355104,mfcc,,,0.351042,segment,0,0.443906,,,0.3776916265487671,1,236.33984375,0.26438413858413695,d02j08s004829_18,,
,,,0.000781,5.544114,4.891927,mfcc,,,0.172604,segment,0,0.478802,,,0.3776916265487671,2,236.33984375,0.26438413858413695,d02j08s004829_18,,
,,,0.001042,5.572969,4.694531,mfcc,,,0.501823,segment,0,0.375573,,,0.3776916265487671,3,236.33984375,0.26438413858413695,d02j08s004829_18,,
,,,0.001146,6.007344,5.357656,mfcc,,,0.246511,segment,0,0.402031,,,0.3776916265487671,4,236.33984375,0.26438413858413695,d02j08s004829_18,,
,,,0.000885,5.452031,4.827188,mfcc,,,0.200729,segment,0,0.423229,,,0.3776916265487671,5,236.33984375,0.26438413858413695,d02j08s004829_18,,
,,,0.000782,5.391355,4.660469,mfcc,,,0.368229,segment,0,0.361875,,,0.3776916265487671,6,236.33984375,0.26438413858413695,d02j08s004829_18,,
,,,0.001771,6.487292,5.580209,mfcc,,,0.5025,segment,0,0.402812,,,0.3776916265487671,7,236.33984375,0.26438413858413695,d02j08s004829_18,,
,,,0.000729,5.358125,4.757292,mfcc,,,0.153333,segment,0,0.446771,,,0.3776916265487671,8,236.33984375,0.26438413858413695,d02j08s004829_18,,
,,,0.000989,5.222396,4.680677,mfcc,,,0.183698,segment,0,0.357032,,,0.3776916265487671,9,236.33984375,0.26438413858413695,d02j08s004829_18,,
,,,0.001823,5.061094,3.410521,mfcc,,,0.734739,segment,0,0.914011,,,0.4467429220676422,0,235.859375,0.31272004544734955,d04j18s016060_39,,
,,,0.000886,3.82,3.361927,mfcc,,,0.129687,segment,0,0.3275,,,0.4467429220676422,1,235.859375,0.31272004544734955,d04j18s016060_39,,
,,,0.000885,3.190156,2.815782,mfcc,,,0.191823,segment,0,0.181666,,,0.4467429220676422,2,235.859375,0.31272004544734955,d04j18s016060_39,,
,,,0.000625,3.027396,2.623646,mfcc,,,0.212969,segment,0,0.190156,,,0.4467429220676422,3,235.859375,0.31272004544734955,d04j18s016060_39,,
,,,0.000677,2.914323,2.622813,mfcc,,,0.129271,segment,0,0.161562,,,0.4467429220676422,4,235.859375,0.31272004544734955,d04j18s016060_39,,
,,,0.000834,3.487709,2.640833,mfcc,,,0.68776,segment,0,0.158282,,,0.4467429220676422,5,235.859375,0.31272004544734955,d04j18s016060_39,,
,,,0.000885,3.04375,2.649531,mfcc,,,0.23349,segment,0,0.159844,,,0.4467429220676422,6,235.859375,0.31272004544734955,d04j18s016060_39,,
,,,0.000781,3.105729,2.732709,mfcc,,,0.168177,segment,0,0.204062,,,0.4467429220676422,7,235.859375,0.31272004544734955,d04j18s016060_39,,
,,,0.000886,2.953438,2.619271,mfcc,,,0.166354,segment,0,0.166927,,,0.4467429220676422,8,235.859375,0.31272004544734955,d04j18s016060_39,,
,,,0.000729,2.939895,2.654271,mfcc,,,0.127812,segment,0,0.157083,,,0.4467429220676422,9,235.859375,0.31272004544734955,d04j18s016060_39,,
,,,0.001302,8.565937,7.177657,mfcc,,,0.232343,segment,0,1.154635,,,0.4124312698841095,0,236.4375,0.2887018889188766,d01j01s000122_8,,
,,,0.001198,6.555157,5.653645,mfcc,,,0.439532,segment,0,0.460782,,,0.4124312698841095,1,236.4375,0.2887018889188766,d01j01s000122_8,,
,,,0.001927,7.166302,6.392084,mfcc,,,0.293958,segment,0,0.478333,,,0.4124312698841095,2,236.4375,0.2887018889188766,d01j01s000122_8,,
,,,0.001146,6.497188,5.80875,mfcc,,,0.19526,segment,0,0.492032,,,0.4124312698841095,3,236.4375,0.2887018889188766,d01j01s000122_8,,
,,,0.001041,6.55552,5.773698,mfcc,,,0.354271,segment,0,0.42651,,,0.4124312698841095,4,236.4375,0.2887018889188766,d01j01s000122_8,,
,,,0.000885,7.05224,6.307396,mfcc,,,0.217188,segment,0,0.526771,,,0.4124312698841095,5,236.4375,0.2887018889188766,d01j01s000122_8,,
,,,0.001563,6.865365,5.743541,mfcc,,,0.673802,segment,0,0.446459,,,0.4124312698841095,6,236.4375,0.2887018889188766,d01j01s000122_8,,
,,,0.001771,8.648229,6.529791,mfcc,,,1.612292,segment,0,0.504375,,,0.4124312698841095,7,236.4375,0.2887018889188766,d01j01s000122_8,,
,,,0.001771,6.954635,6.101146,mfcc,,,0.323489,segment,0,0.528229,,,0.4124312698841095,8,236.4375,0.2887018889188766,d01j01s000122_8,,
,,,0.001563,7.25349,6.416928,mfcc,,,0.278489,segment,0,0.55651,,,0.4124312698841095,9,236.4375,0.2887018889188766,d01j01s000122_8,,
,,,0.001719,8.291875,6.99724,mfcc,,,0.282031,segment,0,1.010885,,,0.5502089262008667,0,236.5,0.3851462483406067,d04j18s014894_1,,
,,,0.001302,8.210052,7.334114,mfcc,,,0.225521,segment,0,0.649115,,,0.5502089262008667,1,236.5,0.3851462483406067,d04j18s014894_1,,
,,,0.000886,7.228907,6.27099,mfcc,,,0.443958,segment,0,0.513073,,,0.5502089262008667,2,236.5,0.3851462483406067,d04j18s014894_1,,
,,,0.001302,8.076198,7.276615,mfcc,,,0.273489,segment,0,0.524792,,,0.5502089262008667,3,236.5,0.3851462483406067,d04j18s014894_1,,
,,,0.00151,7.497448,6.4075,mfcc,,,0.553281,segment,0,0.535157,,,0.5502089262008667,4,236.5,0.3851462483406067,d04j18s014894_1,,
,,,0.001563,8.018542,7.185104,mfcc,,,0.254948,segment,0,0.576927,,,0.5502089262008667,5,236.5,0.3851462483406067,d04j18s014894_1,,
,,,0.001197,7.522552,6.341094,mfcc,,,0.657917,segment,0,0.522344,,,0.5502089262008667,6,236.5,0.3851462483406067,d04j18s014894_1,,
,,,0.001667,7.734219,6.942292,mfcc,,,0.245208,segment,0,0.545052,,,0.5502089262008667,7,236.5,0.3851462483406067,d04j18s014894_1,,
,,,0.001042,7.037448,6.332553,mfcc,,,0.165937,segment,0,0.537916,,,0.5502089262008667,8,236.5,0.3851462483406067,d04j18s014894_1,,
,,,0.001407,7.94474,7.127604,mfcc,,,0.352656,segment,0,0.463073,,,0.5502089262008667,9,236.5,0.3851462483406067,d04j18s014894_1,,
,,,0.001198,2.913021,1.749427,mfcc,,,0.312709,segment,1,0.849687,,,0.999985933303833,0,235.859375,0.6999901533126831,vishing_617_133,,
,,,0.00099,2.022969,1.547031,mfcc,,,0.264427,segment,1,0.210521,,,0.999985933303833,1,235.859375,0.6999901533126831,vishing_617_133,,
,,,0.000834,1.785729,1.47474,mfcc,,,0.137135,segment,1,0.17302,,,0.999985933303833,2,235.859375,0.6999901533126831,vishing_617_133,,
,,,0.000937,1.803646,1.466927,mfcc,,,0.171511,segment,1,0.164271,,,0.999985933303833,3,235.859375,0.6999901533126831,vishing_617_133,,
,,,0.001042,1.748437,1.446562,mfcc,,,0.161979,segment,1,0.138854,,,0.999985933303833,4,235.859375,0.6999901533126831,vishing_617_133,,
,,,0.000677,1.699323,1.453178,mfcc,,,0.105833,segment,1,0.139635,,,0.999985933303833,5,235.859375,0.6999901533126831,vishing_617_133,,
,,,0.000729,1.569114,1.311979,mfcc,,,0.144844,segment,1,0.111562,,,0.999985933303833,6,235.859375,0.6999901533126831,vishing_617_133,,
,,,0.000625,1.542812,1.307344,mfcc,,,0.122708,segment,1,0.112135,,,0.999985933303833,7,235.859375,0.6999901533126831,vishing_617_133,,
,,,0.000677,1.802864,1.301614,mfcc,,,0.388698,segment,1,0.111875,,,0.999985933303833,8,235.859375,0.6999901533126831,vishing_617_133,,
,,,0.000729,1.492187,1.288073,mfcc,,,0.090729,segment,1,0.112656,,,0.999985933303833,9,235.859375,0.6999901533126831,vishing_617_133,,
,,,0.003437,4.903437,3.092032,mfcc,,,0.392552,segment,0,1.415416,,,0.29946181178092957,0,235.859375,0.20962326824665067,d04j18s014894_8,,
,,,0.001927,3.766302,3.141458,mfcc,,,0.288958,segment,0,0.333959,,,0.29946181178092957,1,235.859375,0.20962326824665067,d04j18s014894_8,,
,,,0.002239,3.358073,2.527343,mfcc,,,0.524532,segment,0,0.303959,,,0.29946181178092957,2,235.859375,0.20962326824665067,d04j18s014894_8,,
,,,0.002187,3.317187,2.313229,mfcc,,,0.697084,segment,0,0.304687,,,0.29946181178092957,3,235.859375,0.20962326824665067,d04j18s014894_8,,
,,,0.000885,1.929062,1.61625,mfcc,,,0.137448,segment,0,0.174479,,,0.29946181178092957,4,235.859375,0.20962326824665067,d04j18s014894_8,,
,,,0.000781,1.689583,1.405521,mfcc,,,0.150469,segment,0,0.132812,,,0.29946181178092957,5,235.859375,0.20962326824665067,d04j18s014894_8,,
,,,0.000782,1.663959,1.343906,mfcc,,,0.194948,segment,0,0.124323,,,0.29946181178092957,6,235.859375,0.20962326824665067,d04j18s014894_8,,
,,,0.000729,2.286406,1.337552,mfcc,,,0.828385,segment,0,0.11974,,,0.29946181178092957,7,235.859375,0.20962326824665067,d04j18s014894_8,,
,,,0.00099,2.226302,1.31948,mfcc,,,0.784843,segment,0,0.120989,,,0.29946181178092957,8,235.859375,0.20962326824665067,d04j18s014894_8,,
,,,0.001041,1.673958,1.372032,mfcc,,,0.139271,segment,0,0.161614,,,0.29946181178092957,9,235.859375,0.20962326824665067,d04j18s014894_8,,
,,,0.002865,6.041823,4.548489,mfcc,,,0.28224,segment,0,1.208229,,,0.32485339045524597,0,235.859375,0.22739737331867216,d04j18s016060_5,,
,,,0.002552,5.390677,4.585052,mfcc,,,0.292292,segment,0,0.510781,,,0.32485339045524597,1,235.859375,0.22739737331867216,d04j18s016060_5,,
,,,0.002344,7.336667,5.161823,mfcc,,,1.790729,segment,0,0.381771,,,0.32485339045524597,2,235.859375,0.22739737331867216,d04j18s016060_5,,
,,,0.00276,5.060104,2.846562,mfcc,,,1.848646,segment,0,0.362136,,,0.32485339045524597,3,235.859375,0.22739737331867216,d04j18s016060_5,,
,,,0.003021,5.548229,4.281823,mfcc,,,0.884739,segment,0,0.378646,,,0.32485339045524597,4,235.859375,0.22739737331867216,d04j18s016060_5,,
,,,0.002917,5.847969,5.007708,mfcc,,,0.431198,segment,0,0.406146,,,0.32485339045524597,5,235.859375,0.22739737331867216,d04j18s016060_5,,
,,,0.003125,6.206198,4.608854,mfcc,,,1.179791,segment,0,0.414428,,,0.32485339045524597,6,235.859375,0.22739737331867216,d04j18s016060_5,,
,,,0.002604,6.387396,4.318542,mfcc,,,1.631406,segment,0,0.434844,,,0.32485339045524597,7,235.859375,0.22739737331867216,d04j18s016060_5,,
,,,0.001927,4.731875,4.09099,mfcc,,,0.233385,segment,0,0.405573,,,0.32485339045524597,8,235.859375,0.22739737331867216,d04j18s016060_5,,
,,,0.001198,3.563021,2.659375,mfcc,,,0.607136,segment,0,0.295312,,,0.32485339045524597,9,235.859375,0.22739737331867216,d04j18s016060_5,,
,,,0.003021,10.010677,7.426458,mfcc,,,1.003386,segment,1,1.577812,,,0.9999996423721313,0,236.2734375,0.6999997496604919,vishing_523_17,,
,,,0.002709,7.725469,5.998593,mfcc,,,0.886302,segment,1,0.837865,,,0.9999996423721313,1,236.2734375,0.6999997496604919,vishing_523_17,,
,,,0.001406,5.782031,4.505834,mfcc,,,0.727656,segment,1,0.547135,,,0.9999996423721313,2,236.2734375,0.6999997496604919,vishing_523_17,,
,,,0.001094,5.285156,4.640834,mfcc,,,0.217812,segment,1,0.425416,,,0.9999996423721313,3,236.2734375,0.6999997496604919,vishing_523_17,,
,,,0.00125,5.060156,4.432448,mfcc,,,0.244323,segment,1,0.382135,,,0.9999996423721313,4,236.2734375,0.6999997496604919,vishing_523_17,,
,,,0.001146,5.18,4.302448,mfcc,,,0.463489,segment,1,0.412917,,,0.9999996423721313,5,236.2734375,0.6999997496604919,vishing_523_17,,
,,,0.001406,5.426823,4.728438,mfcc,,,0.30026,segment,1,0.396719,,,0.9999996423721313,6,236.2734375,0.6999997496604919,vishing_523_17,,
,,,0.001928,5.839792,4.65125,mfcc,,,0.760156,segment,1,0.426458,,,0.9999996423721313,7,236.2734375,0.6999997496604919,vishing_523_17,,
,,,0.001458,5.741718,4.577031,mfcc,,,0.670417,segment,1,0.492812,,,0.9999996423721313,8,236.2734375,0.6999997496604919,vishing_523_17,,
,,,0.001666,5.342552,4.6775,mfcc,,,0.244479,segment,1,0.418907,,,0.9999996423721313,9,236.2734375,0.6999997496604919,vishing_523_17,,
,,,0.003073,10.097136,6.967709,mfcc,,,1.672135,segment,1,1.454219,,,0.9999982118606567,0,236.4609375,0.6999987483024597,vishing_520_4,,
,,,0.003645,10.772968,7.11052,mfcc,,,2.96448,segment,1,0.694323,,,0.9999982118606567,1,236.4609375,0.6999987483024597,vishing_520_4,,
,,,0.001615,11.588906,7.880261,mfcc,,,0.286458,segment,1,3.420572,,,0.9999982118606567,2,236.4609375,0.6999987483024597,vishing_520_4,,
,,,0.001406,7.57276,6.761041,mfcc,,,0.235573,segment,1,0.57474,,,0.9999982118606567,3,236.4609375,0.6999987483024597,vishing_520_4,,
,,,0.001666,7.307969,6.44375,mfcc,,,0.349167,segment,1,0.513386,,,0.9999982118606567,4,236.4609375,0.6999987483024597,vishing_520_4,,
,,,0.001459,7.504167,6.71724,mfcc,,,0.237343,segment,1,0.548125,,,0.9999982118606567,5,236.4609375,0.6999987483024597,vishing_520_4,,
,,,0.001666,7.137969,6.373698,mfcc,,,0.234792,segment,1,0.527813,,,0.9999982118606567,6,236.4609375,0.6999987483024597,vishing_520_4,,
,,,0.002813,7.927083,6.514739,mfcc,,,0.81125,segment,1,0.598281,,,0.9999982118606567,7,236.4609375,0.6999987483024597,vishing_520_4,,
,,,0.001406,7.587187,6.377552,mfcc,,,0.668073,segment,1,0.540156,,,0.9999982118606567,8,236.4609375,0.6999987483024597,vishing_520_4,,
,,,0.00198,7.77974,6.485833,mfcc,,,0.71401,segment,1,0.577917,,,0.9999982118606567,9,236.4609375,0.6999987483024597,vishing_520_4,,
,,,0.001615,3.376302,1.804114,mfcc,,,0.669323,segment,1,0.90125,,,0.9999994039535522,0,235.86328125,0.6999995827674865,vishing_304_26,,
,,,0.001042,2.924011,1.642292,mfcc,,,1.070104,segment,1,0.210573,,,0.9999994039535522,1,235.86328125,0.6999995827674865,vishing_304_26,,
,,,0.000729,2.549583,1.56026,mfcc,,,0.775313,segment,1,0.213281,,,0.9999994039535522,2,235.86328125,0.6999995827674865,vishing_304_26,,
,,,0.000572,1.99,1.437448,mfcc,,,0.392188,segment,1,0.159792,,,0.9999994039535522,3,235.86328125,0.6999995827674865,vishing_304_26,,
,,,0.000781,2.118802,1.4225,mfcc,,,0.55875,segment,1,0.136771,,,0.9999994039535522,4,235.86328125,0.6999995827674865,vishing_304_26,,
,,,0.001042,2.723646,1.571771,mfcc,,,1.018489,segment,1,0.132344,,,0.9999994039535522,5,235.86328125,0.6999995827674865,vishing_304_26,,
,,,0.001198,2.57099,1.453073,mfcc,,,0.951771,segment,1,0.164948,,,0.9999994039535522,6,235.86328125,0.6999995827674865,vishing_304_26,,
,,,0.001719,3.38901,1.827969,mfcc,,,0.815312,segment,1,0.74401,,,0.9999994039535522,7,235.86328125,0.6999995827674865,vishing_304_26,,
,,,0.00599,14.337657,5.840104,mfcc,,,8.294271,segment,1,0.197292,,,0.9999994039535522,8,235.86328125,0.6999995827674865,vishing_304_26,,
,,,0.003906,4.3,2.803542,mfcc,,,1.080677,segment,1,0.411875,,,0.9999994039535522,9,235.86328125,0.6999995827674865,vishing_304_26,,
,,,0.002656,11.574583,8.951094,mfcc,,,0.972552,segment,0,1.648281,,,0.546089231967926,0,236.328125,0.3822624623775482,d04j18s016060_51,,
,,,0.001875,6.682604,5.67677,mfcc,,,0.33224,segment,0,0.671719,,,0.546089231967926,1,236.328125,0.3822624623775482,d04j18s016060_51,,
,,,0.00125,5.979635,5.151146,mfcc,,,0.274323,segment,0,0.552916,,,0.546089231967926,2,236.328125,0.3822624623775482,d04j18s016060_51,,
,,,0.001979,6.59776,5.21677,mfcc,,,0.927865,segment,0,0.451146,,,0.546089231967926,3,236.328125,0.3822624623775482,d04j18s016060_51,,
,,,0.00151,7.03026,5.305208,mfcc,,,1.2325,segment,0,0.491042,,,0.546089231967926,4,236.328125,0.3822624623775482,d04j18s016060_51,,
,,,0.001771,6.590885,5.364114,mfcc,,,0.737604,segment,0,0.487396,,,0.546089231967926,5,236.328125,0.3822624623775482,d04j18s016060_51,,
,,,0.001615,5.81099,5.099791,mfcc,,,0.251042,segment,0,0.458542,,,0.546089231967926,6,236.328125,0.3822624623775482,d04j18s016060_51,,
,,,0.001198,6.288229,5.168594,mfcc,,,0.670573,segment,0,0.447864,,,0.546089231967926,7,236.328125,0.3822624623775482,d04j18s016060_51,,
,,,0.001406,6.135416,5.178698,mfcc,,,0.432969,segment,0,0.522343,,,0.546089231967926,8,236.328125,0.3822624623775482,d04j18s016060_51,,
,,,0.001822,5.919791,5.159427,mfcc,,,0.321615,segment,0,0.436927,,,0.546089231967926,9,236.328125,0.3822624623775482,d04j18s016060_51,,
,,,0.001771,6.176719,4.582604,mfcc,,,0.358073,segment,1,1.234271,,,0.9999470710754395,0,236.2109375,0.6999629497528076,vishing_432_11,,
,,,0.001042,4.933437,3.991094,mfcc,,,0.319531,segment,1,0.62177,,,0.9999470710754395,1,236.2109375,0.6999629497528076,vishing_432_11,,
,,,0.000989,5.379583,4.018854,mfcc,,,0.916511,segment,1,0.443229,,,0.9999470710754395,2,236.2109375,0.6999629497528076,vishing_432_11,,
,,,0.000833,4.478125,3.87901,mfcc,,,0.206667,segment,1,0.391615,,,0.9999470710754395,3,236.2109375,0.6999629497528076,vishing_432_11,,
,,,0.001146,4.485052,3.847969,mfcc,,,0.293385,segment,1,0.342552,,,0.9999470710754395,4,236.2109375,0.6999629497528076,vishing_432_11,,
,,,0.00125,4.646875,3.963646,mfcc,,,0.334635,segment,1,0.347344,,,0.9999470710754395,5,236.2109375,0.6999629497528076,vishing_432_11,,
,,,0.001354,5.199843,4.072813,mfcc,,,0.747239,segment,1,0.378437,,,0.9999470710754395,6,236.2109375,0.6999629497528076,vishing_432_11,,
,,,0.001875,4.83349,3.820469,mfcc,,,0.65125,segment,1,0.359896,,,0.9999470710754395,7,236.2109375,0.6999629497528076,vishing_432_11,,
,,,0.001198,5.097604,4.098594,mfcc,,,0.626302,segment,1,0.37151,,,0.9999470710754395,8,236.2109375,0.6999629497528076,vishing_432_11,,
,,,0.001198,4.920365,3.913906,mfcc,,,0.637917,segment,1,0.367344,,,0.9999470710754395,9,236.2109375,0.6999629497528076,vishing_432_11,,
,,,0.001406,3.044635,1.928282,mfcc,,,0.208489,segment,1,0.906458,,,1.0,0,235.86328125,0.7,vishing_564_81,,
,,,0.000729,2.098438,1.768021,mfcc,,,0.140625,segment,1,0.189063,,,1.0,1,235.86328125,0.7,vishing_564_81,,
,,,0.000729,2.342448,1.628021,mfcc,,,0.56,segment,1,0.153698,,,1.0,2,235.86328125,0.7,vishing_564_81,,
,,,0.000938,2.158177,1.689427,mfcc,,,0.319375,segment,1,0.148437,,,1.0,3,235.86328125,0.7,vishing_564_81,,
,,,0.000677,2.024635,1.766406,mfcc,,,0.112448,segment,1,0.145104,,,1.0,4,235.86328125,0.7,vishing_564_81,,
,,,0.000677,1.887552,1.64599,mfcc,,,0.099948,segment,1,0.140937,,,1.0,5,235.86328125,0.7,vishing_564_81,,
,,,0.000678,2.101771,1.651459,mfcc,,,0.327968,segment,1,0.121666,,,1.0,6,235.86328125,0.7,vishing_564_81,,
,,,0.000729,1.885417,1.634011,mfcc,,,0.116875,segment,1,0.133802,,,1.0,7,235.86328125,0.7,vishing_564_81,,
,,,0.00073,1.968282,1.722917,mfcc,,,0.115468,segment,1,0.129167,,,1.0,8,235.86328125,0.7,vishing_564_81,,
,,,0.000781,1.89526,1.65724,mfcc,,,0.101354,segment,1,0.135885,,,1.0,9,235.86328125,0.7,vishing_564_81,,
,,,0.001875,6.765417,5.341667,mfcc,,,0.328698,segment,1,1.093177,,,0.9965466856956482,0,236.23046875,0.6975826799869537,vishing_368_82,,
,,,0.001198,5.523386,4.581354,mfcc,,,0.405313,segment,1,0.535521,,,0.9965466856956482,1,236.23046875,0.6975826799869537,vishing_368_82,,
,,,0.001406,5.415885,4.444011,mfcc,,,0.565104,segment,1,0.405364,,,0.9965466856956482,2,236.23046875,0.6975826799869537,vishing_368_82,,
,,,0.001198,5.452864,4.752917,mfcc,,,0.280937,segment,1,0.417812,,,0.9965466856956482,3,236.23046875,0.6975826799869537,vishing_368_82,,
,,,0.001302,4.820885,4.149687,mfcc,,,0.259792,segment,1,0.410104,,,0.9965466856956482,4,236.23046875,0.6975826799869537,vishing_368_82,,
,,,0.001042,4.708073,4.130052,mfcc,,,0.200677,segment,1,0.376302,,,0.9965466856956482,5,236.23046875,0.6975826799869537,vishing_368_82,,
,,,0.000938,4.559063,3.989896,mfcc,,,0.216145,segment,1,0.352084,,,0.9965466856956482,6,236.23046875,0.6975826799869537,vishing_368_82,,
,,,0.000677,4.55401,3.990573,mfcc,,,0.195104,segment,1,0.367656,,,0.9965466856956482,7,236.23046875,0.6975826799869537,vishing_368_82,,
,,,0.001094,4.57875,4.005729,mfcc,,,0.221875,segment,1,0.350052,,,0.9965466856956482,8,236.23046875,0.6975826799869537,vishing_368_82,,
,,,0.001406,4.923698,3.749427,mfcc,,,0.641562,segment,1,0.531303,,,0.9965466856956482,9,236.23046875,0.6975826799869537,vishing_368_82,,
,,,0.001719,8.706146,7.068802,mfcc,,,0.476614,segment,0,1.159011,,,0.5757567882537842,0,236.41796875,0.4030297517776489,d02j05s005801_28,,
,,,0.001458,7.282188,6.421094,mfcc,,,0.260521,segment,0,0.599115,,,0.5757567882537842,1,236.41796875,0.4030297517776489,d02j05s005801_28,,
,,,0.001719,7.112135,6.09151,mfcc,,,0.247448,segment,0,0.771458,,,0.5757567882537842,2,236.41796875,0.4030297517776489,d02j05s005801_28,,
,,,0.00198,7.034115,6.168125,mfcc,,,0.312291,segment,0,0.551719,,,0.5757567882537842,3,236.41796875,0.4030297517776489,d02j05s005801_28,,
,,,0.001145,7.262135,6.294948,mfcc,,,0.456823,segment,0,0.509219,,,0.5757567882537842,4,236.41796875,0.4030297517776489,d02j05s005801_28,,
,,,0.001719,7.273959,6.440156,mfcc,,,0.270417,segment,0,0.561667,,,0.5757567882537842,5,236.41796875,0.4030297517776489,d02j05s005801_28,,
,,,0.001615,7.723907,6.916563,mfcc,,,0.257604,segment,0,0.548125,,,0.5757567882537842,6,236.41796875,0.4030297517776489,d02j05s005801_28,,
,,,0.001614,7.561718,6.446979,mfcc,,,0.442084,segment,0,0.671041,,,0.5757567882537842,7,236.41796875,0.4030297517776489,d02j05s005801_28,,
,,,0.001666,8.11625,6.916875,mfcc,,,0.712657,segment,0,0.485052,,,0.5757567882537842,8,236.41796875,0.4030297517776489,d02j05s005801_28,,
,,,0.001666,7.976562,6.430469,mfcc,,,1.013177,segment,0,0.53125,,,0.5757567882537842,9,236.41796875,0.4030297517776489,d02j05s005801_28,,
,,,0.0025,15.147813,12.574896,mfcc,,,0.742761,segment,0,1.827656,,,0.8219929933547974,0,236.4921875,0.5753950953483581,d02j12s000857_2,,
,,,0.002708,13.120573,11.796823,mfcc,,,0.412604,segment,0,0.908438,,,0.8219929933547974,1,236.4921875,0.5753950953483581,d02j12s000857_2,,
,,,0.002135,14.768073,11.707448,mfcc,,,0.953906,segment,0,2.104584,,,0.8219929933547974,2,236.4921875,0.5753950953483581,d02j12s000857_2,,
,,,0.001562,8.954322,8.008333,mfcc,,,0.244115,segment,0,0.700312,,,0.8219929933547974,3,236.4921875,0.5753950953483581,d02j12s000857_2,,
,,,0.00151,8.454635,7.572031,mfcc,,,0.255417,segment,0,0.625677,,,0.8219929933547974,4,236.4921875,0.5753950953483581,d02j12s000857_2,,
,,,0.001875,9.116511,8.193021,mfcc,,,0.310886,segment,0,0.610729,,,0.8219929933547974,5,236.4921875,0.5753950953483581,d02j12s000857_2,,
,,,0.001458,8.348333,7.447761,mfcc,,,0.267239,segment,0,0.631875,,,0.8219929933547974,6,236.4921875,0.5753950953483581,d02j12s000857_2,,
,,,0.00151,8.06875,7.200625,mfcc,,,0.277292,segment,0,0.589323,,,0.8219929933547974,7,236.4921875,0.5753950953483581,d02j12s000857_2,,
,,,0.001459,8.176302,7.32474,mfcc,,,0.244062,segment,0,0.606041,,,0.8219929933547974,8,236.4921875,0.5753950953483581,d02j12s000857_2,,
,,,0.00125,8.158438,7.322343,mfcc,,,0.251511,segment,0,0.583334,,,0.8219929933547974,9,236.4921875,0.5753950953483581,d02j12s000857_2,,
,,,0.001041,3.202448,2.155573,mfcc,,,0.257136,segment,0,0.788698,,,0.28927093744277954,0,235.86328125,0.20248965620994566,d04j18s012642_7,,
,,,0.000729,2.80401,2.041406,mfcc,,,0.571875,segment,0,0.19,,,0.28927093744277954,1,235.86328125,0.20248965620994566,d04j18s012642_7,,
,,,0.000782,2.571302,1.834688,mfcc,,,0.563489,segment,0,0.172343,,,0.28927093744277954,2,235.86328125,0.20248965620994566,d04j18s012642_7,,
,,,0.000938,2.181823,1.809271,mfcc,,,0.216302,segment,0,0.155312,,,0.28927093744277954,3,235.86328125,0.20248965620994566,d04j18s012642_7,,
,,,0.000833,3.164167,1.826823,mfcc,,,1.166875,segment,0,0.169636,,,0.28927093744277954,4,235.86328125,0.20248965620994566,d04j18s012642_7,,
,,,0.000729,2.010156,1.751927,mfcc,,,0.116667,segment,0,0.140833,,,0.28927093744277954,5,235.86328125,0.20248965620994566,d04j18s012642_7,,
,,,0.000729,2.010312,1.730781,mfcc,,,0.143646,segment,0,0.135156,,,0.28927093744277954,6,235.86328125,0.20248965620994566,d04j18s012642_7,,
,,,0.000677,2.151875,1.857916,mfcc,,,0.137813,segment,0,0.155469,,,0.28927093744277954,7,235.86328125,0.20248965620994566,d04j18s012642_7,,
,,,0.000729,2.322812,1.749532,mfcc,,,0.438333,segment,0,0.134218,,,0.28927093744277954,8,235.86328125,0.20248965620994566,d04j18s012642_7,,
,,,0.000782,2.54474,1.751979,mfcc,,,0.661354,segment,0,0.130625,,,0.28927093744277954,9,235.86328125,0.20248965620994566,d04j18s012642_7,,
,,,0.001979,9.611563,7.232761,mfcc,,,0.35125,segment,1,2.025573,,,0.9999940395355225,0,236.42578125,0.6999958276748657,vishing_575_24,,
,,,0.001667,7.436667,6.492187,mfcc,,,0.384063,segment,1,0.55875,,,0.9999940395355225,1,236.42578125,0.6999958276748657,vishing_575_24,,
,,,0.001511,7.631302,6.265729,mfcc,,,0.807604,segment,1,0.556458,,,0.9999940395355225,2,236.42578125,0.6999958276748657,vishing_575_24,,
,,,0.00198,7.471459,6.250208,mfcc,,,0.694635,segment,1,0.524636,,,0.9999940395355225,3,236.42578125,0.6999958276748657,vishing_575_24,,
,,,0.001354,7.165156,6.379896,mfcc,,,0.254636,segment,1,0.52927,,,0.9999940395355225,4,236.42578125,0.6999958276748657,vishing_575_24,,
,,,0.001719,7.393281,6.463542,mfcc,,,0.386041,segment,1,0.541979,,,0.9999940395355225,5,236.42578125,0.6999958276748657,vishing_575_24,,
,,,0.001354,6.960208,6.18052,mfcc,,,0.254792,segment,1,0.523542,,,0.9999940395355225,6,236.42578125,0.6999958276748657,vishing_575_24,,
,,,0.001406,7.011042,6.285104,mfcc,,,0.241771,segment,1,0.482761,,,0.9999940395355225,7,236.42578125,0.6999958276748657,vishing_575_24,,
,,,0.002552,7.179531,6.274062,mfcc,,,0.416823,segment,1,0.486094,,,0.9999940395355225,8,236.42578125,0.6999958276748657,vishing_575_24,,
,,,0.00151,7.279895,6.475938,mfcc,,,0.301406,segment,1,0.501041,,,0.9999940395355225,9,236.42578125,0.6999958276748657,vishing_575_24,,
,,,0.001302,4.176458,2.896198,mfcc,,,0.422916,segment,1,0.856042,,,0.9999817609786987,0,235.86328125,0.6999872326850891,vishing_523_1,,
,,,0.001146,3.729063,2.775052,mfcc,,,0.690313,segment,1,0.262552,,,0.9999817609786987,1,235.86328125,0.6999872326850891,vishing_523_1,,
,,,0.001146,3.563646,2.751771,mfcc,,,0.45776,segment,1,0.352969,,,0.9999817609786987,2,235.86328125,0.6999872326850891,vishing_523_1,,
,,,0.001198,3.973229,2.592135,mfcc,,,1.169792,segment,1,0.210104,,,0.9999817609786987,3,235.86328125,0.6999872326850891,vishing_523_1,,
,,,0.001042,3.606302,2.532917,mfcc,,,0.763021,segment,1,0.309322,,,0.9999817609786987,4,235.86328125,0.6999872326850891,vishing_523_1,,
,,,0.001563,3.654531,2.783646,mfcc,,,0.651614,segment,1,0.217708,,,0.9999817609786987,5,235.86328125,0.6999872326850891,vishing_523_1,,
,,,0.001198,4.522656,2.592448,mfcc,,,1.645364,segment,1,0.283646,,,0.9999817609786987,6,235.86328125,0.6999872326850891,vishing_523_1,,
,,,0.00125,2.985781,2.586823,mfcc,,,0.168437,segment,1,0.229271,,,0.9999817609786987,7,235.86328125,0.6999872326850891,vishing_523_1,,
,,,0.000677,2.863854,2.536667,mfcc,,,0.114531,segment,1,0.211979,,,0.9999817609786987,8,235.86328125,0.6999872326850891,vishing_523_1,,
,,,0.000834,2.839688,2.527761,mfcc,,,0.14276,segment,1,0.168333,,,0.9999817609786987,9,235.86328125,0.6999872326850891,vishing_523_1,,
,,,0.002083,6.518125,5.352709,mfcc,,,0.312083,segment,0,0.85125,,,0.5235471725463867,0,236.33203125,0.3664830207824707,d04j18s016060_28,,
,,,0.001302,6.571406,5.441302,mfcc,,,0.58651,segment,0,0.542292,,,0.5235471725463867,1,236.33203125,0.3664830207824707,d04j18s016060_28,,
,,,0.00125,5.798906,5.121563,mfcc,,,0.247552,segment,0,0.428541,,,0.5235471725463867,2,236.33203125,0.3664830207824707,d04j18s016060_28,,
,,,0.001354,5.70849,5.052343,mfcc,,,0.234688,segment,0,0.420105,,,0.5235471725463867,3,236.33203125,0.3664830207824707,d04j18s016060_28,,
,,,0.0025,5.706406,4.991563,mfcc,,,0.265156,segment,0,0.447187,,,0.5235471725463867,4,236.33203125,0.3664830207824707,d04j18s016060_28,,
,,,0.000989,5.953021,4.878437,mfcc,,,0.632084,segment,0,0.441511,,,0.5235471725463867,5,236.33203125,0.3664830207824707,d04j18s016060_28,,
,,,0.001302,5.557552,4.935729,mfcc,,,0.211563,segment,0,0.408958,,,0.5235471725463867,6,236.33203125,0.3664830207824707,d04j18s016060_28,,
,,,0.001406,5.647395,4.80224,mfcc,,,0.308385,segment,0,0.535364,,,0.5235471725463867,7,236.33203125,0.3664830207824707,d04j18s016060_28,,
,,,0.001198,6.178855,5.162448,mfcc,,,0.573698,segment,0,0.441511,,,0.5235471725463867,8,236.33203125,0.3664830207824707,d04j18s016060_28,,
,,,0.001927,6.561354,5.57276,mfcc,,,0.484792,segment,0,0.501875,,,0.5235471725463867,9,236.33203125,0.3664830207824707,d04j18s016060_28,,
,,,0.001146,2.773177,1.389791,mfcc,,,0.547292,segment,1,0.834948,,,0.9999986886978149,0,235.86328125,0.6999990820884704,vishing_575_0,,
,,,0.000781,1.597552,1.142552,mfcc,,,0.298229,segment,1,0.15599,,,0.9999986886978149,1,235.88671875,0.6999990820884704,vishing_575_0,,
,,,0.000782,1.660261,1.090052,mfcc,,,0.443906,segment,1,0.125521,,,0.9999986886978149,2,235.88671875,0.6999990820884704,vishing_575_0,,
,,,0.000885,1.456927,1.125364,mfcc,,,0.204636,segment,1,0.126042,,,0.9999986886978149,3,235.88671875,0.6999990820884704,vishing_575_0,,
,,,0.000834,1.294219,1.05948,mfcc,,,0.11927,segment,1,0.114635,,,0.9999986886978149,4,235.88671875,0.6999990820884704,vishing_575_0,,
,,,0.000729,1.561823,1.098542,mfcc,,,0.356354,segment,1,0.106198,,,0.9999986886978149,5,235.88671875,0.6999990820884704,vishing_575_0,,
,,,0.000677,1.266354,1.056041,mfcc,,,0.098282,segment,1,0.111354,,,0.9999986886978149,6,235.88671875,0.6999990820884704,vishing_575_0,,
,,,0.000781,1.288698,1.037708,mfcc,,,0.14375,segment,1,0.106459,,,0.9999986886978149,7,235.88671875,0.6999990820884704,vishing_575_0,,
,,,0.000729,1.292709,1.046615,mfcc,,,0.131719,segment,1,0.113646,,,0.9999986886978149,8,235.88671875,0.6999990820884704,vishing_575_0,,
,,,0.000729,1.401927,1.085625,mfcc,,,0.205416,segment,1,0.110157,,,0.9999986886978149,9,235.88671875,0.6999990820884704,vishing_575_0,,
,,,0.00099,3.657865,2.816771,mfcc,,,0.158385,segment,1,0.681719,,,0.999988317489624,0,235.88671875,0.6999918222427368,vishing_304_322,,
,,,0.000989,2.943333,2.574427,mfcc,,,0.159896,segment,1,0.208021,,,0.999988317489624,1,235.88671875,0.6999918222427368,vishing_304_322,,
,,,0.000833,2.912917,2.571094,mfcc,,,0.171927,segment,1,0.169063,,,0.999988317489624,2,235.88671875,0.6999918222427368,vishing_304_322,,
,,,0.000833,3.137969,2.773593,mfcc,,,0.112032,segment,1,0.251511,,,0.999988317489624,3,235.88671875,0.6999918222427368,vishing_304_322,,
,,,0.000938,3.176094,2.568438,mfcc,,,0.444062,segment,1,0.162656,,,0.999988317489624,4,235.88671875,0.6999918222427368,vishing_304_322,,
,,,0.001146,2.968386,2.628906,mfcc,,,0.172136,segment,1,0.166198,,,0.999988317489624,5,235.88671875,0.6999918222427368,vishing_304_322,,
,,,0.000677,2.981875,2.647188,mfcc,,,0.108125,segment,1,0.225885,,,0.999988317489624,6,235.88671875,0.6999918222427368,vishing_304_322,,
,,,0.000833,2.829791,2.519531,mfcc,,,0.151563,segment,1,0.157864,,,0.999988317489624,7,235.88671875,0.6999918222427368,vishing_304_322,,
,,,0.001094,3.058854,2.731094,mfcc,,,0.157239,segment,1,0.169427,,,0.999988317489624,8,235.88671875,0.6999918222427368,vishing_304_322,,
,,,0.000573,3.065834,2.59099,mfcc,,,0.263229,segment,1,0.211042,,,0.999988317489624,9,235.88671875,0.6999918222427368,vishing_304_322,,
,,,0.001354,3.054427,2.180677,mfcc,,,0.254792,segment,1,0.617604,,,0.9979293346405029,0,235.88671875,0.698550534248352,vishing_327_8,,
,,,0.001094,2.497709,2.085521,mfcc,,,0.203177,segment,1,0.207917,,,0.9979293346405029,1,235.88671875,0.698550534248352,vishing_327_8,,
,,,0.000729,2.434115,1.991458,mfcc,,,0.269011,segment,1,0.172917,,,0.9979293346405029,2,235.88671875,0.698550534248352,vishing_327_8,,
,,,0.000834,2.144584,1.858906,mfcc,,,0.138281,segment,1,0.146563,,,0.9979293346405029,3,235.88671875,0.698550534248352,vishing_327_8,,
,,,0.000729,2.217604,1.93276,mfcc,,,0.134167,segment,1,0.149948,,,0.9979293346405029,4,235.88671875,0.698550534248352,vishing_327_8,,
,,,0.000885,2.15651,1.829947,mfcc,,,0.170053,segment,1,0.155625,,,0.9979293346405029,5,235.88671875,0.698550534248352,vishing_327_8,,
,,,0.000729,2.532396,1.795104,mfcc,,,0.602344,segment,1,0.134219,,,0.9979293346405029,6,235.88671875,0.698550534248352,vishing_327_8,,
,,,0.000885,2.026875,1.758958,mfcc,,,0.136615,segment,1,0.130417,,,0.9979293346405029,7,235.88671875,0.698550534248352,vishing_327_8,,
,,,0.000782,2.149375,1.838177,mfcc,,,0.17651,segment,1,0.133906,,,0.9979293346405029,8,235.88671875,0.698550534248352,vishing_327_8,,
,,,0.000834,2.120209,1.839583,mfcc,,,0.145052,segment,1,0.13474,,,0.9979293346405029,9,235.88671875,0.698550534248352,vishing_327_8,,
,,,0.001511,10.914167,8.142083,mfcc,,,0.75901,segment,0,2.011563,,,0.4105495512485504,0,236.31640625,0.28738468587398525,d01j020s006622_1,,
,,,0.001042,5.990417,5.201354,mfcc,,,0.228906,segment,0,0.559115,,,0.4105495512485504,1,236.31640625,0.28738468587398525,d01j020s006622_1,,
,,,0.00125,5.289948,4.627031,mfcc,,,0.232969,segment,0,0.428698,,,0.4105495512485504,2,236.31640625,0.28738468587398525,d01j020s006622_1,,
,,,0.000937,5.179114,4.486666,mfcc,,,0.288334,segment,0,0.403177,,,0.4105495512485504,3,236.31640625,0.28738468587398525,d01j020s006622_1,,
,,,0.001198,5.716771,4.838281,mfcc,,,0.487344,segment,0,0.389948,,,0.4105495512485504,4,236.31640625,0.28738468587398525,d01j020s006622_1,,
,,,0.00125,5.289271,4.659948,mfcc,,,0.218906,segment,0,0.409167,,,0.4105495512485504,5,236.31640625,0.28738468587398525,d01j020s006622_1,,
,,,0.001198,5.195573,4.411927,mfcc,,,0.347032,segment,0,0.435416,,,0.4105495512485504,6,236.31640625,0.28738468587398525,d01j020s006622_1,,
,,,0.001302,5.305156,4.691302,mfcc,,,0.217864,segment,0,0.394688,,,0.4105495512485504,7,236.31640625,0.28738468587398525,d01j020s006622_1,,
,,,0.001302,5.172708,4.539843,mfcc,,,0.233542,segment,0,0.398021,,,0.4105495512485504,8,236.31640625,0.28738468587398525,d01j020s006622_1,,
,,,0.001146,5.640729,4.616875,mfcc,,,0.599479,segment,0,0.423229,,,0.4105495512485504,9,236.31640625,0.28738468587398525,d01j020s006622_1,,
,,,0.001563,7.31,5.787969,mfcc,,,0.323021,segment,1,1.197447,,,0.9997355341911316,0,236.3984375,0.699814873933792,vishing_368_109,,
,,,0.00151,6.784114,5.862969,mfcc,,,0.280104,segment,1,0.639531,,,0.9997355341911316,1,236.3984375,0.699814873933792,vishing_368_109,,
,,,0.001406,6.32026,5.596927,mfcc,,,0.256719,segment,1,0.465208,,,0.9997355341911316,2,236.3984375,0.699814873933792,vishing_368_109,,
,,,0.001198,6.370313,5.558541,mfcc,,,0.291459,segment,1,0.519115,,,0.9997355341911316,3,236.3984375,0.699814873933792,vishing_368_109,,
,,,0.001667,6.21125,5.496094,mfcc,,,0.267656,segment,1,0.445833,,,0.9997355341911316,4,236.3984375,0.699814873933792,vishing_368_109,,
,,,0.001146,6.590313,5.592604,mfcc,,,0.516823,segment,1,0.47974,,,0.9997355341911316,5,236.3984375,0.699814873933792,vishing_368_109,,
,,,0.001198,6.528594,5.674114,mfcc,,,0.286667,segment,1,0.566615,,,0.9997355341911316,6,236.3984375,0.699814873933792,vishing_368_109,,
,,,0.002031,6.452136,5.672447,mfcc,,,0.32698,segment,1,0.450678,,,0.9997355341911316,7,236.3984375,0.699814873933792,vishing_368_109,,
,,,0.001614,6.272344,5.48125,mfcc,,,0.310469,segment,1,0.479011,,,0.9997355341911316,8,236.3984375,0.699814873933792,vishing_368_109,,
,,,0.001979,6.374583,5.571771,mfcc,,,0.325729,segment,1,0.475104,,,0.9997355341911316,9,236.3984375,0.699814873933792,vishing_368_109,,
,,,0.001562,9.423333,7.73,mfcc,,,0.421042,segment,1,1.270729,,,0.9995099306106567,0,236.50390625,0.6996569514274597,vishing_597_21,,
,,,0.001302,8.041354,7.110417,mfcc,,,0.278437,segment,1,0.651198,,,0.9995099306106567,1,236.50390625,0.6996569514274597,vishing_597_21,,
,,,0.001563,7.84974,6.837135,mfcc,,,0.378854,segment,1,0.632188,,,0.9995099306106567,2,236.50390625,0.6996569514274597,vishing_597_21,,
,,,0.001563,8.126771,6.961511,mfcc,,,0.556406,segment,1,0.607291,,,0.9995099306106567,3,236.50390625,0.6996569514274597,vishing_597_21,,
,,,0.001615,7.819219,6.943177,mfcc,,,0.292187,segment,1,0.58224,,,0.9995099306106567,4,236.50390625,0.6996569514274597,vishing_597_21,,
,,,0.001927,8.249896,6.898073,mfcc,,,0.82349,segment,1,0.526406,,,0.9995099306106567,5,236.50390625,0.6996569514274597,vishing_597_21,,
,,,0.002656,7.777448,6.753906,mfcc,,,0.446303,segment,1,0.574583,,,0.9995099306106567,6,236.50390625,0.6996569514274597,vishing_597_21,,
,,,0.00151,7.58724,6.737865,mfcc,,,0.296667,segment,1,0.551198,,,0.9995099306106567,7,236.50390625,0.6996569514274597,vishing_597_21,,
,,,0.001354,7.875469,6.906771,mfcc,,,0.420417,segment,1,0.546927,,,0.9995099306106567,8,236.50390625,0.6996569514274597,vishing_597_21,,
,,,0.001875,8.210052,6.913385,mfcc,,,0.730313,segment,1,0.564479,,,0.9995099306106567,9,236.50390625,0.6996569514274597,vishing_597_21,,
,,,0.001979,7.379271,5.854895,mfcc,,,0.344219,segment,0,1.178178,,,0.29286816716194153,0,236.359375,0.20500771701335907,d02j08s004829_9,,
,,,0.001094,6.195833,5.300781,mfcc,,,0.299844,segment,0,0.594114,,,0.29286816716194153,1,236.359375,0.20500771701335907,d02j08s004829_9,,
,,,0.001198,6.731042,5.274427,mfcc,,,0.915365,segment,0,0.540052,,,0.29286816716194153,2,236.359375,0.20500771701335907,d02j08s004829_9,,
,,,0.001302,6.254896,5.238021,mfcc,,,0.558229,segment,0,0.457344,,,0.29286816716194153,3,236.359375,0.20500771701335907,d02j08s004829_9,,
,,,0.00125,5.889271,5.20599,mfcc,,,0.224167,segment,0,0.457864,,,0.29286816716194153,4,236.359375,0.20500771701335907,d02j08s004829_9,,
,,,0.001302,5.712083,5.011458,mfcc,,,0.235573,segment,0,0.46375,,,0.29286816716194153,5,236.359375,0.20500771701335907,d02j08s004829_9,,
,,,0.00125,6.024323,4.949896,mfcc,,,0.65375,segment,0,0.419427,,,0.29286816716194153,6,236.359375,0.20500771701335907,d02j08s004829_9,,
,,,0.001458,5.776771,5.091719,mfcc,,,0.266667,segment,0,0.416927,,,0.29286816716194153,7,236.359375,0.20500771701335907,d02j08s004829_9,,
,,,0.001354,5.858386,5.199115,mfcc,,,0.217552,segment,0,0.440365,,,0.29286816716194153,8,236.359375,0.20500771701335907,d02j08s004829_9,,
,,,0.001771,6.093177,4.974011,mfcc,,,0.692135,segment,0,0.42526,,,0.29286816716194153,9,236.359375,0.20500771701335907,d02j08s004829_9,,
,,,0.000886,2.27849,1.403594,mfcc,,,0.197916,segment,0,0.676094,,,0.29423582553863525,0,235.88671875,0.20596507787704466,d01j020s006667_29,,
,,,0.000678,1.593438,1.17776,mfcc,,,0.270677,segment,0,0.144323,,,0.29423582553863525,1,236.01171875,0.20596507787704466,d01j020s006667_29,,
,,,0.000781,2.515937,1.236354,mfcc,,,1.162812,segment,0,0.11599,,,0.29423582553863525,2,236.01171875,0.20596507787704466,d01j020s006667_29,,
,,,0.000677,1.409375,1.161197,mfcc,,,0.124896,segment,0,0.122605,,,0.29423582553863525,3,236.01171875,0.20596507787704466,d01j020s006667_29,,
,,,0.002709,2.144531,1.134271,mfcc,,,0.892291,segment,0,0.11526,,,0.29423582553863525,4,236.01171875,0.20596507787704466,d01j020s006667_29,,
,,,0.000677,2.457916,1.640052,mfcc,,,0.536823,segment,0,0.280364,,,0.29423582553863525,5,236.01171875,0.20596507787704466,d01j020s006667_29,,
,,,0.000781,1.917188,1.161197,mfcc,,,0.633178,segment,0,0.122032,,,0.29423582553863525,6,236.01171875,0.20596507787704466,d01j020s006667_29,,
,,,0.000729,1.431875,1.175364,mfcc,,,0.136615,segment,0,0.119167,,,0.29423582553863525,7,236.01171875,0.20596507787704466,d01j020s006667_29,,
,,,0.000729,1.365833,1.136719,mfcc,,,0.105729,segment,0,0.122656,,,0.29423582553863525,8,236.01171875,0.20596507787704466,d01j020s006667_29,,
,,,0.000677,1.336719,1.127813,mfcc,,,0.098177,segment,0,0.110052,,,0.29423582553863525,9,236.01171875,0.20596507787704466,d01j020s006667_29,,
,,,0.003438,11.46125,8.424584,mfcc,,,1.311458,segment,1,1.72177,,,0.9999877214431763,0,236.23828125,0.6999914050102234,vishing_523_77,,
,,,0.002292,8.611302,7.343333,mfcc,,,0.42,segment,1,0.845677,,,0.9999877214431763,1,236.36328125,0.6999914050102234,vishing_523_77,,
,,,0.00151,6.578593,5.4525,mfcc,,,0.545469,segment,1,0.579114,,,0.9999877214431763,2,236.36328125,0.6999914050102234,vishing_523_77,,
,,,0.003958,5.986146,5.148541,mfcc,,,0.345886,segment,1,0.487761,,,0.9999877214431763,3,236.36328125,0.6999914050102234,vishing_523_77,,
,,,0.001771,6.088177,5.321875,mfcc,,,0.270885,segment,1,0.493646,,,0.9999877214431763,4,236.36328125,0.6999914050102234,vishing_523_77,,
,,,0.001094,5.472813,4.806198,mfcc,,,0.237188,segment,1,0.428333,,,0.9999877214431763,5,236.36328125,0.6999914050102234,vishing_523_77,,
,,,0.001302,6.369688,5.094687,mfcc,,,0.791094,segment,1,0.482605,,,0.9999877214431763,6,236.36328125,0.6999914050102234,vishing_523_77,,
,,,0.001563,5.823958,5.147239,mfcc,,,0.240729,segment,1,0.434427,,,0.9999877214431763,7,236.36328125,0.6999914050102234,vishing_523_77,,
,,,0.001562,6.213125,4.983386,mfcc,,,0.676823,segment,1,0.551354,,,0.9999877214431763,8,236.36328125,0.6999914050102234,vishing_523_77,,
,,,0.001354,5.822917,5.056615,mfcc,,,0.335729,segment,1,0.429219,,,0.9999877214431763,9,236.36328125,0.6999914050102234,vishing_523_77,,
,,,0.001146,3.194844,2.128438,mfcc,,,0.195364,segment,0,0.869896,,,0.3288666903972626,0,235.890625,0.23020668327808377,d01j01s000551_9,,
,,,0.000729,2.240625,1.81526,mfcc,,,0.198542,segment,0,0.226094,,,0.3288666903972626,1,235.890625,0.23020668327808377,d01j01s000551_9,,
,,,0.000937,2.079479,1.783281,mfcc,,,0.142292,segment,0,0.152969,,,0.3288666903972626,2,235.890625,0.23020668327808377,d01j01s000551_9,,
,,,0.000833,2.168333,1.866667,mfcc,,,0.114844,segment,0,0.185989,,,0.3288666903972626,3,235.890625,0.23020668327808377,d01j01s000551_9,,
,,,0.000677,2.083229,1.837395,mfcc,,,0.102188,segment,0,0.142969,,,0.3288666903972626,4,235.890625,0.23020668327808377,d01j01s000551_9,,
,,,0.000833,2.167968,1.752604,mfcc,,,0.285,segment,0,0.129531,,,0.3288666903972626,5,235.890625,0.23020668327808377,d01j01s000551_9,,
,,,0.001042,2.163698,1.878021,mfcc,,,0.15,segment,0,0.134635,,,0.3288666903972626,6,235.890625,0.23020668327808377,d01j01s000551_9,,
,,,0.000677,2.048177,1.783958,mfcc,,,0.103021,segment,0,0.160521,,,0.3288666903972626,7,235.890625,0.23020668327808377,d01j01s000551_9,,
,,,0.000729,2.012292,1.782864,mfcc,,,0.098438,segment,0,0.130261,,,0.3288666903972626,8,235.890625,0.23020668327808377,d01j01s000551_9,,
,,,0.000886,2.643125,1.748958,mfcc,,,0.762187,segment,0,0.131094,,,0.3288666903972626,9,235.890625,0.23020668327808377,d01j01s000551_9,,
,,,0.001667,5.931719,4.457865,mfcc,,,0.493333,segment,0,0.978854,,,0.3378083407878876,0,236.26171875,0.23646583855152128,d02j08s000640_2,,
,,,0.00099,4.84125,4.104062,mfcc,,,0.295052,segment,0,0.441146,,,0.3378083407878876,1,236.26171875,0.23646583855152128,d02j08s000640_2,,
,,,0.001094,4.654375,4.090573,mfcc,,,0.206666,segment,0,0.356042,,,0.3378083407878876,2,236.26171875,0.23646583855152128,d02j08s000640_2,,
,,,0.001198,4.502656,3.860208,mfcc,,,0.255625,segment,0,0.385625,,,0.3378083407878876,3,236.26171875,0.23646583855152128,d02j08s000640_2,,
,,,0.00099,4.564271,4.029323,mfcc,,,0.173333,segment,0,0.360625,,,0.3378083407878876,4,236.26171875,0.23646583855152128,d02j08s000640_2,,
,,,0.001355,4.460105,3.836615,mfcc,,,0.238697,segment,0,0.383438,,,0.3378083407878876,5,236.26171875,0.23646583855152128,d02j08s000640_2,,
,,,0.000989,4.539375,3.970833,mfcc,,,0.15099,segment,0,0.416563,,,0.3378083407878876,6,236.26171875,0.23646583855152128,d02j08s000640_2,,
,,,0.001198,4.968698,4.039896,mfcc,,,0.598437,segment,0,0.329167,,,0.3378083407878876,7,236.26171875,0.23646583855152128,d02j08s000640_2,,
,,,0.00151,6.259063,5.033073,mfcc,,,0.692709,segment,0,0.531771,,,0.3378083407878876,8,236.26171875,0.23646583855152128,d02j08s000640_2,,
,,,0.001614,5.215573,4.563385,mfcc,,,0.252917,segment,0,0.397657,,,0.3378083407878876,9,236.26171875,0.23646583855152128,d02j08s000640_2,,
,,,0.001302,3.961302,2.88625,mfcc,,,0.23875,segment,0,0.835,,,0.3041975796222687,0,235.890625,0.21293830573558806,d01j020s003787_31,,
,,,0.000938,3.372136,2.942448,mfcc,,,0.187604,segment,0,0.241146,,,0.3041975796222687,1,235.890625,0.21293830573558806,d01j020s003787_31,,
,,,0.000885,2.963594,2.559427,mfcc,,,0.143907,segment,0,0.259375,,,0.3041975796222687,2,235.890625,0.21293830573558806,d01j020s003787_31,,
,,,0.000625,2.972917,2.434635,mfcc,,,0.364115,segment,0,0.173542,,,0.3041975796222687,3,235.890625,0.21293830573558806,d01j020s003787_31,,
,,,0.000938,2.753282,2.441562,mfcc,,,0.151667,segment,0,0.159115,,,0.3041975796222687,4,235.890625,0.21293830573558806,d01j020s003787_31,,
,,,0.000625,2.69625,2.375209,mfcc,,,0.136458,segment,0,0.183958,,,0.3041975796222687,5,235.890625,0.21293830573558806,d01j020s003787_31,,
,,,0.000729,2.730052,2.351667,mfcc,,,0.197552,segment,0,0.180104,,,0.3041975796222687,6,235.890625,0.21293830573558806,d01j020s003787_31,,
,,,0.000781,2.776458,2.466562,mfcc,,,0.155573,segment,0,0.153542,,,0.3041975796222687,7,235.890625,0.21293830573558806,d01j020s003787_31,,
,,,0.000729,2.635156,2.34901,mfcc,,,0.109167,segment,0,0.17625,,,0.3041975796222687,8,235.890625,0.21293830573558806,d01j020s003787_31,,
,,,0.000781,3.046041,2.324271,mfcc,,,0.542708,segment,0,0.178281,,,0.3041975796222687,9,235.890625,0.21293830573558806,d01j020s003787_31,,
,,,0.001927,13.891198,11.441458,mfcc,,,0.417552,segment,0,2.030261,,,0.40224042534828186,0,236.44140625,0.28156829774379727,d02j09s004760_3,,
,,,0.002031,7.61875,6.679791,mfcc,,,0.284115,segment,0,0.652813,,,0.40224042534828186,1,236.44140625,0.28156829774379727,d02j09s004760_3,,
,,,0.001979,7.043594,6.241198,mfcc,,,0.260573,segment,0,0.539844,,,0.40224042534828186,2,236.44140625,0.28156829774379727,d02j09s004760_3,,
,,,0.001406,7.046667,6.159531,mfcc,,,0.247448,segment,0,0.638282,,,0.40224042534828186,3,236.44140625,0.28156829774379727,d02j09s004760_3,,
,,,0.002135,6.743854,5.955105,mfcc,,,0.278177,segment,0,0.508437,,,0.40224042534828186,4,236.44140625,0.28156829774379727,d02j09s004760_3,,
,,,0.001302,6.99901,6.112031,mfcc,,,0.366302,segment,0,0.519375,,,0.40224042534828186,5,236.44140625,0.28156829774379727,d02j09s004760_3,,
,,,0.001146,6.711719,5.915365,mfcc,,,0.304531,segment,0,0.490677,,,0.40224042534828186,6,236.44140625,0.28156829774379727,d02j09s004760_3,,
,,,0.001042,7.348542,6.12151,mfcc,,,0.677917,segment,0,0.548073,,,0.40224042534828186,7,236.44140625,0.28156829774379727,d02j09s004760_3,,
,,,0.000885,7.396198,6.392292,mfcc,,,0.310052,segment,0,0.692969,,,0.40224042534828186,8,236.44140625,0.28156829774379727,d02j09s004760_3,,
,,,0.001563,6.836719,6.054948,mfcc,,,0.288646,segment,0,0.491562,,,0.40224042534828186,9,236.44140625,0.28156829774379727,d02j09s004760_3,,
,,,0.003021,7.372968,5.510312,mfcc,,,0.748802,segment,0,1.110833,,,0.22873003780841827,0,236.34765625,0.1601110264658928,d01j020s004061_28,,
,,,0.001042,5.947708,4.985,mfcc,,,0.368177,segment,0,0.593489,,,0.22873003780841827,1,236.34765625,0.1601110264658928,d01j020s004061_28,,
,,,0.001198,5.506563,4.835416,mfcc,,,0.272865,segment,0,0.397084,,,0.22873003780841827,2,236.34765625,0.1601110264658928,d01j020s004061_28,,
,,,0.001615,5.577188,4.833333,mfcc,,,0.326354,segment,0,0.415886,,,0.22873003780841827,3,236.34765625,0.1601110264658928,d01j020s004061_28,,
,,,0.001354,6.111875,4.978125,mfcc,,,0.678333,segment,0,0.454063,,,0.22873003780841827,4,236.34765625,0.1601110264658928,d01j020s004061_28,,
,,,0.001719,5.781563,5.032969,mfcc,,,0.323073,segment,0,0.423802,,,0.22873003780841827,5,236.34765625,0.1601110264658928,d01j020s004061_28,,
,,,0.001302,5.490364,4.77401,mfcc,,,0.283854,segment,0,0.431198,,,0.22873003780841827,6,236.34765625,0.1601110264658928,d01j020s004061_28,,
,,,0.001302,6.40026,5.081823,mfcc,,,0.883802,segment,0,0.433333,,,0.22873003780841827,7,236.34765625,0.1601110264658928,d01j020s004061_28,,
,,,0.001146,6.434948,5.192031,mfcc,,,0.725469,segment,0,0.516302,,,0.22873003780841827,8,236.34765625,0.1601110264658928,d01j020s004061_28,,
,,,0.001615,6.865729,5.302135,mfcc,,,1.132031,segment,0,0.429948,,,0.22873003780841827,9,236.34765625,0.1601110264658928,d01j020s004061_28,,
,,,0.001146,2.212135,1.332864,mfcc,,,0.237552,segment,1,0.640573,,,0.9998558759689331,0,235.890625,0.6998991131782532,vishing_653_28,,
,,,0.000886,1.374844,1.062031,mfcc,,,0.137812,segment,1,0.174115,,,0.9998558759689331,1,235.890625,0.6998991131782532,vishing_653_28,,
,,,0.000729,1.242188,1.016875,mfcc,,,0.10323,segment,1,0.121354,,,0.9998558759689331,2,235.890625,0.6998991131782532,vishing_653_28,,
,,,0.000677,1.248438,1.017239,mfcc,,,0.124636,segment,1,0.105886,,,0.9998558759689331,3,235.890625,0.6998991131782532,vishing_653_28,,
,,,0.000729,1.444011,1.020417,mfcc,,,0.316094,segment,1,0.106771,,,0.9998558759689331,4,235.890625,0.6998991131782532,vishing_653_28,,
,,,0.000677,1.550312,1.234896,mfcc,,,0.202708,segment,1,0.112031,,,0.9998558759689331,5,235.890625,0.6998991131782532,vishing_653_28,,
,,,0.00073,1.711928,1.04625,mfcc,,,0.560573,segment,1,0.104375,,,0.9998558759689331,6,235.890625,0.6998991131782532,vishing_653_28,,
,,,0.00073,1.279219,1.055365,mfcc,,,0.106666,segment,1,0.116458,,,0.9998558759689331,7,235.890625,0.6998991131782532,vishing_653_28,,
,,,0.000886,1.25,0.99724,mfcc,,,0.146562,segment,1,0.105312,,,0.9998558759689331,8,235.890625,0.6998991131782532,vishing_653_28,,
,,,0.000625,1.190834,0.996093,mfcc,,,0.093282,segment,1,0.100834,,,0.9998558759689331,9,235.890625,0.6998991131782532,vishing_653_28,,
,,,0.001302,5.386979,4.199636,mfcc,,,0.437812,segment,0,0.748229,,,0.7393833994865417,0,236.24609375,0.5175683796405792,d02j12s000074_1,,
,,,0.001094,4.668177,4.099479,mfcc,,,0.216614,segment,0,0.35099,,,0.7393833994865417,1,236.24609375,0.5175683796405792,d02j12s000074_1,,
,,,0.000937,4.326823,3.641042,mfcc,,,0.319063,segment,0,0.365781,,,0.7393833994865417,2,236.24609375,0.5175683796405792,d02j12s000074_1,,
,,,0.000885,4.36875,3.810573,mfcc,,,0.16,segment,0,0.397292,,,0.7393833994865417,3,236.24609375,0.5175683796405792,d02j12s000074_1,,
,,,0.001354,4.153854,3.522135,mfcc,,,0.336511,segment,0,0.293854,,,0.7393833994865417,4,236.24609375,0.5175683796405792,d02j12s000074_1,,
,,,0.000833,4.251354,3.735834,mfcc,,,0.127708,segment,0,0.386979,,,0.7393833994865417,5,236.24609375,0.5175683796405792,d02j12s000074_1,,
,,,0.001459,4.200573,3.651042,mfcc,,,0.210468,segment,0,0.337604,,,0.7393833994865417,6,236.24609375,0.5175683796405792,d02j12s000074_1,,
,,,0.000782,4.093698,3.635677,mfcc,,,0.111718,segment,0,0.345521,,,0.7393833994865417,7,236.24609375,0.5175683796405792,d02j12s000074_1,,
,,,0.001094,4.146927,3.546354,mfcc,,,0.23651,segment,0,0.362969,,,0.7393833994865417,8,236.24609375,0.5175683796405792,d02j12s000074_1,,
,,,0.001042,4.208907,3.697083,mfcc,,,0.169167,segment,0,0.341615,,,0.7393833994865417,9,236.24609375,0.5175683796405792,d02j12s000074_1,,
,,,0.000834,2.684531,1.575573,mfcc,,,0.174635,segment,1,0.933489,,,0.9998385906219482,0,235.83203125,0.6998870134353637,vishing_552_17,,
,,,0.000781,1.722708,1.444219,mfcc,,,0.145573,segment,1,0.132135,,,0.9998385906219482,1,235.890625,0.6998870134353637,vishing_552_17,,
,,,0.000677,1.912552,1.41,mfcc,,,0.3775,segment,1,0.124375,,,0.9998385906219482,2,235.890625,0.6998870134353637,vishing_552_17,,
,,,0.000781,1.733021,1.426927,mfcc,,,0.185417,segment,1,0.119896,,,0.9998385906219482,3,235.890625,0.6998870134353637,vishing_552_17,,
,,,0.000729,1.691927,1.427813,mfcc,,,0.144375,segment,1,0.11901,,,0.9998385906219482,4,235.890625,0.6998870134353637,vishing_552_17,,
,,,0.000573,1.749271,1.426355,mfcc,,,0.183958,segment,1,0.138385,,,0.9998385906219482,5,235.890625,0.6998870134353637,vishing_552_17,,
,,,0.000625,1.627344,1.383125,mfcc,,,0.122292,segment,1,0.121302,,,0.9998385906219482,6,235.890625,0.6998870134353637,vishing_552_17,,
,,,0.000625,1.628958,1.369635,mfcc,,,0.144219,segment,1,0.114479,,,0.9998385906219482,7,235.890625,0.6998870134353637,vishing_552_17,,
,,,0.000625,1.668333,1.391458,mfcc,,,0.163489,segment,1,0.112761,,,0.9998385906219482,8,235.890625,0.6998870134353637,vishing_552_17,,
,,,0.000729,1.683334,1.408125,mfcc,,,0.148698,segment,1,0.125782,,,0.9998385906219482,9,235.890625,0.6998870134353637,vishing_552_17,,
,,,0.003646,6.547604,4.533645,mfcc,,,0.999219,segment,1,1.011094,,,0.9936961531639099,0,235.890625,0.6955873072147369,vishing_304_63,,
,,,0.003906,5.052344,3.258803,mfcc,,,1.363802,segment,1,0.425833,,,0.9936961531639099,1,235.890625,0.6955873072147369,vishing_304_63,,
,,,0.001667,4.635729,4.003906,mfcc,,,0.285312,segment,1,0.344844,,,0.9936961531639099,2,235.890625,0.6955873072147369,vishing_304_63,,
,,,0.001094,3.261615,2.119114,mfcc,,,0.862396,segment,1,0.279011,,,0.9936961531639099,3,235.890625,0.6955873072147369,vishing_304_63,,
,,,0.001042,2.300105,1.902084,mfcc,,,0.193958,segment,1,0.203021,,,0.9936961531639099,4,235.890625,0.6955873072147369,vishing_304_63,,
,,,0.000781,2.078854,1.776459,mfcc,,,0.114062,segment,1,0.187552,,,0.9936961531639099,5,235.890625,0.6955873072147369,vishing_304_63,,
,,,0.000833,1.955625,1.713229,mfcc,,,0.102917,segment,1,0.138646,,,0.9936961531639099,6,235.890625,0.6955873072147369,vishing_304_63,,
,,,0.000781,2.393645,1.719531,mfcc,,,0.542656,segment,1,0.130677,,,0.9936961531639099,7,235.890625,0.6955873072147369,vishing_304_63,,
,,,0.000573,2.056615,1.761927,mfcc,,,0.138594,segment,1,0.155521,,,0.9936961531639099,8,235.890625,0.6955873072147369,vishing_304_63,,
,,,0.000625,1.952448,1.715469,mfcc,,,0.103438,segment,1,0.132916,,,0.9936961531639099,9,235.890625,0.6955873072147369,vishing_304_63,,
,,,0.001093,2.467552,1.516615,mfcc,,,0.149271,segment,1,0.800573,,,0.9999454021453857,0,235.890625,0.69996178150177,vishing_617_72,,
,,,0.000938,1.592813,1.33625,mfcc,,,0.116458,segment,1,0.139167,,,0.9999454021453857,1,235.890625,0.69996178150177,vishing_617_72,,
,,,0.000781,1.833385,1.269218,mfcc,,,0.443073,segment,1,0.120313,,,0.9999454021453857,2,235.890625,0.69996178150177,vishing_617_72,,
,,,0.000834,1.535677,1.300105,mfcc,,,0.117343,segment,1,0.117395,,,0.9999454021453857,3,235.890625,0.69996178150177,vishing_617_72,,
,,,0.000729,1.518385,1.287656,mfcc,,,0.092604,segment,1,0.137396,,,0.9999454021453857,4,235.890625,0.69996178150177,vishing_617_72,,
,,,0.000573,1.470885,1.269011,mfcc,,,0.090156,segment,1,0.111145,,,0.9999454021453857,5,235.890625,0.69996178150177,vishing_617_72,,
,,,0.000781,1.621927,1.299114,mfcc,,,0.211667,segment,1,0.110365,,,0.9999454021453857,6,235.890625,0.69996178150177,vishing_617_72,,
,,,0.000834,2.040053,1.268073,mfcc,,,0.661562,segment,1,0.109584,,,0.9999454021453857,7,235.890625,0.69996178150177,vishing_617_72,,
,,,0.000782,1.643959,1.306511,mfcc,,,0.224947,segment,1,0.111719,,,0.9999454021453857,8,235.890625,0.69996178150177,vishing_617_72,,
,,,0.000625,1.513125,1.29349,mfcc,,,0.097604,segment,1,0.121406,,,0.9999454021453857,9,235.890625,0.69996178150177,vishing_617_72,,
,,,0.002604,12.203229,9.964531,mfcc,,,0.791563,segment,0,1.444531,,,0.7182797789573669,0,236.39453125,0.5027958452701569,d02j12s000857_15,,
,,,0.002031,8.785521,7.463959,mfcc,,,0.43276,segment,0,0.886771,,,0.7182797789573669,1,236.39453125,0.5027958452701569,d02j12s000857_15,,
,,,0.001303,6.322865,5.504479,mfcc,,,0.248906,segment,0,0.568177,,,0.7182797789573669,2,236.39453125,0.5027958452701569,d02j12s000857_15,,
,,,0.001406,6.015573,5.324948,mfcc,,,0.227813,segment,0,0.461406,,,0.7182797789573669,3,236.39453125,0.5027958452701569,d02j12s000857_15,,
,,,0.001198,6.274792,5.197343,mfcc,,,0.617292,segment,0,0.458959,,,0.7182797789573669,4,236.39453125,0.5027958452701569,d02j12s000857_15,,
,,,0.001041,6.100312,5.329896,mfcc,,,0.218854,segment,0,0.550521,,,0.7182797789573669,5,236.39453125,0.5027958452701569,d02j12s000857_15,,
,,,0.001146,6.144948,5.483542,mfcc,,,0.241771,segment,0,0.418489,,,0.7182797789573669,6,236.39453125,0.5027958452701569,d02j12s000857_15,,
,,,0.001093,6.117656,5.426823,mfcc,,,0.239167,segment,0,0.450573,,,0.7182797789573669,7,236.39453125,0.5027958452701569,d02j12s000857_15,,
,,,0.000938,6.057605,5.186927,mfcc,,,0.414427,segment,0,0.455313,,,0.7182797789573669,8,236.39453125,0.5027958452701569,d02j12s000857_15,,
,,,0.000885,6.053698,5.338178,mfcc,,,0.215052,segment,0,0.499583,,,0.7182797789573669,9,236.39453125,0.5027958452701569,d02j12s000857_15,,
,,,0.001146,6.084323,4.901094,mfcc,,,0.232031,segment,0,0.950052,,,0.4732668697834015,0,236.33984375,0.331286808848381,d04j18s020386_2,,
,,,0.001146,5.366615,4.690886,mfcc,,,0.227708,segment,0,0.446875,,,0.4732668697834015,1,236.33984375,0.331286808848381,d04j18s020386_2,,
,,,0.000833,5.303125,4.680573,mfcc,,,0.182031,segment,0,0.439688,,,0.4732668697834015,2,236.33984375,0.331286808848381,d04j18s020386_2,,
,,,0.001407,5.289011,4.685989,mfcc,,,0.211875,segment,0,0.38974,,,0.4732668697834015,3,236.33984375,0.331286808848381,d04j18s020386_2,,
,,,0.001302,5.159896,4.525573,mfcc,,,0.231875,segment,0,0.401146,,,0.4732668697834015,4,236.33984375,0.331286808848381,d04j18s020386_2,,
,,,0.000885,5.267031,4.658646,mfcc,,,0.170729,segment,0,0.436771,,,0.4732668697834015,5,236.33984375,0.331286808848381,d04j18s020386_2,,
,,,0.00125,5.262917,4.666563,mfcc,,,0.222292,segment,0,0.372812,,,0.4732668697834015,6,236.33984375,0.331286808848381,d04j18s020386_2,,
,,,0.001563,5.26724,4.549375,mfcc,,,0.310625,segment,0,0.405677,,,0.4732668697834015,7,236.33984375,0.331286808848381,d04j18s020386_2,,
,,,0.001406,5.338802,4.695834,mfcc,,,0.216458,segment,0,0.425104,,,0.4732668697834015,8,236.33984375,0.331286808848381,d04j18s020386_2,,
,,,0.001615,5.217448,4.618229,mfcc,,,0.216094,segment,0,0.38151,,,0.4732668697834015,9,236.33984375,0.331286808848381,d04j18s020386_2,,
,,,0.001615,6.214063,4.901771,mfcc,,,0.256771,segment,0,1.053906,,,0.4470779597759247,0,236.2890625,0.31295457184314723,d01j04s006561_3,,
,,,0.001354,5.541458,4.220417,mfcc,,,0.852396,segment,0,0.467291,,,0.4470779597759247,1,236.2890625,0.31295457184314723,d01j04s006561_3,,
,,,0.00151,4.73651,4.16349,mfcc,,,0.210625,segment,0,0.360885,,,0.4470779597759247,2,236.2890625,0.31295457184314723,d01j04s006561_3,,
,,,0.001615,4.975833,3.964115,mfcc,,,0.639062,segment,0,0.371041,,,0.4470779597759247,3,236.2890625,0.31295457184314723,d01j04s006561_3,,
,,,0.001197,4.74,4.140729,mfcc,,,0.212969,segment,0,0.385105,,,0.4470779597759247,4,236.2890625,0.31295457184314723,d01j04s006561_3,,
,,,0.001146,4.673073,4.075,mfcc,,,0.248386,segment,0,0.348541,,,0.4470779597759247,5,236.2890625,0.31295457184314723,d01j04s006561_3,,
,,,0.001094,5.23526,4.034843,mfcc,,,0.808698,segment,0,0.390625,,,0.4470779597759247,6,236.2890625,0.31295457184314723,d01j04s006561_3,,
,,,0.00125,4.737135,4.171719,mfcc,,,0.202396,segment,0,0.36177,,,0.4470779597759247,7,236.2890625,0.31295457184314723,d01j04s006561_3,,
,,,0.001771,5.024532,3.965521,mfcc,,,0.698073,segment,0,0.359167,,,0.4470779597759247,8,236.2890625,0.31295457184314723,d01j04s006561_3,,
,,,0.001198,4.737708,4.185417,mfcc,,,0.175833,segment,0,0.37526,,,0.4470779597759247,9,236.2890625,0.31295457184314723,d01j04s006561_3,,
,,,0.001875,8.239427,6.406198,mfcc,,,0.259427,segment,1,1.571927,,,0.9999967813491821,0,236.44140625,0.6999977469444274,vishing_575_22,,
,,,0.001823,6.894219,5.739479,mfcc,,,0.625208,segment,1,0.527709,,,0.9999967813491821,1,236.44140625,0.6999977469444274,vishing_575_22,,
,,,0.001562,7.25125,5.788698,mfcc,,,0.916198,segment,1,0.544792,,,0.9999967813491821,2,236.44140625,0.6999977469444274,vishing_575_22,,
,,,0.001458,6.335312,5.634948,mfcc,,,0.220521,segment,1,0.478385,,,0.9999967813491821,3,236.44140625,0.6999977469444274,vishing_575_22,,
,,,0.00125,6.158229,5.501771,mfcc,,,0.205469,segment,1,0.449739,,,0.9999967813491821,4,236.44140625,0.6999977469444274,vishing_575_22,,
,,,0.001459,6.103802,5.431979,mfcc,,,0.201354,segment,1,0.46901,,,0.9999967813491821,5,236.44140625,0.6999977469444274,vishing_575_22,,
,,,0.000989,6.05401,5.399636,mfcc,,,0.211875,segment,1,0.44151,,,0.9999967813491821,6,236.44140625,0.6999977469444274,vishing_575_22,,
,,,0.001094,6.019896,5.406354,mfcc,,,0.174687,segment,1,0.437761,,,0.9999967813491821,7,236.44140625,0.6999977469444274,vishing_575_22,,
,,,0.001094,6.003906,5.40125,mfcc,,,0.178385,segment,1,0.423177,,,0.9999967813491821,8,236.44140625,0.6999977469444274,vishing_575_22,,
,,,0.001042,6.007657,5.403593,mfcc,,,0.17724,segment,1,0.425782,,,0.9999967813491821,9,236.44140625,0.6999977469444274,vishing_575_22,,
,,,0.002968,4.689114,3.259063,mfcc,,,0.711198,segment,0,0.715885,,,0.40016305446624756,0,236.16015625,0.28011413812637326,d02j09s002121_3,,
,,,0.002188,6.661511,4.886823,mfcc,,,1.22375,segment,0,0.54875,,,0.40016305446624756,1,236.16015625,0.28011413812637326,d02j09s002121_3,,
,,,0.001146,3.769115,3.151927,mfcc,,,0.19,segment,0,0.426042,,,0.40016305446624756,2,236.16015625,0.28011413812637326,d02j09s002121_3,,
,,,0.000833,3.318073,2.864635,mfcc,,,0.148386,segment,0,0.304219,,,0.40016305446624756,3,236.16015625,0.28011413812637326,d02j09s002121_3,,
,,,0.000782,3.166771,2.805052,mfcc,,,0.110989,segment,0,0.249948,,,0.40016305446624756,4,236.16015625,0.28011413812637326,d02j09s002121_3,,
,,,0.000781,3.1275,2.792813,mfcc,,,0.10625,segment,0,0.227656,,,0.40016305446624756,5,236.16015625,0.28011413812637326,d02j09s002121_3,,
,,,0.000781,3.055677,2.734062,mfcc,,,0.098959,segment,0,0.221875,,,0.40016305446624756,6,236.16015625,0.28011413812637326,d02j09s002121_3,,
,,,0.000729,3.033958,2.708646,mfcc,,,0.103541,segment,0,0.221042,,,0.40016305446624756,7,236.16015625,0.28011413812637326,d02j09s002121_3,,
,,,0.000677,3.076406,2.723802,mfcc,,,0.119271,segment,0,0.232656,,,0.40016305446624756,8,236.16015625,0.28011413812637326,d02j09s002121_3,,
,,,0.000833,3.117813,2.730833,mfcc,,,0.16948,segment,0,0.216667,,,0.40016305446624756,9,236.16015625,0.28011413812637326,d02j09s002121_3,,
,,,0.00151,6.114739,4.732916,mfcc,,,0.205209,segment,0,1.175104,,,0.5530403852462769,0,236.328125,0.3871282696723938,d01j04s006561_7,,
,,,0.001041,4.910364,4.348906,mfcc,,,0.177969,segment,0,0.382448,,,0.5530403852462769,1,236.328125,0.3871282696723938,d01j04s006561_7,,
,,,0.001042,4.751979,4.260104,mfcc,,,0.126354,segment,0,0.364479,,,0.5530403852462769,2,236.328125,0.3871282696723938,d01j04s006561_7,,
,,,0.000834,4.660209,4.209635,mfcc,,,0.114323,segment,0,0.335417,,,0.5530403852462769,3,236.328125,0.3871282696723938,d01j04s006561_7,,
,,,0.001094,4.686042,4.232032,mfcc,,,0.126718,segment,0,0.326198,,,0.5530403852462769,4,236.328125,0.3871282696723938,d01j04s006561_7,,
,,,0.000834,4.679323,4.227292,mfcc,,,0.12276,segment,0,0.328437,,,0.5530403852462769,5,236.328125,0.3871282696723938,d01j04s006561_7,,
,,,0.000833,4.717916,4.266146,mfcc,,,0.124896,segment,0,0.326041,,,0.5530403852462769,6,236.328125,0.3871282696723938,d01j04s006561_7,,
,,,0.001042,4.752761,4.250468,mfcc,,,0.173542,segment,0,0.327709,,,0.5530403852462769,7,236.328125,0.3871282696723938,d01j04s006561_7,,
,,,0.000781,4.765365,4.298855,mfcc,,,0.129375,segment,0,0.336354,,,0.5530403852462769,8,236.328125,0.3871282696723938,d01j04s006561_7,,
,,,0.000989,4.688281,4.215937,mfcc,,,0.138855,segment,0,0.3325,,,0.5530403852462769,9,236.328125,0.3871282696723938,d01j04s006561_7,,
,,,0.001041,2.720833,1.839896,mfcc,,,0.149323,segment,1,0.730573,,,0.9999967813491821,0,235.890625,0.6999977469444274,vishing_307_89,,
,,,0.000729,2.042708,1.634219,mfcc,,,0.255938,segment,1,0.151822,,,0.9999967813491821,1,235.890625,0.6999977469444274,vishing_307_89,,
,,,0.000833,1.837031,1.595782,mfcc,,,0.107083,segment,1,0.133333,,,0.9999967813491821,2,235.890625,0.6999977469444274,vishing_307_89,,
,,,0.000678,1.84948,1.621771,mfcc,,,0.099166,segment,1,0.127865,,,0.9999967813491821,3,235.890625,0.6999977469444274,vishing_307_89,,
,,,0.000677,1.81651,1.595573,mfcc,,,0.097135,segment,1,0.123125,,,0.9999967813491821,4,235.890625,0.6999977469444274,vishing_307_89,,
,,,0.000729,1.807084,1.59099,mfcc,,,0.093021,segment,1,0.122344,,,0.9999967813491821,5,235.890625,0.6999977469444274,vishing_307_89,,
,,,0.000781,1.80474,1.581145,mfcc,,,0.100209,segment,1,0.122605,,,0.9999967813491821,6,235.890625,0.6999977469444274,vishing_307_89,,
,,,0.000625,1.826667,1.612084,mfcc,,,0.09401,segment,1,0.119948,,,0.9999967813491821,7,235.890625,0.6999977469444274,vishing_307_89,,
,,,0.000677,1.794427,1.579063,mfcc,,,0.093125,segment,1,0.121562,,,0.9999967813491821,8,235.890625,0.6999977469444274,vishing_307_89,,
,,,0.000625,1.81849,1.600989,mfcc,,,0.094532,segment,1,0.122344,,,0.9999967813491821,9,235.890625,0.6999977469444274,vishing_307_89,,
,,,0.000781,1.593489,1.051094,mfcc,,,0.106875,segment,1,0.434739,,,0.9999715089797974,0,235.890625,0.6999800562858581,vishing_653_121,,
,,,0.000729,1.14375,0.935469,mfcc,,,0.100104,segment,1,0.107448,,,0.9999715089797974,1,236.00390625,0.6999800562858581,vishing_653_121,,
,,,0.000782,1.154844,0.957291,mfcc,,,0.094323,segment,1,0.102448,,,0.9999715089797974,2,236.00390625,0.6999800562858581,vishing_653_121,,
,,,0.000729,1.355365,0.931406,mfcc,,,0.322553,segment,1,0.100677,,,0.9999715089797974,3,236.00390625,0.6999800562858581,vishing_653_121,,
,,,0.000989,1.16526,0.932552,mfcc,,,0.132084,segment,1,0.099635,,,0.9999715089797974,4,236.00390625,0.6999800562858581,vishing_653_121,,
,,,0.000833,1.169115,0.970781,mfcc,,,0.094115,segment,1,0.103386,,,0.9999715089797974,5,236.00390625,0.6999800562858581,vishing_653_121,,
,,,0.000677,1.117709,0.931094,mfcc,,,0.086302,segment,1,0.099636,,,0.9999715089797974,6,236.00390625,0.6999800562858581,vishing_653_121,,
,,,0.000729,1.110313,0.923959,mfcc,,,0.087344,segment,1,0.098281,,,0.9999715089797974,7,236.00390625,0.6999800562858581,vishing_653_121,,
,,,0.000729,1.104844,0.919896,mfcc,,,0.088646,segment,1,0.095573,,,0.9999715089797974,8,236.00390625,0.6999800562858581,vishing_653_121,,
,,,0.000625,1.124218,0.935156,mfcc,,,0.091302,segment,1,0.097135,,,0.9999715089797974,9,236.00390625,0.6999800562858581,vishing_653_121,,
,,,0.000833,3.403125,2.164166,mfcc,,,0.118646,segment,1,1.11948,,,0.9999364614486694,0,236.00390625,0.6999555230140686,vishing_366_6,,
,,,0.000677,2.659792,1.948906,mfcc,,,0.539271,segment,1,0.170938,,,0.9999364614486694,1,236.00390625,0.6999555230140686,vishing_366_6,,
,,,0.000729,2.170104,1.925417,mfcc,,,0.100885,segment,1,0.143073,,,0.9999364614486694,2,236.00390625,0.6999555230140686,vishing_366_6,,
,,,0.000625,2.094843,1.850209,mfcc,,,0.107916,segment,1,0.136093,,,0.9999364614486694,3,236.00390625,0.6999555230140686,vishing_366_6,,
,,,0.000729,2.109688,1.875938,mfcc,,,0.097969,segment,1,0.135052,,,0.9999364614486694,4,236.00390625,0.6999555230140686,vishing_366_6,,
,,,0.000833,2.093958,1.859792,mfcc,,,0.098177,segment,1,0.135156,,,0.9999364614486694,5,236.00390625,0.6999555230140686,vishing_366_6,,
,,,0.000729,2.127708,1.894114,mfcc,,,0.099063,segment,1,0.133802,,,0.9999364614486694,6,236.00390625,0.6999555230140686,vishing_366_6,,
,,,0.000677,2.310677,2.059636,mfcc,,,0.116094,segment,1,0.13427,,,0.9999364614486694,7,236.00390625,0.6999555230140686,vishing_366_6,,
,,,0.000677,2.116406,1.868698,mfcc,,,0.098125,segment,1,0.148906,,,0.9999364614486694,8,236.00390625,0.6999555230140686,vishing_366_6,,
,,,0.000677,2.128125,1.895,mfcc,,,0.097292,segment,1,0.135156,,,0.9999364614486694,9,236.00390625,0.6999555230140686,vishing_366_6,,
,,,0.000937,2.443073,1.78698,mfcc,,,0.103333,segment,1,0.551823,,,0.9988941550254822,0,236.00390625,0.6992259085178375,vishing_327_33,,
,,,0.000729,2.018073,1.767188,mfcc,,,0.10625,segment,1,0.143906,,,0.9988941550254822,1,236.00390625,0.6992259085178375,vishing_327_33,,
,,,0.000782,1.982761,1.744635,mfcc,,,0.10276,segment,1,0.134584,,,0.9988941550254822,2,236.00390625,0.6992259085178375,vishing_327_33,,
,,,0.000781,1.998125,1.767396,mfcc,,,0.097656,segment,1,0.132292,,,0.9988941550254822,3,236.00390625,0.6992259085178375,vishing_327_33,,
,,,0.000729,1.987343,1.731406,mfcc,,,0.125,segment,1,0.130208,,,0.9988941550254822,4,236.00390625,0.6992259085178375,vishing_327_33,,
,,,0.000833,2.032292,1.790052,mfcc,,,0.109063,segment,1,0.132344,,,0.9988941550254822,5,236.00390625,0.6992259085178375,vishing_327_33,,
,,,0.000677,1.959584,1.737083,mfcc,,,0.094167,segment,1,0.127657,,,0.9988941550254822,6,236.00390625,0.6992259085178375,vishing_327_33,,
,,,0.000886,1.980052,1.756719,mfcc,,,0.094635,segment,1,0.127812,,,0.9988941550254822,7,236.00390625,0.6992259085178375,vishing_327_33,,
,,,0.000781,1.9825,1.735938,mfcc,,,0.117708,segment,1,0.128073,,,0.9988941550254822,8,236.00390625,0.6992259085178375,vishing_327_33,,
,,,0.000885,1.996094,1.76875,mfcc,,,0.09948,segment,1,0.126979,,,0.9988941550254822,9,236.00390625,0.6992259085178375,vishing_327_33,,
,,,0.000729,1.692187,1.053073,mfcc,,,0.096771,segment,1,0.541614,,,0.9985828399658203,0,236.00390625,0.6990079879760742,vishing_368_68,,
,,,0.00073,1.235417,1.013125,mfcc,,,0.111822,segment,1,0.10974,,,0.9985828399658203,1,236.00390625,0.6990079879760742,vishing_368_68,,
,,,0.000677,1.276562,1.033073,mfcc,,,0.139427,segment,1,0.103385,,,0.9985828399658203,2,236.00390625,0.6990079879760742,vishing_368_68,,
,,,0.000677,1.326041,1.015886,mfcc,,,0.203541,segment,1,0.105937,,,0.9985828399658203,3,236.00390625,0.6990079879760742,vishing_368_68,,
,,,0.000677,1.243958,1.035104,mfcc,,,0.103073,segment,1,0.105104,,,0.9985828399658203,4,236.00390625,0.6990079879760742,vishing_368_68,,
,,,0.000781,1.24125,1.041719,mfcc,,,0.092708,segment,1,0.106042,,,0.9985828399658203,5,236.00390625,0.6990079879760742,vishing_368_68,,
,,,0.000781,1.227292,1.022656,mfcc,,,0.09974,segment,1,0.104115,,,0.9985828399658203,6,236.00390625,0.6990079879760742,vishing_368_68,,
,,,0.000781,1.26151,1.032761,mfcc,,,0.12026,segment,1,0.107708,,,0.9985828399658203,7,236.00390625,0.6990079879760742,vishing_368_68,,
,,,0.000625,1.549948,1.056355,mfcc,,,0.38651,segment,1,0.106458,,,0.9985828399658203,8,236.00390625,0.6990079879760742,vishing_368_68,,
,,,0.000677,1.221406,1.018854,mfcc,,,0.098281,segment,1,0.103594,,,0.9985828399658203,9,236.00390625,0.6990079879760742,vishing_368_68,,
,,,0.00099,2.175834,1.525417,mfcc,,,0.120885,segment,0,0.528542,,,0.41578081250190735,0,236.00390625,0.2910465687513351,d02j12s005273_7,,
,,,0.000729,1.655989,1.429843,mfcc,,,0.099115,segment,0,0.126302,,,0.41578081250190735,1,236.00390625,0.2910465687513351,d02j12s005273_7,,
,,,0.000781,1.599114,1.37776,mfcc,,,0.102813,segment,0,0.11776,,,0.41578081250190735,2,236.00390625,0.2910465687513351,d02j12s005273_7,,
,,,0.000678,1.584584,1.368386,mfcc,,,0.099739,segment,0,0.115781,,,0.41578081250190735,3,236.00390625,0.2910465687513351,d02j12s005273_7,,
,,,0.000677,1.649583,1.390625,mfcc,,,0.143854,segment,0,0.114427,,,0.41578081250190735,4,236.00390625,0.2910465687513351,d02j12s005273_7,,
,,,0.000729,1.577864,1.363907,mfcc,,,0.097083,segment,0,0.116145,,,0.41578081250190735,5,236.00390625,0.2910465687513351,d02j12s005273_7,,
,,,0.000625,1.62125,1.413906,mfcc,,,0.09224,segment,0,0.114479,,,0.41578081250190735,6,236.00390625,0.2910465687513351,d02j12s005273_7,,
,,,0.000677,1.570677,1.362761,mfcc,,,0.095208,segment,0,0.112031,,,0.41578081250190735,7,236.00390625,0.2910465687513351,d02j12s005273_7,,
,,,0.000833,1.56151,1.353958,mfcc,,,0.094375,segment,0,0.112344,,,0.41578081250190735,8,236.00390625,0.2910465687513351,d02j12s005273_7,,
,,,0.000625,1.584219,1.374635,mfcc,,,0.096719,segment,0,0.11224,,,0.41578081250190735,9,236.00390625,0.2910465687513351,d02j12s005273_7,,
,,,0.003125,9.169739,7.185209,mfcc,,,0.73151,segment,1,1.249895,,,0.9999864101409912,0,236.640625,0.6999904870986938,vishing_368_161,,
,,,0.001927,10.828542,9.6275,mfcc,,,0.335781,segment,1,0.863334,,,0.9999864101409912,1,236.640625,0.6999904870986938,vishing_368_161,,
,,,0.001563,7.519688,6.61599,mfcc,,,0.252708,segment,1,0.649427,,,0.9999864101409912,2,236.640625,0.6999904870986938,vishing_368_161,,
,,,0.001614,7.421666,6.388073,mfcc,,,0.509167,segment,1,0.522812,,,0.9999864101409912,3,236.640625,0.6999904870986938,vishing_368_161,,
,,,0.001667,7.186042,6.368542,mfcc,,,0.293958,segment,1,0.521875,,,0.9999864101409912,4,236.640625,0.6999904870986938,vishing_368_161,,
,,,0.001511,7.145156,6.410885,mfcc,,,0.212083,segment,1,0.520677,,,0.9999864101409912,5,236.640625,0.6999904870986938,vishing_368_161,,
,,,0.001771,7.128437,6.407291,mfcc,,,0.214896,segment,1,0.504479,,,0.9999864101409912,6,236.640625,0.6999904870986938,vishing_368_161,,
,,,0.001198,7.039062,6.314479,mfcc,,,0.208073,segment,1,0.515312,,,0.9999864101409912,7,236.640625,0.6999904870986938,vishing_368_161,,
,,,0.001094,6.92026,6.215469,mfcc,,,0.198333,segment,1,0.505364,,,0.9999864101409912,8,236.640625,0.6999904870986938,vishing_368_161,,
,,,0.001041,6.869427,6.160052,mfcc,,,0.187657,segment,1,0.520677,,,0.9999864101409912,9,236.640625,0.6999904870986938,vishing_368_161,,
,,,0.001614,15.164167,4.586823,mfcc,,,0.212344,segment,0,10.363386,,,0.4986394941806793,0,236.41015625,0.3490476459264755,d01j01s000122_3,,
,,,0.000885,4.663437,4.12625,mfcc,,,0.14224,segment,0,0.394062,,,0.4986394941806793,1,236.41015625,0.3490476459264755,d01j01s000122_3,,
,,,0.00099,4.525313,4.019271,mfcc,,,0.174791,segment,0,0.330261,,,0.4986394941806793,2,236.41015625,0.3490476459264755,d01j01s000122_3,,
,,,0.000938,4.851146,3.950885,mfcc,,,0.56776,segment,0,0.331563,,,0.4986394941806793,3,236.41015625,0.3490476459264755,d01j01s000122_3,,
,,,0.001041,7.579791,4.052291,mfcc,,,0.158438,segment,0,3.368021,,,0.4986394941806793,4,236.41015625,0.3490476459264755,d01j01s000122_3,,
,,,0.000886,4.446146,3.984167,mfcc,,,0.139062,segment,0,0.322031,,,0.4986394941806793,5,236.41015625,0.3490476459264755,d01j01s000122_3,,
,,,0.000833,4.449895,4.007448,mfcc,,,0.122708,segment,0,0.318906,,,0.4986394941806793,6,236.41015625,0.3490476459264755,d01j01s000122_3,,
,,,0.001563,9.771615,9.07974,mfcc,,,0.374791,segment,0,0.315521,,,0.4986394941806793,7,236.41015625,0.3490476459264755,d01j01s000122_3,,
,,,0.001198,4.635157,4.104375,mfcc,,,0.176355,segment,0,0.353229,,,0.4986394941806793,8,236.41015625,0.3490476459264755,d01j01s000122_3,,
,,,0.001042,4.451615,3.968385,mfcc,,,0.138438,segment,0,0.34375,,,0.4986394941806793,9,236.41015625,0.3490476459264755,d01j01s000122_3,,
,,,0.00099,2.237657,1.414271,mfcc,,,0.113125,segment,0,0.709271,,,0.21870233118534088,0,236.00390625,0.15309163182973862,d01j020s000577_15,,
,,,0.000677,1.682188,1.299739,mfcc,,,0.247917,segment,0,0.133855,,,0.21870233118534088,1,236.00390625,0.15309163182973862,d01j020s000577_15,,
,,,0.000677,1.980313,1.330417,mfcc,,,0.52875,segment,0,0.120469,,,0.21870233118534088,2,236.00390625,0.15309163182973862,d01j020s000577_15,,
,,,0.000989,1.552864,1.321979,mfcc,,,0.113125,segment,0,0.116771,,,0.21870233118534088,3,236.00390625,0.15309163182973862,d01j020s000577_15,,
,,,0.000677,1.55349,1.318646,mfcc,,,0.101823,segment,0,0.132344,,,0.21870233118534088,4,236.00390625,0.15309163182973862,d01j020s000577_15,,
,,,0.000781,1.555104,1.315938,mfcc,,,0.122656,segment,0,0.115729,,,0.21870233118534088,5,236.00390625,0.15309163182973862,d01j020s000577_15,,
,,,0.000781,1.548489,1.341406,mfcc,,,0.091771,segment,0,0.114531,,,0.21870233118534088,6,236.00390625,0.15309163182973862,d01j020s000577_15,,
,,,0.000677,1.505365,1.29724,mfcc,,,0.096354,segment,0,0.111094,,,0.21870233118534088,7,236.00390625,0.15309163182973862,d01j020s000577_15,,
,,,0.000677,1.515469,1.306823,mfcc,,,0.095261,segment,0,0.112708,,,0.21870233118534088,8,236.00390625,0.15309163182973862,d01j020s000577_15,,
,,,0.000625,1.520208,1.301458,mfcc,,,0.091771,segment,0,0.126354,,,0.21870233118534088,9,236.00390625,0.15309163182973862,d01j020s000577_15,,
,,,0.001562,6.267864,5.046615,mfcc,,,0.181406,segment,1,1.038281,,,0.9986034035682678,0,236.4765625,0.6990223824977875,vishing_602_13,,
,,,0.00125,5.222864,4.617239,mfcc,,,0.191198,segment,1,0.413177,,,0.9986034035682678,1,236.4765625,0.6990223824977875,vishing_602_13,,
,,,0.00125,5.416511,4.568281,mfcc,,,0.46349,segment,1,0.38349,,,0.9986034035682678,2,236.4765625,0.6990223824977875,vishing_602_13,,
,,,0.000833,5.222968,4.640157,mfcc,,,0.207239,segment,1,0.374739,,,0.9986034035682678,3,236.4765625,0.6990223824977875,vishing_602_13,,
,,,0.001198,5.115,4.571927,mfcc,,,0.167709,segment,1,0.374166,,,0.9986034035682678,4,236.4765625,0.6990223824977875,vishing_602_13,,
,,,0.00099,5.295261,4.723802,mfcc,,,0.184583,segment,1,0.385886,,,0.9986034035682678,5,236.4765625,0.6990223824977875,vishing_602_13,,
,,,0.001302,5.37401,4.751979,mfcc,,,0.218177,segment,1,0.402552,,,0.9986034035682678,6,236.4765625,0.6990223824977875,vishing_602_13,,
,,,0.001198,5.338959,4.740156,mfcc,,,0.177344,segment,1,0.420261,,,0.9986034035682678,7,236.4765625,0.6990223824977875,vishing_602_13,,
,,,0.001146,5.674792,5.102969,mfcc,,,0.175729,segment,1,0.394948,,,0.9986034035682678,8,236.4765625,0.6990223824977875,vishing_602_13,,
,,,0.001146,5.695365,5.008541,mfcc,,,0.164792,segment,1,0.520886,,,0.9986034035682678,9,236.4765625,0.6990223824977875,vishing_602_13,,
,,,0.000938,2.990261,2.153073,mfcc,,,0.171458,segment,0,0.664792,,,0.26216715574264526,0,236.00390625,0.18351700901985168,d02j08s004829_15,,
,,,0.000989,2.211146,1.916562,mfcc,,,0.110313,segment,0,0.183282,,,0.26216715574264526,1,236.00390625,0.18351700901985168,d02j08s004829_15,,
,,,0.000729,2.100989,1.853646,mfcc,,,0.102187,segment,0,0.144427,,,0.26216715574264526,2,236.00390625,0.18351700901985168,d02j08s004829_15,,
,,,0.00073,2.220105,1.862813,mfcc,,,0.218645,segment,0,0.137917,,,0.26216715574264526,3,236.00390625,0.18351700901985168,d02j08s004829_15,,
,,,0.000886,2.239532,1.839427,mfcc,,,0.265156,segment,0,0.134063,,,0.26216715574264526,4,236.00390625,0.18351700901985168,d02j08s004829_15,,
,,,0.000729,2.115729,1.839427,mfcc,,,0.135834,segment,0,0.139739,,,0.26216715574264526,5,236.00390625,0.18351700901985168,d02j08s004829_15,,
,,,0.000781,2.103802,1.863333,mfcc,,,0.105521,segment,0,0.134167,,,0.26216715574264526,6,236.00390625,0.18351700901985168,d02j08s004829_15,,
,,,0.000677,2.088698,1.853698,mfcc,,,0.098334,segment,0,0.135989,,,0.26216715574264526,7,236.00390625,0.18351700901985168,d02j08s004829_15,,
,,,0.000729,2.597135,1.846041,mfcc,,,0.618542,segment,0,0.131823,,,0.26216715574264526,8,236.00390625,0.18351700901985168,d02j08s004829_15,,
,,,0.000729,2.128697,1.868073,mfcc,,,0.117916,segment,0,0.141979,,,0.26216715574264526,9,236.00390625,0.18351700901985168,d02j08s004829_15,,
,,,0.00276,5.914323,3.598281,mfcc,,,1.159896,segment,0,1.153386,,,0.18678222596645355,0,236.00390625,0.13074755817651748,d04j18s014737_4,,
,,,0.005104,4.838802,3.270417,mfcc,,,1.180156,segment,0,0.383125,,,0.18678222596645355,1,236.00390625,0.13074755817651748,d04j18s014737_4,,
,,,0.002135,5.093906,3.875521,mfcc,,,0.846198,segment,0,0.370052,,,0.18678222596645355,2,236.00390625,0.13074755817651748,d04j18s014737_4,,
,,,0.001146,3.653021,2.66625,mfcc,,,0.704062,segment,0,0.281563,,,0.18678222596645355,3,236.00390625,0.13074755817651748,d04j18s014737_4,,
,,,0.001094,3.512553,2.592395,mfcc,,,0.700886,segment,0,0.218178,,,0.18678222596645355,4,236.00390625,0.13074755817651748,d04j18s014737_4,,
,,,0.00125,3.217761,2.373386,mfcc,,,0.644219,segment,0,0.198906,,,0.18678222596645355,5,236.00390625,0.13074755817651748,d04j18s014737_4,,
,,,0.001041,2.793125,2.44276,mfcc,,,0.161355,segment,0,0.187969,,,0.18678222596645355,6,236.00390625,0.13074755817651748,d04j18s014737_4,,
,,,0.000782,2.794844,2.477239,mfcc,,,0.143698,segment,0,0.173125,,,0.18678222596645355,7,236.00390625,0.13074755817651748,d04j18s014737_4,,
,,,0.000729,2.649479,2.33875,mfcc,,,0.140313,segment,0,0.169687,,,0.18678222596645355,8,236.00390625,0.13074755817651748,d04j18s014737_4,,
,,,0.000937,2.66526,2.338021,mfcc,,,0.140834,segment,0,0.185468,,,0.18678222596645355,9,236.00390625,0.13074755817651748,d04j18s014737_4,,
,,,0.001042,2.719114,1.999792,mfcc,,,0.161614,segment,0,0.556666,,,0.25290748476982117,0,236.00390625,0.1770352393388748,d02j12s000857_17,,
,,,0.000781,2.185312,1.88875,mfcc,,,0.134687,segment,0,0.161094,,,0.25290748476982117,1,236.00390625,0.1770352393388748,d02j12s000857_17,,
,,,0.000886,2.165834,1.844896,mfcc,,,0.169739,segment,0,0.150313,,,0.25290748476982117,2,236.00390625,0.1770352393388748,d02j12s000857_17,,
,,,0.000833,2.168593,1.875104,mfcc,,,0.139948,segment,0,0.152708,,,0.25290748476982117,3,236.00390625,0.1770352393388748,d02j12s000857_17,,
,,,0.000833,2.137343,1.854531,mfcc,,,0.131146,segment,0,0.150833,,,0.25290748476982117,4,236.00390625,0.1770352393388748,d02j12s000857_17,,
,,,0.000886,2.138334,1.858489,mfcc,,,0.129948,segment,0,0.149011,,,0.25290748476982117,5,236.00390625,0.1770352393388748,d02j12s000857_17,,
,,,0.000834,2.153854,1.875625,mfcc,,,0.129114,segment,0,0.148281,,,0.25290748476982117,6,236.00390625,0.1770352393388748,d02j12s000857_17,,
,,,0.000833,2.124323,1.846979,mfcc,,,0.129271,segment,0,0.14724,,,0.25290748476982117,7,236.00390625,0.1770352393388748,d02j12s000857_17,,
,,,0.000938,2.142605,1.861666,mfcc,,,0.13224,segment,0,0.147761,,,0.25290748476982117,8,236.00390625,0.1770352393388748,d02j12s000857_17,,
,,,0.000833,2.174688,1.848646,mfcc,,,0.173021,segment,0,0.152188,,,0.25290748476982117,9,236.00390625,0.1770352393388748,d02j12s000857_17,,
,,,0.00349,8.619948,6.449791,mfcc,,,0.883021,segment,1,1.283646,,,0.999994158744812,0,236.30859375,0.6999959111213684,vishing_304_129,,
,,,0.002396,7.338281,5.883073,mfcc,,,0.791406,segment,1,0.661406,,,0.999994158744812,1,236.30859375,0.6999959111213684,vishing_304_129,,
,,,0.001302,4.838645,4.22901,mfcc,,,0.184375,segment,1,0.423958,,,0.999994158744812,2,236.30859375,0.6999959111213684,vishing_304_129,,
,,,0.00099,4.368125,3.883907,mfcc,,,0.14677,segment,1,0.336458,,,0.999994158744812,3,236.30859375,0.6999959111213684,vishing_304_129,,
,,,0.000938,4.273542,3.826979,mfcc,,,0.138333,segment,1,0.307292,,,0.999994158744812,4,236.30859375,0.6999959111213684,vishing_304_129,,
,,,0.000834,4.238959,3.800156,mfcc,,,0.138646,segment,1,0.299323,,,0.999994158744812,5,236.30859375,0.6999959111213684,vishing_304_129,,
,,,0.001041,4.232291,3.77,mfcc,,,0.164688,segment,1,0.296562,,,0.999994158744812,6,236.30859375,0.6999959111213684,vishing_304_129,,
,,,0.001042,4.227604,3.796771,mfcc,,,0.134427,segment,1,0.295364,,,0.999994158744812,7,236.30859375,0.6999959111213684,vishing_304_129,,
,,,0.000834,4.214427,3.760469,mfcc,,,0.162135,segment,1,0.290989,,,0.999994158744812,8,236.30859375,0.6999959111213684,vishing_304_129,,
,,,0.000989,4.215625,3.784218,mfcc,,,0.138907,segment,1,0.291511,,,0.999994158744812,9,236.30859375,0.6999959111213684,vishing_304_129,,
,,,0.00151,2.856719,2.052396,mfcc,,,0.15974,segment,1,0.643073,,,0.999994158744812,0,236.00390625,0.6999959111213684,vishing_432_29,,
,,,0.001042,2.378177,2.051302,mfcc,,,0.149062,segment,1,0.176771,,,0.999994158744812,1,236.00390625,0.6999959111213684,vishing_432_29,,
,,,0.000886,2.391667,2.01224,mfcc,,,0.21026,segment,1,0.168281,,,0.999994158744812,2,236.00390625,0.6999959111213684,vishing_432_29,,
,,,0.000989,2.283333,1.986823,mfcc,,,0.131667,segment,1,0.163854,,,0.999994158744812,3,236.00390625,0.6999959111213684,vishing_432_29,,
,,,0.001042,2.355573,2.069896,mfcc,,,0.131302,segment,1,0.153333,,,0.999994158744812,4,236.00390625,0.6999959111213684,vishing_432_29,,
,,,0.000834,2.364011,2.036875,mfcc,,,0.162448,segment,1,0.163854,,,0.999994158744812,5,236.00390625,0.6999959111213684,vishing_432_29,,
,,,0.000782,2.369688,2.0775,mfcc,,,0.134531,segment,1,0.156875,,,0.999994158744812,6,236.00390625,0.6999959111213684,vishing_432_29,,
,,,0.000729,2.286302,1.994583,mfcc,,,0.133125,segment,1,0.157865,,,0.999994158744812,7,236.00390625,0.6999959111213684,vishing_432_29,,
,,,0.000886,2.266198,1.97677,mfcc,,,0.1325,segment,1,0.156042,,,0.999994158744812,8,236.00390625,0.6999959111213684,vishing_432_29,,
,,,0.000937,2.284896,2.004687,mfcc,,,0.128282,segment,1,0.15099,,,0.999994158744812,9,236.00390625,0.6999959111213684,vishing_432_29,,
,,,0.001302,7.109792,5.746042,mfcc,,,0.161875,segment,1,1.200573,,,0.9999994039535522,0,236.41796875,0.6999995827674865,vishing_564_32,,
,,,0.001094,6.327813,5.686459,mfcc,,,0.179635,segment,1,0.460625,,,0.9999994039535522,1,236.41796875,0.6999995827674865,vishing_564_32,,
,,,0.000885,6.047656,5.42224,mfcc,,,0.209323,segment,1,0.415208,,,0.9999994039535522,2,236.41796875,0.6999995827674865,vishing_564_32,,
,,,0.001198,6.214687,5.573542,mfcc,,,0.179062,segment,1,0.460885,,,0.9999994039535522,3,236.41796875,0.6999995827674865,vishing_564_32,,
,,,0.000938,6.094635,5.520312,mfcc,,,0.176979,segment,1,0.396406,,,0.9999994039535522,4,236.41796875,0.6999995827674865,vishing_564_32,,
,,,0.00099,6.103854,5.519948,mfcc,,,0.178489,segment,1,0.404427,,,0.9999994039535522,5,236.41796875,0.6999995827674865,vishing_564_32,,
,,,0.000885,6.016198,5.455417,mfcc,,,0.16974,segment,1,0.390156,,,0.9999994039535522,6,236.41796875,0.6999995827674865,vishing_564_32,,
,,,0.00125,6.050833,5.48099,mfcc,,,0.177031,segment,1,0.391562,,,0.9999994039535522,7,236.41796875,0.6999995827674865,vishing_564_32,,
,,,0.000886,6.115521,5.543334,mfcc,,,0.173333,segment,1,0.397968,,,0.9999994039535522,8,236.41796875,0.6999995827674865,vishing_564_32,,
,,,0.000885,6.023906,5.454166,mfcc,,,0.17474,segment,1,0.394115,,,0.9999994039535522,9,236.41796875,0.6999995827674865,vishing_564_32,,
,,,0.001406,8.284115,6.975729,mfcc,,,0.203438,segment,0,1.103542,,,0.4414536952972412,0,236.5078125,0.30901758670806884,d02j12s005273_1,,
,,,0.001146,7.628698,6.917084,mfcc,,,0.191718,segment,0,0.51875,,,0.4414536952972412,1,236.5078125,0.30901758670806884,d02j12s005273_1,,
,,,0.000989,7.437916,6.719375,mfcc,,,0.218021,segment,0,0.499531,,,0.4414536952972412,2,236.5078125,0.30901758670806884,d02j12s005273_1,,
,,,0.001302,7.420573,6.660052,mfcc,,,0.214948,segment,0,0.544271,,,0.4414536952972412,3,236.5078125,0.30901758670806884,d02j12s005273_1,,
,,,0.001354,7.412031,6.719792,mfcc,,,0.20276,segment,0,0.488125,,,0.4414536952972412,4,236.5078125,0.30901758670806884,d02j12s005273_1,,
,,,0.001459,7.398959,6.72724,mfcc,,,0.196614,segment,0,0.473646,,,0.4414536952972412,5,236.5078125,0.30901758670806884,d02j12s005273_1,,
,,,0.001458,7.374114,6.710781,mfcc,,,0.192396,segment,0,0.469479,,,0.4414536952972412,6,236.5078125,0.30901758670806884,d02j12s005273_1,,
,,,0.001302,7.342031,6.669531,mfcc,,,0.187083,segment,0,0.484115,,,0.4414536952972412,7,236.5078125,0.30901758670806884,d02j12s005273_1,,
,,,0.000937,7.280208,6.620834,mfcc,,,0.183125,segment,0,0.475312,,,0.4414536952972412,8,236.5078125,0.30901758670806884,d02j12s005273_1,,
,,,0.00125,6.858542,6.223334,mfcc,,,0.190729,segment,0,0.443229,,,0.4414536952972412,9,236.5078125,0.30901758670806884,d02j12s005273_1,,
,,,0.001406,6.723177,5.534531,mfcc,,,0.193021,segment,0,0.994219,,,0.40126627683639526,0,236.4375,0.28088639378547664,d02j11s001550_16,,
,,,0.001041,6.100729,5.465156,mfcc,,,0.182292,segment,0,0.45224,,,0.40126627683639526,1,236.4375,0.28088639378547664,d02j11s001550_16,,
,,,0.001093,6.08026,5.500833,mfcc,,,0.176407,segment,0,0.401927,,,0.40126627683639526,2,236.4375,0.28088639378547664,d02j11s001550_16,,
,,,0.001042,6.102813,5.516459,mfcc,,,0.180312,segment,0,0.405,,,0.40126627683639526,3,236.4375,0.28088639378547664,d02j11s001550_16,,
,,,0.001302,5.884219,5.280938,mfcc,,,0.212708,segment,0,0.389271,,,0.40126627683639526,4,236.4375,0.28088639378547664,d02j11s001550_16,,
,,,0.000886,5.917969,5.353958,mfcc,,,0.175625,segment,0,0.3875,,,0.40126627683639526,5,236.4375,0.28088639378547664,d02j11s001550_16,,
,,,0.001041,5.867395,5.292396,mfcc,,,0.176354,segment,0,0.397604,,,0.40126627683639526,6,236.4375,0.28088639378547664,d02j11s001550_16,,
,,,0.001093,6.06125,5.489479,mfcc,,,0.17974,segment,0,0.390938,,,0.40126627683639526,7,236.4375,0.28088639378547664,d02j11s001550_16,,
,,,0.001198,5.965156,5.357395,mfcc,,,0.210938,segment,0,0.395625,,,0.40126627683639526,8,236.4375,0.28088639378547664,d02j11s001550_16,,
,,,0.00125,5.950885,5.307916,mfcc,,,0.18,segment,0,0.461719,,,0.40126627683639526,9,236.4375,0.28088639378547664,d02j11s001550_16,,
,,,0.001666,8.677656,7.227448,mfcc,,,0.242136,segment,1,1.206406,,,0.9999915361404419,0,236.5390625,0.6999940752983093,vishing_368_33,,
,,,0.001198,8.198489,7.397396,mfcc,,,0.187864,segment,1,0.612031,,,0.9999915361404419,1,236.5390625,0.6999940752983093,vishing_368_33,,
,,,0.00099,7.800261,7.081615,mfcc,,,0.218437,segment,1,0.499219,,,0.9999915361404419,2,236.5390625,0.6999940752983093,vishing_368_33,,
,,,0.000833,8.135,7.414531,mfcc,,,0.203021,segment,1,0.516615,,,0.9999915361404419,3,236.5390625,0.6999940752983093,vishing_368_33,,
,,,0.001198,7.757084,7.06125,mfcc,,,0.189271,segment,1,0.505365,,,0.9999915361404419,4,236.5390625,0.6999940752983093,vishing_368_33,,
,,,0.001146,7.714167,7.030625,mfcc,,,0.184375,segment,1,0.498021,,,0.9999915361404419,5,236.5390625,0.6999940752983093,vishing_368_33,,
,,,0.001041,7.708697,7.030156,mfcc,,,0.18599,segment,1,0.49151,,,0.9999915361404419,6,236.5390625,0.6999940752983093,vishing_368_33,,
,,,0.00125,7.731354,7.060625,mfcc,,,0.183333,segment,1,0.486146,,,0.9999915361404419,7,236.5390625,0.6999940752983093,vishing_368_33,,
,,,0.00099,7.787553,7.115052,mfcc,,,0.184427,segment,1,0.487084,,,0.9999915361404419,8,236.5390625,0.6999940752983093,vishing_368_33,,
,,,0.001042,7.683594,7.003125,mfcc,,,0.187552,segment,1,0.491875,,,0.9999915361404419,9,236.5390625,0.6999940752983093,vishing_368_33,,
,,,0.000938,5.499584,4.475625,mfcc,,,0.184375,segment,0,0.838646,,,0.4455646276473999,0,236.3515625,0.3118952393531799,d02j11s001550_2,,
,,,0.000781,4.911041,4.372552,mfcc,,,0.165313,segment,0,0.372395,,,0.4455646276473999,1,236.3515625,0.3118952393531799,d02j11s001550_2,,
,,,0.000833,4.935677,4.418906,mfcc,,,0.170625,segment,0,0.345313,,,0.4455646276473999,2,236.3515625,0.3118952393531799,d02j11s001550_2,,
,,,0.00099,4.922188,4.335885,mfcc,,,0.166563,segment,0,0.41875,,,0.4455646276473999,3,236.3515625,0.3118952393531799,d02j11s001550_2,,
,,,0.000989,4.903854,4.398177,mfcc,,,0.166927,segment,0,0.337761,,,0.4455646276473999,4,236.3515625,0.3118952393531799,d02j11s001550_2,,
,,,0.00099,4.807188,4.309896,mfcc,,,0.164896,segment,0,0.331406,,,0.4455646276473999,5,236.3515625,0.3118952393531799,d02j11s001550_2,,
,,,0.000886,4.821771,4.323229,mfcc,,,0.163333,segment,0,0.334323,,,0.4455646276473999,6,236.3515625,0.3118952393531799,d02j11s001550_2,,
,,,0.000781,4.88875,4.401719,mfcc,,,0.159687,segment,0,0.326563,,,0.4455646276473999,7,236.3515625,0.3118952393531799,d02j11s001550_2,,
,,,0.000886,4.973802,4.471666,mfcc,,,0.173177,segment,0,0.328073,,,0.4455646276473999,8,236.3515625,0.3118952393531799,d02j11s001550_2,,
,,,0.000885,4.969739,4.467396,mfcc,,,0.175104,segment,0,0.326354,,,0.4455646276473999,9,236.3515625,0.3118952393531799,d02j11s001550_2,,
,,,0.001302,7.560573,6.258229,mfcc,,,0.201667,segment,0,1.099375,,,0.506348729133606,0,236.46875,0.35444411039352414,d04j18s013482_13,,
,,,0.001093,6.573281,5.900833,mfcc,,,0.181719,segment,0,0.489636,,,0.506348729133606,1,236.46875,0.35444411039352414,d04j18s013482_13,,
,,,0.001093,6.235729,5.636823,mfcc,,,0.177709,segment,0,0.420104,,,0.506348729133606,2,236.46875,0.35444411039352414,d04j18s013482_13,,
,,,0.000989,6.18526,5.559843,mfcc,,,0.210261,segment,0,0.414167,,,0.506348729133606,3,236.46875,0.35444411039352414,d04j18s013482_13,,
,,,0.000937,6.30901,5.719115,mfcc,,,0.174531,segment,0,0.414427,,,0.506348729133606,4,236.46875,0.35444411039352414,d04j18s013482_13,,
,,,0.00125,6.22401,5.636979,mfcc,,,0.174843,segment,0,0.410938,,,0.506348729133606,5,236.46875,0.35444411039352414,d04j18s013482_13,,
,,,0.001042,6.411563,5.817344,mfcc,,,0.171823,segment,0,0.421354,,,0.506348729133606,6,236.46875,0.35444411039352414,d04j18s013482_13,,
,,,0.001041,6.733854,6.122083,mfcc,,,0.172605,segment,0,0.438125,,,0.506348729133606,7,236.46875,0.35444411039352414,d04j18s013482_13,,
,,,0.001094,6.648021,6.001823,mfcc,,,0.20651,segment,0,0.438594,,,0.506348729133606,8,236.46875,0.35444411039352414,d04j18s013482_13,,
,,,0.001094,6.724948,6.079584,mfcc,,,0.17302,segment,0,0.47125,,,0.506348729133606,9,236.46875,0.35444411039352414,d04j18s013482_13,,
,,,0.004271,10.610521,7.815625,mfcc,,,0.881979,segment,1,1.908646,,,0.9999961853027344,0,236.28515625,0.699997329711914,vishing_597_16,,
,,,0.001406,6.966823,6.02599,mfcc,,,0.185,segment,1,0.754427,,,0.9999961853027344,1,236.28515625,0.699997329711914,vishing_597_16,,
,,,0.001458,4.6825,4.131093,mfcc,,,0.172917,segment,1,0.377032,,,0.9999961853027344,2,236.28515625,0.699997329711914,vishing_597_16,,
,,,0.001146,4.337448,3.877344,mfcc,,,0.135104,segment,1,0.323854,,,0.9999961853027344,3,236.28515625,0.699997329711914,vishing_597_16,,
,,,0.001094,4.354688,3.795677,mfcc,,,0.23375,segment,1,0.324167,,,0.9999961853027344,4,236.28515625,0.699997329711914,vishing_597_16,,
,,,0.001042,4.238646,3.799948,mfcc,,,0.131354,segment,1,0.306302,,,0.9999961853027344,5,236.28515625,0.699997329711914,vishing_597_16,,
,,,0.001146,4.274375,3.846354,mfcc,,,0.123698,segment,1,0.303177,,,0.9999961853027344,6,236.28515625,0.699997329711914,vishing_597_16,,
,,,0.001094,4.000365,3.574063,mfcc,,,0.127031,segment,1,0.298177,,,0.9999961853027344,7,236.28515625,0.699997329711914,vishing_597_16,,
,,,0.001145,4.015364,3.592084,mfcc,,,0.129427,segment,1,0.292708,,,0.9999961853027344,8,236.28515625,0.699997329711914,vishing_597_16,,
,,,0.000938,3.998282,3.581875,mfcc,,,0.124271,segment,1,0.291198,,,0.9999961853027344,9,236.28515625,0.699997329711914,vishing_597_16,,
,,,0.001094,3.341719,2.502031,mfcc,,,0.145677,segment,0,0.692917,,,0.24802857637405396,0,236.00390625,0.17362000346183776,d02j10s005177_33,,
,,,0.001093,2.871927,2.534844,mfcc,,,0.135417,segment,0,0.200573,,,0.24802857637405396,1,236.00390625,0.17362000346183776,d02j10s005177_33,,
,,,0.000937,2.768281,2.459583,mfcc,,,0.12599,segment,0,0.181771,,,0.24802857637405396,2,236.00390625,0.17362000346183776,d02j10s005177_33,,
,,,0.00099,2.88875,2.551354,mfcc,,,0.147396,segment,0,0.18901,,,0.24802857637405396,3,236.00390625,0.17362000346183776,d02j10s005177_33,,
,,,0.000833,2.942344,2.577188,mfcc,,,0.1875,segment,0,0.176823,,,0.24802857637405396,4,236.00390625,0.17362000346183776,d02j10s005177_33,,
,,,0.000937,2.956145,2.627708,mfcc,,,0.15224,segment,0,0.17526,,,0.24802857637405396,5,236.00390625,0.17362000346183776,d02j10s005177_33,,
,,,0.000886,2.894636,2.563177,mfcc,,,0.15276,segment,0,0.177813,,,0.24802857637405396,6,236.00390625,0.17362000346183776,d02j10s005177_33,,
,,,0.000938,2.938698,2.609531,mfcc,,,0.151927,segment,0,0.176302,,,0.24802857637405396,7,236.00390625,0.17362000346183776,d02j10s005177_33,,
,,,0.00099,2.86474,2.527864,mfcc,,,0.152917,segment,0,0.182969,,,0.24802857637405396,8,236.00390625,0.17362000346183776,d02j10s005177_33,,
,,,0.000885,2.889531,2.559688,mfcc,,,0.152083,segment,0,0.176875,,,0.24802857637405396,9,236.00390625,0.17362000346183776,d02j10s005177_33,,
,,,0.00125,4.507656,3.421407,mfcc,,,0.181718,segment,1,0.903281,,,0.9999995231628418,0,236.00390625,0.6999996662139892,vishing_601_10,,
,,,0.00099,3.789115,3.372916,mfcc,,,0.173906,segment,1,0.241303,,,0.9999995231628418,1,236.00390625,0.6999996662139892,vishing_601_10,,
,,,0.001197,3.746406,3.384166,mfcc,,,0.148855,segment,1,0.212188,,,0.9999995231628418,2,236.00390625,0.6999996662139892,vishing_601_10,,
,,,0.001042,3.525573,3.157187,mfcc,,,0.173958,segment,1,0.193386,,,0.9999995231628418,3,236.00390625,0.6999996662139892,vishing_601_10,,
,,,0.001146,3.516823,3.139792,mfcc,,,0.18401,segment,1,0.191875,,,0.9999995231628418,4,236.00390625,0.6999996662139892,vishing_601_10,,
,,,0.000989,3.619791,3.2725,mfcc,,,0.154011,segment,1,0.192291,,,0.9999995231628418,5,236.00390625,0.6999996662139892,vishing_601_10,,
,,,0.000885,3.597656,3.225938,mfcc,,,0.180625,segment,1,0.190208,,,0.9999995231628418,6,236.00390625,0.6999996662139892,vishing_601_10,,
,,,0.000834,3.572292,3.225312,mfcc,,,0.155104,segment,1,0.191042,,,0.9999995231628418,7,236.00390625,0.6999996662139892,vishing_601_10,,
,,,0.001042,3.577656,3.235416,mfcc,,,0.152448,segment,1,0.18875,,,0.9999995231628418,8,236.00390625,0.6999996662139892,vishing_601_10,,
,,,0.000989,3.758177,3.416041,mfcc,,,0.153178,segment,1,0.187969,,,0.9999995231628418,9,236.00390625,0.6999996662139892,vishing_601_10,,
,,,0.001562,2.529323,1.771614,mfcc,,,0.171615,segment,1,0.584532,,,0.9957922697067261,0,236.00390625,0.6970545887947082,vishing_597_100,,
,,,0.001198,2.100261,1.773125,mfcc,,,0.165313,segment,1,0.160625,,,0.9957922697067261,1,236.00390625,0.6970545887947082,vishing_597_100,,
,,,0.001042,2.031094,1.712656,mfcc,,,0.1625,segment,1,0.154896,,,0.9957922697067261,2,236.00390625,0.6970545887947082,vishing_597_100,,
,,,0.001198,2.097344,1.74875,mfcc,,,0.192396,segment,1,0.155,,,0.9957922697067261,3,236.00390625,0.6970545887947082,vishing_597_100,,
,,,0.001198,2.092657,1.72375,mfcc,,,0.213802,segment,1,0.153907,,,0.9957922697067261,4,236.00390625,0.6970545887947082,vishing_597_100,,
,,,0.000937,2.08651,1.776041,mfcc,,,0.151407,segment,1,0.158125,,,0.9957922697067261,5,236.00390625,0.6970545887947082,vishing_597_100,,
,,,0.000833,1.935677,1.652188,mfcc,,,0.140833,segment,1,0.141823,,,0.9957922697067261,6,236.00390625,0.6970545887947082,vishing_597_100,,
,,,0.000885,1.980677,1.680208,mfcc,,,0.160261,segment,1,0.139323,,,0.9957922697067261,7,236.00390625,0.6970545887947082,vishing_597_100,,
,,,0.00099,1.976979,1.640677,mfcc,,,0.194635,segment,1,0.140677,,,0.9957922697067261,8,236.00390625,0.6970545887947082,vishing_597_100,,
,,,0.000833,1.98427,1.687708,mfcc,,,0.155104,segment,1,0.140625,,,0.9957922697067261,9,236.00390625,0.6970545887947082,vishing_597_100,,
,,,0.003698,16.249115,12.515417,mfcc,,,1.006406,segment,1,2.723594,,,0.9999994039535522,0,236.53515625,0.6999995827674865,vishing_558_3,,
,,,0.001458,9.23625,7.841302,mfcc,,,0.437709,segment,1,0.955781,,,0.9999994039535522,1,236.53515625,0.6999995827674865,vishing_558_3,,
,,,0.00125,7.76302,7.040365,mfcc,,,0.202916,segment,1,0.518489,,,0.9999994039535522,2,236.53515625,0.6999995827674865,vishing_558_3,,
,,,0.001198,7.851198,7.126718,mfcc,,,0.176667,segment,1,0.546615,,,0.9999994039535522,3,236.53515625,0.6999995827674865,vishing_558_3,,
,,,0.001303,8.094636,7.406979,mfcc,,,0.172083,segment,1,0.514271,,,0.9999994039535522,4,236.53515625,0.6999995827674865,vishing_558_3,,
,,,0.001198,8.071459,7.394375,mfcc,,,0.174375,segment,1,0.501511,,,0.9999994039535522,5,236.53515625,0.6999995827674865,vishing_558_3,,
,,,0.001041,7.861927,7.102552,mfcc,,,0.19,segment,1,0.568334,,,0.9999994039535522,6,236.53515625,0.6999995827674865,vishing_558_3,,
,,,0.00125,7.719375,7.058542,mfcc,,,0.189271,segment,1,0.470312,,,0.9999994039535522,7,236.53515625,0.6999995827674865,vishing_558_3,,
,,,0.00099,7.778698,7.066198,mfcc,,,0.175208,segment,1,0.536302,,,0.9999994039535522,8,236.53515625,0.6999995827674865,vishing_558_3,,
,,,0.000781,7.752239,7.088229,mfcc,,,0.162187,segment,1,0.501042,,,0.9999994039535522,9,236.53515625,0.6999995827674865,vishing_558_3,,
0.3,vishing_257,,,,,mfcc,0.9999176887248897,7.257292,,call,1,,8,7.232188,,,,,,0.3,36.294792
0.3,vishing_44,,,,,mfcc,0.9996525623152821,6.776875,,call,1,,8,11.625886,,,,,,0.3,47.99401
0.3,vishing_304,,,,,mfcc,0.9999970079470263,2.87198,,call,1,,353,13.892709,,,,,,0.3,1809.233593
0.3,vishing_617,,,,,mfcc,0.9999979824112497,18.541041,,call,1,,357,12.543072,,,,,,0.3,1798.452395
0.3,vishing_366,,,,,mfcc,0.9999915883373172,18.314115,,call,1,,66,14.932917,,,,,,0.3,397.128177
0.3,vishing_552,,,,,mfcc,0.9980070970015569,6.515416,,call,1,,50,9.108906,,,,,,0.3,243.91901
0.3,vishing_457,,,,,mfcc,0.9975644514334201,10.482292,,call,1,,5,8.859011,,,,,,0.3,35.635521
0.3,vishing_234,,,,,mfcc,0.9953907650936245,8.373281,,call,1,,7,8.377031,,,,,,0.3,51.24776
0.3,vishing_168,,,,,mfcc,0.9997811493899107,9.351979,,call,1,,7,11.878698,,,,,,0.3,58.661302
0.3,vishing_479,,,,,mfcc,0.7964670007792234,7.220573,,call,1,,7,8.748073,,,,,,0.3,46.530782
0.3,vishing_228,,,,,mfcc,0.9918988001227378,7.605209,,call,1,,4,7.19099,,,,,,0.3,21.5725
0.3,vishing_248,,,,,mfcc,0.9999766450363488,9.856771,,call,1,,11,9.665364,,,,,,0.3,45.376354
0.3,vishing_445,,,,,mfcc,0.9317327494412506,5.178958,,call,1,,28,8.748438,,,,,,0.3,191.310417
0.3,vishing_178,,,,,mfcc,0.9999981480978425,9.378177,,call,1,,22,8.291146,,,,,,0.3,76.569427
0.3,vishing_679,,,,,mfcc,0.9927109642773164,7.243542,,call,1,,11,10.620938,,,,,,0.3,80.647969
0.3,vishing_601,,,,,mfcc,0.9999977082575986,7.866979,,call,1,,34,8.472708,,,,,,0.3,140.713437
0.3,vishing_211,,,,,mfcc,0.9997797913122652,8.75724,,call,1,,7,13.393229,,,,,,0.3,58.520313
0.3,vishing_453,,,,,mfcc,0.9992557417932242,3.300052,,call,1,,108,11.497083,,,,,,0.3,452.491146
0.3,vishing_432,,,,,mfcc,0.9999923588342922,5.704219,,call,1,,30,13.114011,,,,,,0.3,157.8275
0.3,vishing_88,,,,,mfcc,0.9948726191602735,8.433489,,call,1,,18,13.715885,,,,,,0.3,133.656041
0.3,vishing_255,,,,,mfcc,0.9665096010380283,14.155104,,call,1,,10,12.585469,,,,,,0.3,67.343542
0.3,vishing_434,,,,,mfcc,0.9986720354382574,12.110625,,call,1,,7,11.851146,,,,,,0.3,45.219323
0.3,vishing_208,,,,,mfcc,0.9999457665543305,7.996458,,call,1,,11,10.059271,,,,,,0.3,59.406666
0.3,vishing_615,,,,,mfcc,0.9999953587392516,2.099583,,call,1,,29,13.084063,,,,,,0.3,119.626146
0.3,vishing_393,,,,,mfcc,0.9946308000945823,2.932292,,call,1,,26,8.351927,,,,,,0.3,109.181979
0.3,vishing_375,,,,,mfcc,0.999424054817112,11.838855,,call,1,,33,16.314218,,,,,,0.3,214.817709
0.3,vishing_542,,,,,mfcc,0.6256477199792861,13.950885,,call,1,,3,12.810208,,,,,,0.3,31.387708
0.3,vishing_112,,,,,mfcc,0.9999812032136651,7.060573,,call,1,,12,11.804739,,,,,,0.3,89.683541
0.3,vishing_602,,,,,mfcc,0.9999656969597952,5.732396,,call,1,,41,14.230052,,,,,,0.3,214.116927
0.3,vishing_118,,,,,mfcc,0.9638952518286532,8.949688,,call,1,,15,9.764271,,,,,,0.3,72.901042
0.3,vishing_82,,,,,mfcc,0.9991517930518388,2.889479,,call,1,,6,6.857344,,,,,,0.3,21.84599
0.3,vishing_217,,,,,mfcc,0.9999994407419939,5.209896,,call,1,,12,10.637448,,,,,,0.3,86.868802
0.3,vishing_226,,,,,mfcc,0.9997581544722138,14.086771,,call,1,,7,13.51151,,,,,,0.3,76.984792
0.3,vishing_417,,,,,mfcc,0.9999996912936178,9.348542,,call,1,,17,13.88177,,,,,,0.3,140.663229
0.3,vishing_520,,,,,mfcc,0.9999894837477217,18.475208,,call,1,,90,19.615573,,,,,,0.3,590.777031
0.3,vishing_338,,,,,mfcc,0.9999876110218775,5.653594,,call,1,,38,15.501459,,,,,,0.3,283.113177
0.3,vishing_575,,,,,mfcc,0.9999928964880237,5.4875,,call,1,,40,36.2075,,,,,,0.3,335.941146
0.3,vishing_600,,,,,mfcc,0.909977068901062,7.871667,,call,1,,2,6.43474,,,,,,0.3,12.625886
0.3,vishing_446,,,,,mfcc,0.9974503086762975,2.542031,,call,1,,17,9.736094,,,,,,0.3,60.729948
0.3,vishing_444,,,,,mfcc,0.999978018877841,5.987395,,call,1,,9,9.02401,,,,,,0.3,50.248281
0.3,vishing_597,,,,,mfcc,0.9998812254132181,5.8325,,call,1,,104,15.579218,,,,,,0.3,545.270677
0.3,vishing_368,,,,,mfcc,0.9998240240471186,9.117813,,call,1,,222,11.354844,,,,,,0.3,892.558437
0.3,vishing_360,,,,,mfcc,0.9999999678496225,12.750156,,call,1,,31,9.859948,,,,,,0.3,194.083906
0.3,vishing_173,,,,,mfcc,0.9950146842089487,9.506979,,call,1,,14,8.041145,,,,,,0.3,50.919063
0.3,vishing_671,,,,,mfcc,0.9729952527284621,6.853646,,call,1,,3,6.678698,,,,,,0.3,19.813594
0.3,vishing_53,,,,,mfcc,0.9098735618591308,6.688333,,call,1,,2,10.82276,,,,,,0.3,17.527552
0.3,vishing_653,,,,,mfcc,0.9999613442730391,5.441354,,call,1,,131,11.823333,,,,,,0.3,627.385573
0.3,vishing_242,,,,,mfcc,0.9997437692058861,10.01724,,call,1,,7,8.565573,,,,,,0.3,43.695781
0.3,vishing_86,,,,,mfcc,0.996016446852684,8.268541,,call,1,,5,9.241354,,,,,,0.3,40.541823
0.3,vishing_192,,,,,mfcc,0.9997115637406824,5.797968,,call,1,,7,8.804688,,,,,,0.3,45.2925
,,precomputed,0.001667,2.076094,0.00427,egemaps,,,0.683438,segment,0,1.386719,,,0.007897627539932728,0,235.23828125,0.005528339277952909,d02j12s000857_29,,
,,precomputed,0.001302,0.973906,0.002604,egemaps,,,0.757552,segment,0,0.212448,,,0.007897627539932728,1,235.23828125,0.005528339277952909,d02j12s000857_29,,
,,precomputed,0.000729,0.22651,0.001458,egemaps,,,0.059479,segment,0,0.164844,,,0.007897627539932728,2,235.23828125,0.005528339277952909,d02j12s000857_29,,
,,precomputed,0.000677,0.192395,0.00125,egemaps,,,0.048802,segment,0,0.141666,,,0.007897627539932728,3,235.23828125,0.005528339277952909,d02j12s000857_29,,
,,precomputed,0.000625,0.179896,0.001042,egemaps,,,0.04625,segment,0,0.131979,,,0.007897627539932728,4,235.23828125,0.005528339277952909,d02j12s000857_29,,
,,precomputed,0.000625,0.174635,0.000937,egemaps,,,0.04375,segment,0,0.129323,,,0.007897627539932728,5,235.23828125,0.005528339277952909,d02j12s000857_29,,
,,precomputed,0.000468,0.169531,0.000833,egemaps,,,0.042605,segment,0,0.125625,,,0.007897627539932728,6,235.23828125,0.005528339277952909,d02j12s000857_29,,
,,precomputed,0.000469,0.169167,0.000886,egemaps,,,0.042187,segment,0,0.125625,,,0.007897627539932728,7,235.23828125,0.005528339277952909,d02j12s000857_29,,
,,precomputed,0.000521,0.167812,0.000833,egemaps,,,0.042135,segment,0,0.124323,,,0.007897627539932728,8,235.23828125,0.005528339277952909,d02j12s000857_29,,
,,precomputed,0.000573,0.168021,0.000781,egemaps,,,0.041875,segment,0,0.124792,,,0.007897627539932728,9,235.23828125,0.005528339277952909,d02j12s000857_29,,
,,precomputed,0.001146,1.49474,0.001302,egemaps,,,0.137135,segment,1,1.355157,,,1.0,0,235.75,0.7,vishing_366_52,,
,,precomputed,0.000677,0.661041,0.001406,egemaps,,,0.107448,segment,1,0.55151,,,1.0,1,235.765625,0.7,vishing_366_52,,
,,precomputed,0.000729,0.49599,0.001094,egemaps,,,0.055729,segment,1,0.438438,,,1.0,2,235.765625,0.7,vishing_366_52,,
,,precomputed,0.000677,0.489063,0.00099,egemaps,,,0.055469,segment,1,0.431927,,,1.0,3,235.765625,0.7,vishing_366_52,,
,,precomputed,0.000729,0.481823,0.001042,egemaps,,,0.052031,segment,1,0.428021,,,1.0,4,235.765625,0.7,vishing_366_52,,
,,precomputed,0.000625,0.481146,0.000938,egemaps,,,0.053281,segment,1,0.426302,,,1.0,5,235.765625,0.7,vishing_366_52,,
,,precomputed,0.000625,0.476927,0.000938,egemaps,,,0.050885,segment,1,0.424479,,,1.0,6,235.765625,0.7,vishing_366_52,,
,,precomputed,0.000729,0.535521,0.001042,egemaps,,,0.073177,segment,1,0.460573,,,1.0,7,235.765625,0.7,vishing_366_52,,
,,precomputed,0.000834,0.495886,0.001042,egemaps,,,0.067343,segment,1,0.426667,,,1.0,8,235.765625,0.7,vishing_366_52,,
,,precomputed,0.000729,0.502292,0.001094,egemaps,,,0.071302,segment,1,0.429167,,,1.0,9,235.765625,0.7,vishing_366_52,,
,,precomputed,0.000886,1.64224,0.001406,egemaps,,,0.109635,segment,0,1.530313,,,0.001933300169184804,0,235.56640625,0.0013533101184293626,d01j020s006622_3,,
,,precomputed,0.000834,0.401979,0.001198,egemaps,,,0.056093,segment,0,0.343854,,,0.001933300169184804,1,235.56640625,0.0013533101184293626,d01j020s006622_3,,
,,precomputed,0.000677,0.371094,0.001042,egemaps,,,0.052031,segment,0,0.317344,,,0.001933300169184804,2,235.56640625,0.0013533101184293626,d01j020s006622_3,,
,,precomputed,0.000573,0.35026,0.001093,egemaps,,,0.050573,segment,0,0.298021,,,0.001933300169184804,3,235.56640625,0.0013533101184293626,d01j020s006622_3,,
,,precomputed,0.000625,0.345208,0.000937,egemaps,,,0.048594,segment,0,0.295052,,,0.001933300169184804,4,235.56640625,0.0013533101184293626,d01j020s006622_3,,
,,precomputed,0.000677,0.345729,0.000885,egemaps,,,0.048907,segment,0,0.29526,,,0.001933300169184804,5,235.56640625,0.0013533101184293626,d01j020s006622_3,,
,,precomputed,0.000625,0.347031,0.001146,egemaps,,,0.048906,segment,0,0.296354,,,0.001933300169184804,6,235.56640625,0.0013533101184293626,d01j020s006622_3,,
,,precomputed,0.000573,0.343854,0.00099,egemaps,,,0.048958,segment,0,0.293333,,,0.001933300169184804,7,235.56640625,0.0013533101184293626,d01j020s006622_3,,
,,precomputed,0.000625,0.34151,0.000937,egemaps,,,0.047969,segment,0,0.291979,,,0.001933300169184804,8,235.5703125,0.0013533101184293626,d01j020s006622_3,,
,,precomputed,0.000572,0.341718,0.000938,egemaps,,,0.048125,segment,0,0.292083,,,0.001933300169184804,9,235.5703125,0.0013533101184293626,d01j020s006622_3,,
,,precomputed,0.001041,1.724948,0.001354,egemaps,,,0.157448,segment,0,1.565105,,,0.009204394184052944,0,235.81640625,0.006443075928837061,d04j18s014737_2,,
,,precomputed,0.000833,0.620833,0.001041,egemaps,,,0.088386,segment,0,0.530573,,,0.009204394184052944,1,235.81640625,0.006443075928837061,d04j18s014737_2,,
,,precomputed,0.000729,0.548437,0.000937,egemaps,,,0.080417,segment,0,0.466354,,,0.009204394184052944,2,235.81640625,0.006443075928837061,d04j18s014737_2,,
,,precomputed,0.000782,0.532032,0.000938,egemaps,,,0.069843,segment,0,0.460469,,,0.009204394184052944,3,235.81640625,0.006443075928837061,d04j18s014737_2,,
,,precomputed,0.000729,0.53401,0.00099,egemaps,,,0.073854,segment,0,0.458437,,,0.009204394184052944,4,235.81640625,0.006443075928837061,d04j18s014737_2,,
,,precomputed,0.000677,0.529167,0.001094,egemaps,,,0.068386,segment,0,0.45901,,,0.009204394184052944,5,235.81640625,0.006443075928837061,d04j18s014737_2,,
,,precomputed,0.000729,0.539323,0.001042,egemaps,,,0.077344,segment,0,0.460208,,,0.009204394184052944,6,235.81640625,0.006443075928837061,d04j18s014737_2,,
,,precomputed,0.000833,0.525677,0.000989,egemaps,,,0.069167,segment,0,0.454688,,,0.009204394184052944,7,235.81640625,0.006443075928837061,d04j18s014737_2,,
,,precomputed,0.000729,0.53,0.001042,egemaps,,,0.073541,segment,0,0.454688,,,0.009204394184052944,8,235.81640625,0.006443075928837061,d04j18s014737_2,,
,,precomputed,0.000677,0.523594,0.001042,egemaps,,,0.068802,segment,0,0.453073,,,0.009204394184052944,9,235.81640625,0.006443075928837061,d04j18s014737_2,,
,,precomputed,0.000937,1.094843,0.001094,egemaps,,,0.101771,segment,1,0.991041,,,1.0,0,235.5859375,0.7,vishing_304_49,,
,,precomputed,0.002813,1.207031,0.001094,egemaps,,,0.849531,segment,1,0.353593,,,1.0,1,235.5859375,0.7,vishing_304_49,,
,,precomputed,0.001094,0.503229,0.001355,egemaps,,,0.126718,segment,1,0.374062,,,1.0,2,235.5859375,0.7,vishing_304_49,,
,,precomputed,0.000729,0.379948,0.001198,egemaps,,,0.059427,segment,1,0.318594,,,1.0,3,235.5859375,0.7,vishing_304_49,,
,,precomputed,0.000729,0.367604,0.00099,egemaps,,,0.052448,segment,1,0.313437,,,1.0,4,235.5859375,0.7,vishing_304_49,,
,,precomputed,0.000677,0.367135,0.001094,egemaps,,,0.055573,segment,1,0.309791,,,1.0,5,235.5859375,0.7,vishing_304_49,,
,,precomputed,0.000729,0.363698,0.000938,egemaps,,,0.053229,segment,1,0.308802,,,1.0,6,235.5859375,0.7,vishing_304_49,,
,,precomputed,0.00052,0.357187,0.001042,egemaps,,,0.049167,segment,1,0.306458,,,1.0,7,235.5859375,0.7,vishing_304_49,,
,,precomputed,0.000625,0.408489,0.00099,egemaps,,,0.077083,segment,1,0.329791,,,1.0,8,235.5859375,0.7,vishing_304_49,,
,,precomputed,0.000781,0.370416,0.000938,egemaps,,,0.052656,segment,1,0.316041,,,1.0,9,235.5859375,0.7,vishing_304_49,,
,,precomputed,0.00125,1.42474,0.001146,egemaps,,,0.135417,segment,0,1.286927,,,0.007334965281188488,0,235.73046875,0.005134475696831941,d02j12s000074_6,,
,,precomputed,0.000729,0.65776,0.001198,egemaps,,,0.184896,segment,0,0.470937,,,0.007334965281188488,1,235.73046875,0.005134475696831941,d02j12s000074_6,,
,,precomputed,0.000781,0.570521,0.001093,egemaps,,,0.150209,segment,0,0.418438,,,0.007334965281188488,2,235.73046875,0.005134475696831941,d02j12s000074_6,,
,,precomputed,0.000781,0.829114,0.001146,egemaps,,,0.385104,segment,0,0.442083,,,0.007334965281188488,3,235.73046875,0.005134475696831941,d02j12s000074_6,,
,,precomputed,0.000625,0.488854,0.001094,egemaps,,,0.080781,segment,0,0.406354,,,0.007334965281188488,4,235.73046875,0.005134475696831941,d02j12s000074_6,,
,,precomputed,0.000677,0.457396,0.00099,egemaps,,,0.054114,segment,0,0.401615,,,0.007334965281188488,5,235.73046875,0.005134475696831941,d02j12s000074_6,,
,,precomputed,0.000678,0.45,0.001042,egemaps,,,0.050885,segment,0,0.397395,,,0.007334965281188488,6,235.73046875,0.005134475696831941,d02j12s000074_6,,
,,precomputed,0.000625,0.44974,0.001302,egemaps,,,0.050261,segment,0,0.397552,,,0.007334965281188488,7,235.73046875,0.005134475696831941,d02j12s000074_6,,
,,precomputed,0.000625,0.444636,0.000886,egemaps,,,0.049427,segment,0,0.393698,,,0.007334965281188488,8,235.73046875,0.005134475696831941,d02j12s000074_6,,
,,precomputed,0.000677,0.911146,0.000938,egemaps,,,0.514583,segment,0,0.394948,,,0.007334965281188488,9,235.73046875,0.005134475696831941,d02j12s000074_6,,
,,precomputed,0.000781,1.039687,0.001406,egemaps,,,0.120365,segment,1,0.917135,,,0.9999992847442627,0,235.2421875,0.6999994993209838,vishing_653_85,,
,,precomputed,0.000625,0.242865,0.001146,egemaps,,,0.054271,segment,1,0.186823,,,0.9999992847442627,1,235.2421875,0.6999994993209838,vishing_653_85,,
,,precomputed,0.000573,0.225416,0.000885,egemaps,,,0.063385,segment,1,0.160573,,,0.9999992847442627,2,235.2421875,0.6999994993209838,vishing_653_85,,
,,precomputed,0.000521,0.209948,0.000834,egemaps,,,0.047708,segment,1,0.160885,,,0.9999992847442627,3,235.2421875,0.6999994993209838,vishing_653_85,,
,,precomputed,0.000625,0.215625,0.000781,egemaps,,,0.047969,segment,1,0.16625,,,0.9999992847442627,4,235.2421875,0.6999994993209838,vishing_653_85,,
,,precomputed,0.000573,0.205833,0.000833,egemaps,,,0.047812,segment,1,0.156615,,,0.9999992847442627,5,235.2421875,0.6999994993209838,vishing_653_85,,
,,precomputed,0.000573,0.200521,0.000834,egemaps,,,0.044479,segment,1,0.154635,,,0.9999992847442627,6,235.2421875,0.6999994993209838,vishing_653_85,,
,,precomputed,0.000521,0.203854,0.000834,egemaps,,,0.046458,segment,1,0.156041,,,0.9999992847442627,7,235.2421875,0.6999994993209838,vishing_653_85,,
,,precomputed,0.000521,0.198594,0.000781,egemaps,,,0.043333,segment,1,0.153959,,,0.9999992847442627,8,235.2421875,0.6999994993209838,vishing_653_85,,
,,precomputed,0.000573,0.199114,0.000782,egemaps,,,0.043645,segment,1,0.154114,,,0.9999992847442627,9,235.2421875,0.6999994993209838,vishing_653_85,,
,,precomputed,0.000885,1.481927,0.001354,egemaps,,,0.117292,segment,0,1.362396,,,0.013470297679305077,0,235.49609375,0.009429208375513552,d01j04s006795_22,,
,,precomputed,0.000677,0.43349,0.000937,egemaps,,,0.05599,segment,0,0.375886,,,0.013470297679305077,1,235.60546875,0.009429208375513552,d01j04s006795_22,,
,,precomputed,0.00073,0.386615,0.00099,egemaps,,,0.052812,segment,0,0.332083,,,0.013470297679305077,2,235.60546875,0.009429208375513552,d01j04s006795_22,,
,,precomputed,0.000573,0.368177,0.000782,egemaps,,,0.048437,segment,0,0.318385,,,0.013470297679305077,3,235.60546875,0.009429208375513552,d01j04s006795_22,,
,,precomputed,0.000677,0.376458,0.000886,egemaps,,,0.049739,segment,0,0.325156,,,0.013470297679305077,4,235.60546875,0.009429208375513552,d01j04s006795_22,,
,,precomputed,0.000521,0.3775,0.001042,egemaps,,,0.048854,segment,0,0.327083,,,0.013470297679305077,5,235.60546875,0.009429208375513552,d01j04s006795_22,,
,,precomputed,0.000573,0.379948,0.000886,egemaps,,,0.051822,segment,0,0.326667,,,0.013470297679305077,6,235.60546875,0.009429208375513552,d01j04s006795_22,,
,,precomputed,0.000625,0.391979,0.000885,egemaps,,,0.050521,segment,0,0.339948,,,0.013470297679305077,7,235.60546875,0.009429208375513552,d01j04s006795_22,,
,,precomputed,0.000677,0.38401,0.000885,egemaps,,,0.048542,segment,0,0.333906,,,0.013470297679305077,8,235.60546875,0.009429208375513552,d01j04s006795_22,,
,,precomputed,0.000625,0.367135,0.000989,egemaps,,,0.047396,segment,0,0.318125,,,0.013470297679305077,9,235.60546875,0.009429208375513552,d01j04s006795_22,,
,,precomputed,0.001146,1.546875,0.001458,egemaps,,,0.130365,segment,1,1.413906,,,1.0,0,235.6484375,0.7,vishing_617_334,,
,,precomputed,0.000625,0.495729,0.001198,egemaps,,,0.072291,segment,1,0.421615,,,1.0,1,235.6484375,0.7,vishing_617_334,,
,,precomputed,0.000729,0.423906,0.001198,egemaps,,,0.059427,segment,1,0.362552,,,1.0,2,235.6484375,0.7,vishing_617_334,,
,,precomputed,0.000625,0.44948,0.001093,egemaps,,,0.056355,segment,1,0.391407,,,1.0,3,235.6484375,0.7,vishing_617_334,,
,,precomputed,0.000573,0.40875,0.001041,egemaps,,,0.051875,segment,1,0.355261,,,1.0,4,235.6484375,0.7,vishing_617_334,,
,,precomputed,0.000677,1.019271,0.001094,egemaps,,,0.666927,segment,1,0.350573,,,1.0,5,235.6484375,0.7,vishing_617_334,,
,,precomputed,0.000677,0.440573,0.001041,egemaps,,,0.082136,segment,1,0.356719,,,1.0,6,235.6484375,0.7,vishing_617_334,,
,,precomputed,0.000573,0.429479,0.001094,egemaps,,,0.069427,segment,1,0.358385,,,1.0,7,235.6484375,0.7,vishing_617_334,,
,,precomputed,0.000573,0.403542,0.001146,egemaps,,,0.05401,segment,1,0.347813,,,1.0,8,235.6484375,0.7,vishing_617_334,,
,,precomputed,0.000625,0.395365,0.001042,egemaps,,,0.048125,segment,1,0.345573,,,1.0,9,235.6484375,0.7,vishing_617_334,,
,,precomputed,0.000834,1.561042,0.001406,egemaps,,,0.122656,segment,0,1.436146,,,0.005989294033497572,0,235.92578125,0.0041925058234483,d01j021s007425_1,,
,,precomputed,0.001094,0.767396,0.001198,egemaps,,,0.08651,segment,0,0.678594,,,0.005989294033497572,1,235.92578125,0.0041925058234483,d01j021s007425_1,,
,,precomputed,0.000521,0.765156,0.001198,egemaps,,,0.196354,segment,0,0.567083,,,0.005989294033497572,2,235.92578125,0.0041925058234483,d01j021s007425_1,,
,,precomputed,0.000729,0.633698,0.001146,egemaps,,,0.08099,segment,0,0.550833,,,0.005989294033497572,3,235.92578125,0.0041925058234483,d01j021s007425_1,,
,,precomputed,0.000729,0.704375,0.001041,egemaps,,,0.104532,segment,0,0.598073,,,0.005989294033497572,4,235.92578125,0.0041925058234483,d01j021s007425_1,,
,,precomputed,0.000625,0.64224,0.001198,egemaps,,,0.090209,segment,0,0.550208,,,0.005989294033497572,5,235.92578125,0.0041925058234483,d01j021s007425_1,,
,,precomputed,0.000677,0.625781,0.001094,egemaps,,,0.080156,segment,0,0.543854,,,0.005989294033497572,6,235.92578125,0.0041925058234483,d01j021s007425_1,,
,,precomputed,0.000729,0.632552,0.001302,egemaps,,,0.085104,segment,0,0.545417,,,0.005989294033497572,7,235.92578125,0.0041925058234483,d01j021s007425_1,,
,,precomputed,0.000625,0.620365,0.001146,egemaps,,,0.075156,segment,0,0.543438,,,0.005989294033497572,8,235.92578125,0.0041925058234483,d01j021s007425_1,,
,,precomputed,0.000729,0.652344,0.001093,egemaps,,,0.111459,segment,0,0.539063,,,0.005989294033497572,9,235.92578125,0.0041925058234483,d01j021s007425_1,,
,,precomputed,0.000834,1.059219,0.001771,egemaps,,,0.085052,segment,1,0.971562,,,0.9999895095825195,0,235.2421875,0.6999926567077637,vishing_453_5,,
,,precomputed,0.000677,0.187343,0.001146,egemaps,,,0.049427,segment,1,0.136093,,,0.9999895095825195,1,235.2421875,0.6999926567077637,vishing_453_5,,
,,precomputed,0.000573,0.174167,0.000834,egemaps,,,0.047187,segment,1,0.125573,,,0.9999895095825195,2,235.2421875,0.6999926567077637,vishing_453_5,,
,,precomputed,0.000573,0.165208,0.000885,egemaps,,,0.044948,segment,1,0.118802,,,0.9999895095825195,3,235.2421875,0.6999926567077637,vishing_453_5,,
,,precomputed,0.000625,0.15823,0.000781,egemaps,,,0.04198,segment,1,0.114844,,,0.9999895095825195,4,235.2421875,0.6999926567077637,vishing_453_5,,
,,precomputed,0.000521,0.156614,0.000781,egemaps,,,0.040625,segment,1,0.114687,,,0.9999895095825195,5,235.2421875,0.6999926567077637,vishing_453_5,,
,,precomputed,0.000521,0.161302,0.000729,egemaps,,,0.043385,segment,1,0.116667,,,0.9999895095825195,6,235.2421875,0.6999926567077637,vishing_453_5,,
,,precomputed,0.000469,0.157135,0.000729,egemaps,,,0.041979,segment,1,0.113958,,,0.9999895095825195,7,235.2421875,0.6999926567077637,vishing_453_5,,
,,precomputed,0.000521,0.154844,0.000781,egemaps,,,0.041094,segment,1,0.112448,,,0.9999895095825195,8,235.2421875,0.6999926567077637,vishing_453_5,,
,,precomputed,0.000521,0.154011,0.000729,egemaps,,,0.040104,segment,1,0.112657,,,0.9999895095825195,9,235.2421875,0.6999926567077637,vishing_453_5,,
,,precomputed,0.000886,1.37474,0.001354,egemaps,,,0.118906,segment,1,1.253594,,,1.0,0,235.49609375,0.7,vishing_44_0,,
,,precomputed,0.000781,0.560365,0.001042,egemaps,,,0.092344,segment,1,0.466198,,,1.0,1,235.69140625,0.7,vishing_44_0,,
,,precomputed,0.000781,0.435416,0.001146,egemaps,,,0.053594,segment,1,0.379895,,,1.0,2,235.69140625,0.7,vishing_44_0,,
,,precomputed,0.000781,0.438594,0.000885,egemaps,,,0.055209,segment,1,0.381719,,,1.0,3,235.69140625,0.7,vishing_44_0,,
,,precomputed,0.000729,0.430573,0.001145,egemaps,,,0.051719,segment,1,0.37698,,,1.0,4,235.69140625,0.7,vishing_44_0,,
,,precomputed,0.000625,0.440313,0.001094,egemaps,,,0.051667,segment,1,0.386927,,,1.0,5,235.69140625,0.7,vishing_44_0,,
,,precomputed,0.000625,0.437343,0.000989,egemaps,,,0.050729,segment,1,0.385,,,1.0,6,235.69140625,0.7,vishing_44_0,,
,,precomputed,0.000781,0.457448,0.000885,egemaps,,,0.055157,segment,1,0.400625,,,1.0,7,235.69140625,0.7,vishing_44_0,,
,,precomputed,0.000625,0.423906,0.000834,egemaps,,,0.049583,segment,1,0.372864,,,1.0,8,235.69140625,0.7,vishing_44_0,,
,,precomputed,0.000625,0.431562,0.001042,egemaps,,,0.050572,segment,1,0.379323,,,1.0,9,235.69140625,0.7,vishing_44_0,,
,,precomputed,0.001354,2.464583,0.001562,egemaps,,,0.117709,segment,0,2.343958,,,0.04739344120025635,0,235.828125,0.03317540884017944,d01j021s006287_3,,
,,precomputed,0.000625,0.700782,0.00125,egemaps,,,0.08224,segment,0,0.616667,,,0.04739344120025635,1,235.828125,0.03317540884017944,d01j021s006287_3,,
,,precomputed,0.000572,0.564791,0.001093,egemaps,,,0.077032,segment,0,0.486094,,,0.04739344120025635,2,235.828125,0.03317540884017944,d01j021s006287_3,,
,,precomputed,0.000677,0.559739,0.000937,egemaps,,,0.073021,segment,0,0.485104,,,0.04739344120025635,3,235.828125,0.03317540884017944,d01j021s006287_3,,
,,precomputed,0.000729,0.555,0.00099,egemaps,,,0.081823,segment,0,0.471458,,,0.04739344120025635,4,235.828125,0.03317540884017944,d01j021s006287_3,,
,,precomputed,0.000677,0.551927,0.001042,egemaps,,,0.0775,segment,0,0.472708,,,0.04739344120025635,5,235.828125,0.03317540884017944,d01j021s006287_3,,
,,precomputed,0.000625,0.564062,0.001041,egemaps,,,0.077448,segment,0,0.484948,,,0.04739344120025635,6,235.828125,0.03317540884017944,d01j021s006287_3,,
,,precomputed,0.000677,0.571979,0.001094,egemaps,,,0.074635,segment,0,0.495573,,,0.04739344120025635,7,235.828125,0.03317540884017944,d01j021s006287_3,,
,,precomputed,0.000572,0.549791,0.001146,egemaps,,,0.078334,segment,0,0.469739,,,0.04739344120025635,8,235.828125,0.03317540884017944,d01j021s006287_3,,
,,precomputed,0.000677,0.558437,0.00099,egemaps,,,0.078541,segment,0,0.478229,,,0.04739344120025635,9,235.828125,0.03317540884017944,d01j021s006287_3,,
,,precomputed,0.000781,1.466719,0.001615,egemaps,,,0.123177,segment,0,1.341146,,,0.06840783357620239,0,236.0234375,0.04788548350334167,d04j18s003763_13,,
,,precomputed,0.000886,0.851667,0.000937,egemaps,,,0.121823,segment,0,0.728021,,,0.06840783357620239,1,236.0234375,0.04788548350334167,d04j18s003763_13,,
,,precomputed,0.000729,0.69927,0.001145,egemaps,,,0.081146,segment,0,0.61625,,,0.06840783357620239,2,236.0234375,0.04788548350334167,d04j18s003763_13,,
,,precomputed,0.000833,0.700104,0.000989,egemaps,,,0.078959,segment,0,0.619323,,,0.06840783357620239,3,236.0234375,0.04788548350334167,d04j18s003763_13,,
,,precomputed,0.000625,0.696979,0.001094,egemaps,,,0.079114,segment,0,0.616146,,,0.06840783357620239,4,236.0234375,0.04788548350334167,d04j18s003763_13,,
,,precomputed,0.000625,0.685,0.000989,egemaps,,,0.076198,segment,0,0.607188,,,0.06840783357620239,5,236.0234375,0.04788548350334167,d04j18s003763_13,,
,,precomputed,0.000625,0.6975,0.001198,egemaps,,,0.085573,segment,0,0.610104,,,0.06840783357620239,6,236.0234375,0.04788548350334167,d04j18s003763_13,,
,,precomputed,0.000729,0.709947,0.001302,egemaps,,,0.088229,segment,0,0.619687,,,0.06840783357620239,7,236.0234375,0.04788548350334167,d04j18s003763_13,,
,,precomputed,0.000885,0.705677,0.001094,egemaps,,,0.090156,segment,0,0.613542,,,0.06840783357620239,8,236.0234375,0.04788548350334167,d04j18s003763_13,,
,,precomputed,0.00099,0.690781,0.001094,egemaps,,,0.087812,segment,0,0.600885,,,0.06840783357620239,9,236.0234375,0.04788548350334167,d04j18s003763_13,,
,,precomputed,0.001094,1.949219,0.00151,egemaps,,,0.110521,segment,0,1.836094,,,0.000826105650048703,0,235.87109375,0.000578273955034092,d01j020s003787_1,,
,,precomputed,0.000781,0.680625,0.001042,egemaps,,,0.078958,segment,0,0.599844,,,0.000826105650048703,1,235.87109375,0.000578273955034092,d01j020s003787_1,,
,,precomputed,0.000729,0.593177,0.001146,egemaps,,,0.08974,segment,0,0.501562,,,0.000826105650048703,2,235.87109375,0.000578273955034092,d01j020s003787_1,,
,,precomputed,0.000781,0.588854,0.001041,egemaps,,,0.075834,segment,0,0.511198,,,0.000826105650048703,3,235.87109375,0.000578273955034092,d01j020s003787_1,,
,,precomputed,0.000677,0.598593,0.001146,egemaps,,,0.084687,segment,0,0.512083,,,0.000826105650048703,4,235.87109375,0.000578273955034092,d01j020s003787_1,,
,,precomputed,0.000782,0.59,0.001094,egemaps,,,0.082916,segment,0,0.505208,,,0.000826105650048703,5,235.87109375,0.000578273955034092,d01j020s003787_1,,
,,precomputed,0.000625,0.605104,0.001198,egemaps,,,0.07724,segment,0,0.526041,,,0.000826105650048703,6,235.87109375,0.000578273955034092,d01j020s003787_1,,
,,precomputed,0.000886,0.588542,0.001197,egemaps,,,0.079271,segment,0,0.507188,,,0.000826105650048703,7,235.87109375,0.000578273955034092,d01j020s003787_1,,
,,precomputed,0.000625,0.580156,0.000937,egemaps,,,0.075,segment,0,0.503594,,,0.000826105650048703,8,235.87109375,0.000578273955034092,d01j020s003787_1,,
,,precomputed,0.000677,0.582084,0.001042,egemaps,,,0.071875,segment,0,0.50849,,,0.000826105650048703,9,235.87109375,0.000578273955034092,d01j020s003787_1,,
,,precomputed,0.001198,1.813802,0.001459,egemaps,,,0.142343,segment,1,1.668802,,,1.0,0,235.94921875,0.7,vishing_558_27,,
,,precomputed,0.000885,0.724844,0.00099,egemaps,,,0.090313,segment,1,0.632656,,,1.0,1,235.94921875,0.7,vishing_558_27,,
,,precomputed,0.000677,0.654219,0.001042,egemaps,,,0.086146,segment,1,0.566354,,,1.0,2,235.94921875,0.7,vishing_558_27,,
,,precomputed,0.000729,0.646458,0.001041,egemaps,,,0.09875,segment,1,0.545938,,,1.0,3,235.94921875,0.7,vishing_558_27,,
,,precomputed,0.000677,1.227604,0.00125,egemaps,,,0.663125,segment,1,0.562552,,,1.0,4,235.94921875,0.7,vishing_558_27,,
,,precomputed,0.000625,0.733021,0.001302,egemaps,,,0.151094,segment,1,0.58,,,1.0,5,235.94921875,0.7,vishing_558_27,,
,,precomputed,0.000781,0.648958,0.001042,egemaps,,,0.087396,segment,1,0.559739,,,1.0,6,235.94921875,0.7,vishing_558_27,,
,,precomputed,0.000677,0.676875,0.001042,egemaps,,,0.115833,segment,1,0.559323,,,1.0,7,235.94921875,0.7,vishing_558_27,,
,,precomputed,0.000729,0.618437,0.001042,egemaps,,,0.059062,segment,1,0.557604,,,1.0,8,235.94921875,0.7,vishing_558_27,,
,,precomputed,0.000781,0.668125,0.001093,egemaps,,,0.107917,segment,1,0.558334,,,1.0,9,235.94921875,0.7,vishing_558_27,,
,,precomputed,0.000833,2.199166,0.001511,egemaps,,,0.138906,segment,0,2.057916,,,0.006196791771799326,0,235.8203125,0.004337754240259528,d01j020s006667_1,,
,,precomputed,0.000834,0.625,0.001146,egemaps,,,0.08427,segment,0,0.53875,,,0.006196791771799326,1,235.8203125,0.004337754240259528,d01j020s006667_1,,
,,precomputed,0.000729,0.543906,0.001094,egemaps,,,0.060156,segment,0,0.481927,,,0.006196791771799326,2,235.8203125,0.004337754240259528,d01j020s006667_1,,
,,precomputed,0.000781,0.56474,0.000989,egemaps,,,0.096407,segment,0,0.466563,,,0.006196791771799326,3,235.8203125,0.004337754240259528,d01j020s006667_1,,
,,precomputed,0.000677,0.574323,0.00099,egemaps,,,0.071406,segment,0,0.50125,,,0.006196791771799326,4,235.8203125,0.004337754240259528,d01j020s006667_1,,
,,precomputed,0.000729,0.574479,0.001042,egemaps,,,0.106875,segment,0,0.465833,,,0.006196791771799326,5,235.8203125,0.004337754240259528,d01j020s006667_1,,
,,precomputed,0.000677,0.538438,0.00099,egemaps,,,0.05875,segment,0,0.478021,,,0.006196791771799326,6,235.8203125,0.004337754240259528,d01j020s006667_1,,
,,precomputed,0.000625,0.593177,0.000989,egemaps,,,0.110729,segment,0,0.480834,,,0.006196791771799326,7,235.8203125,0.004337754240259528,d01j020s006667_1,,
,,precomputed,0.000677,0.526562,0.00099,egemaps,,,0.054583,segment,0,0.470312,,,0.006196791771799326,8,235.8203125,0.004337754240259528,d01j020s006667_1,,
,,precomputed,0.000781,0.588385,0.000885,egemaps,,,0.120104,segment,0,0.466615,,,0.006196791771799326,9,235.8203125,0.004337754240259528,d01j020s006667_1,,
,,precomputed,0.00099,1.178334,0.001094,egemaps,,,0.121614,segment,1,1.054636,,,1.0,0,235.51953125,0.7,vishing_617_336,,
,,precomputed,0.000625,0.370625,0.001042,egemaps,,,0.055312,segment,1,0.313646,,,1.0,1,235.51953125,0.7,vishing_617_336,,
,,precomputed,0.000573,0.317761,0.001042,egemaps,,,0.049531,segment,1,0.266615,,,1.0,2,235.51953125,0.7,vishing_617_336,,
,,precomputed,0.000625,0.32375,0.001042,egemaps,,,0.050156,segment,1,0.271927,,,1.0,3,235.51953125,0.7,vishing_617_336,,
,,precomputed,0.000625,0.3225,0.000885,egemaps,,,0.051302,segment,1,0.269688,,,1.0,4,235.51953125,0.7,vishing_617_336,,
,,precomputed,0.000625,0.308698,0.000938,egemaps,,,0.048125,segment,1,0.25901,,,1.0,5,235.51953125,0.7,vishing_617_336,,
,,precomputed,0.000625,0.315834,0.000782,egemaps,,,0.0475,segment,1,0.266927,,,1.0,6,235.51953125,0.7,vishing_617_336,,
,,precomputed,0.000573,0.31224,0.000885,egemaps,,,0.047136,segment,1,0.263646,,,1.0,7,235.51953125,0.7,vishing_617_336,,
,,precomputed,0.000573,0.319219,0.000833,egemaps,,,0.050208,segment,1,0.267605,,,1.0,8,235.51953125,0.7,vishing_617_336,,
,,precomputed,0.000781,0.333229,0.000937,egemaps,,,0.050313,segment,1,0.281198,,,1.0,9,235.51953125,0.7,vishing_617_336,,
,,precomputed,0.001562,1.241354,0.00125,egemaps,,,0.141719,segment,1,1.096823,,,1.0,0,235.8046875,0.7,vishing_205_2,,
,,precomputed,0.001094,0.671198,0.000938,egemaps,,,0.084948,segment,1,0.584218,,,1.0,1,235.8046875,0.7,vishing_205_2,,
,,precomputed,0.000677,0.557864,0.001094,egemaps,,,0.086666,segment,1,0.469427,,,1.0,2,235.8046875,0.7,vishing_205_2,,
,,precomputed,0.000729,0.55125,0.000989,egemaps,,,0.086771,segment,1,0.462761,,,1.0,3,235.8046875,0.7,vishing_205_2,,
,,precomputed,0.000729,0.582813,0.001198,egemaps,,,0.088125,segment,1,0.492761,,,1.0,4,235.8046875,0.7,vishing_205_2,,
,,precomputed,0.001094,0.553594,0.00099,egemaps,,,0.083073,segment,1,0.468437,,,1.0,5,235.8046875,0.7,vishing_205_2,,
,,precomputed,0.000729,0.532604,0.001042,egemaps,,,0.072135,segment,1,0.458698,,,1.0,6,235.8046875,0.7,vishing_205_2,,
,,precomputed,0.000729,0.536302,0.00099,egemaps,,,0.079844,segment,1,0.454739,,,1.0,7,235.8046875,0.7,vishing_205_2,,
,,precomputed,0.000677,0.535052,0.000938,egemaps,,,0.076614,segment,1,0.456823,,,1.0,8,235.8046875,0.7,vishing_205_2,,
,,precomputed,0.000677,0.542084,0.00125,egemaps,,,0.078542,segment,1,0.461615,,,1.0,9,235.8046875,0.7,vishing_205_2,,
,,precomputed,0.001198,2.072032,0.001823,egemaps,,,0.144896,segment,1,1.924115,,,1.0,0,235.98046875,0.7,vishing_360_8,,
,,precomputed,0.000729,0.838646,0.001302,egemaps,,,0.092969,segment,1,0.743646,,,1.0,1,235.98046875,0.7,vishing_360_8,,
,,precomputed,0.000938,0.719063,0.001407,egemaps,,,0.124635,segment,1,0.592083,,,1.0,2,235.98046875,0.7,vishing_360_8,,
,,precomputed,0.000833,0.669479,0.001302,egemaps,,,0.083542,segment,1,0.583802,,,1.0,3,235.98046875,0.7,vishing_360_8,,
,,precomputed,0.000729,0.721823,0.001354,egemaps,,,0.087761,segment,1,0.631979,,,1.0,4,235.98046875,0.7,vishing_360_8,,
,,precomputed,0.000885,0.681042,0.00125,egemaps,,,0.092865,segment,1,0.586042,,,1.0,5,235.98046875,0.7,vishing_360_8,,
,,precomputed,0.000625,0.664271,0.001198,egemaps,,,0.078437,segment,1,0.584011,,,1.0,6,235.98046875,0.7,vishing_360_8,,
,,precomputed,0.000885,0.681666,0.001146,egemaps,,,0.093125,segment,1,0.58651,,,1.0,7,235.98046875,0.7,vishing_360_8,,
,,precomputed,0.000729,0.665261,0.001042,egemaps,,,0.077344,segment,1,0.586146,,,1.0,8,235.98046875,0.7,vishing_360_8,,
,,precomputed,0.00073,0.68,0.001354,egemaps,,,0.084062,segment,1,0.593854,,,1.0,9,235.98046875,0.7,vishing_360_8,,
,,precomputed,0.000782,0.954896,0.001198,egemaps,,,0.098802,segment,1,0.854114,,,1.0,0,235.50390625,0.7,vishing_178_10,,
,,precomputed,0.000729,0.370312,0.001042,egemaps,,,0.05776,segment,1,0.310781,,,1.0,1,235.50390625,0.7,vishing_178_10,,
,,precomputed,0.000625,0.323489,0.001303,egemaps,,,0.050364,segment,1,0.271197,,,1.0,2,235.50390625,0.7,vishing_178_10,,
,,precomputed,0.000677,0.317187,0.00099,egemaps,,,0.049948,segment,1,0.265572,,,1.0,3,235.50390625,0.7,vishing_178_10,,
,,precomputed,0.000625,0.310521,0.000938,egemaps,,,0.048958,segment,1,0.26,,,1.0,4,235.50390625,0.7,vishing_178_10,,
,,precomputed,0.000677,0.309479,0.000989,egemaps,,,0.04849,segment,1,0.259323,,,1.0,5,235.50390625,0.7,vishing_178_10,,
,,precomputed,0.000573,0.310625,0.000937,egemaps,,,0.05125,segment,1,0.257865,,,1.0,6,235.50390625,0.7,vishing_178_10,,
,,precomputed,0.000573,0.348073,0.001146,egemaps,,,0.053281,segment,1,0.293073,,,1.0,7,235.50390625,0.7,vishing_178_10,,
,,precomputed,0.000521,0.308438,0.00099,egemaps,,,0.047969,segment,1,0.258958,,,1.0,8,235.50390625,0.7,vishing_178_10,,
,,precomputed,0.000677,0.30599,0.00099,egemaps,,,0.047448,segment,1,0.256875,,,1.0,9,235.50390625,0.7,vishing_178_10,,
,,precomputed,0.00099,1.512552,0.00125,egemaps,,,0.140312,segment,0,1.37,,,0.014848624356091022,0,236.0390625,0.010394037049263715,d04j18s003763_3,,
,,precomputed,0.000834,0.826146,0.001302,egemaps,,,0.089896,segment,0,0.734114,,,0.014848624356091022,1,236.0390625,0.010394037049263715,d04j18s003763_3,,
,,precomputed,0.000573,0.754479,0.00125,egemaps,,,0.087187,segment,0,0.665469,,,0.014848624356091022,2,236.0390625,0.010394037049263715,d04j18s003763_3,,
,,precomputed,0.000834,0.708542,0.001042,egemaps,,,0.080312,segment,0,0.626354,,,0.014848624356091022,3,236.0390625,0.010394037049263715,d04j18s003763_3,,
,,precomputed,0.000781,0.707239,0.001146,egemaps,,,0.085469,segment,0,0.619843,,,0.014848624356091022,4,236.0390625,0.010394037049263715,d04j18s003763_3,,
,,precomputed,0.000729,0.693542,0.001198,egemaps,,,0.078386,segment,0,0.613229,,,0.014848624356091022,5,236.0390625,0.010394037049263715,d04j18s003763_3,,
,,precomputed,0.000729,0.674427,0.001198,egemaps,,,0.075416,segment,0,0.597084,,,0.014848624356091022,6,236.0390625,0.010394037049263715,d04j18s003763_3,,
,,precomputed,0.000833,0.703646,0.001041,egemaps,,,0.09099,segment,0,0.610782,,,0.014848624356091022,7,236.0390625,0.010394037049263715,d04j18s003763_3,,
,,precomputed,0.000677,0.699167,0.000989,egemaps,,,0.082553,segment,0,0.614948,,,0.014848624356091022,8,236.0390625,0.010394037049263715,d04j18s003763_3,,
,,precomputed,0.000781,0.708802,0.001198,egemaps,,,0.082448,segment,0,0.624375,,,0.014848624356091022,9,236.0390625,0.010394037049263715,d04j18s003763_3,,
,,precomputed,0.000782,1.187657,0.001354,egemaps,,,0.12651,segment,0,1.059011,,,0.010241379030048847,0,235.8984375,0.0071689653210341925,d02j12s000857_27,,
,,precomputed,0.000781,0.67375,0.001302,egemaps,,,0.082709,segment,0,0.588958,,,0.010241379030048847,1,235.8984375,0.0071689653210341925,d02j12s000857_27,,
,,precomputed,0.000677,0.613959,0.001094,egemaps,,,0.077917,segment,0,0.534271,,,0.010241379030048847,2,235.8984375,0.0071689653210341925,d02j12s000857_27,,
,,precomputed,0.000677,0.614427,0.001094,egemaps,,,0.089583,segment,0,0.523073,,,0.010241379030048847,3,235.8984375,0.0071689653210341925,d02j12s000857_27,,
,,precomputed,0.000729,0.609271,0.001146,egemaps,,,0.087031,segment,0,0.520365,,,0.010241379030048847,4,235.8984375,0.0071689653210341925,d02j12s000857_27,,
,,precomputed,0.000782,0.757084,0.001042,egemaps,,,0.24401,segment,0,0.51125,,,0.010241379030048847,5,235.8984375,0.0071689653210341925,d02j12s000857_27,,
,,precomputed,0.001042,0.651562,0.001146,egemaps,,,0.134218,segment,0,0.515156,,,0.010241379030048847,6,235.8984375,0.0071689653210341925,d02j12s000857_27,,
,,precomputed,0.000729,0.60151,0.001146,egemaps,,,0.087708,segment,0,0.511927,,,0.010241379030048847,7,235.8984375,0.0071689653210341925,d02j12s000857_27,,
,,precomputed,0.00073,0.635938,0.001042,egemaps,,,0.071562,segment,0,0.562604,,,0.010241379030048847,8,235.8984375,0.0071689653210341925,d02j12s000857_27,,
,,precomputed,0.000729,0.595938,0.001302,egemaps,,,0.080313,segment,0,0.513594,,,0.010241379030048847,9,235.8984375,0.0071689653210341925,d02j12s000857_27,,
,,precomputed,0.000833,0.977656,0.001406,egemaps,,,0.083177,segment,1,0.89224,,,1.0,0,235.2421875,0.7,vishing_552_36,,
,,precomputed,0.000729,0.200052,0.00099,egemaps,,,0.049166,segment,1,0.149167,,,1.0,1,235.2421875,0.7,vishing_552_36,,
,,precomputed,0.000573,0.181667,0.00099,egemaps,,,0.045104,segment,1,0.135,,,1.0,2,235.2421875,0.7,vishing_552_36,,
,,precomputed,0.000625,0.182343,0.000781,egemaps,,,0.044114,segment,1,0.136823,,,1.0,3,235.2421875,0.7,vishing_552_36,,
,,precomputed,0.000521,0.178177,0.000834,egemaps,,,0.044062,segment,1,0.13276,,,1.0,4,235.2421875,0.7,vishing_552_36,,
,,precomputed,0.000625,0.174375,0.000834,egemaps,,,0.04276,segment,1,0.130156,,,1.0,5,235.2421875,0.7,vishing_552_36,,
,,precomputed,0.000521,0.170885,0.000886,egemaps,,,0.04276,segment,1,0.126718,,,1.0,6,235.2421875,0.7,vishing_552_36,,
,,precomputed,0.000625,0.172969,0.000834,egemaps,,,0.042291,segment,1,0.129219,,,1.0,7,235.2421875,0.7,vishing_552_36,,
,,precomputed,0.00052,0.1725,0.000833,egemaps,,,0.042917,segment,1,0.12823,,,1.0,8,235.2421875,0.7,vishing_552_36,,
,,precomputed,0.000521,0.171198,0.000781,egemaps,,,0.04151,segment,1,0.128386,,,1.0,9,235.2421875,0.7,vishing_552_36,,
,,precomputed,0.000729,0.725521,0.000938,egemaps,,,0.084583,segment,1,0.639271,,,1.0,0,235.2421875,0.7,vishing_368_59,,
,,precomputed,0.000625,0.171042,0.00099,egemaps,,,0.049844,segment,1,0.119583,,,1.0,1,235.2421875,0.7,vishing_368_59,,
,,precomputed,0.000625,0.150833,0.000886,egemaps,,,0.044583,segment,1,0.104739,,,1.0,2,235.2421875,0.7,vishing_368_59,,
,,precomputed,0.000625,0.144427,0.000781,egemaps,,,0.0425,segment,1,0.100521,,,1.0,3,235.2421875,0.7,vishing_368_59,,
,,precomputed,0.000521,0.142865,0.000781,egemaps,,,0.041042,segment,1,0.100521,,,1.0,4,235.2421875,0.7,vishing_368_59,,
,,precomputed,0.000468,0.139531,0.000729,egemaps,,,0.040209,segment,1,0.098125,,,1.0,5,235.2421875,0.7,vishing_368_59,,
,,precomputed,0.000521,0.142656,0.000782,egemaps,,,0.040885,segment,1,0.100468,,,1.0,6,235.2421875,0.7,vishing_368_59,,
,,precomputed,0.000521,0.140833,0.001094,egemaps,,,0.040364,segment,1,0.098854,,,1.0,7,235.2421875,0.7,vishing_368_59,,
,,precomputed,0.000521,0.138177,0.000781,egemaps,,,0.03974,segment,1,0.097135,,,1.0,8,235.2421875,0.7,vishing_368_59,,
,,precomputed,0.000521,0.142291,0.000834,egemaps,,,0.042291,segment,1,0.098645,,,1.0,9,235.2421875,0.7,vishing_368_59,,
,,precomputed,0.000885,1.116354,0.000886,egemaps,,,0.090677,segment,1,1.023906,,,1.0,0,235.2421875,0.7,vishing_653_19,,
,,precomputed,0.000625,0.230625,0.001198,egemaps,,,0.051927,segment,1,0.176875,,,1.0,1,235.2421875,0.7,vishing_653_19,,
,,precomputed,0.000573,0.204323,0.000833,egemaps,,,0.0475,segment,1,0.155417,,,1.0,2,235.2421875,0.7,vishing_653_19,,
,,precomputed,0.000573,0.195886,0.000885,egemaps,,,0.044219,segment,1,0.150209,,,1.0,3,235.2421875,0.7,vishing_653_19,,
,,precomputed,0.000521,0.190417,0.000729,egemaps,,,0.042761,segment,1,0.146406,,,1.0,4,235.2421875,0.7,vishing_653_19,,
,,precomputed,0.000625,0.194166,0.000781,egemaps,,,0.045156,segment,1,0.147604,,,1.0,5,235.2421875,0.7,vishing_653_19,,
,,precomputed,0.000573,0.189739,0.000781,egemaps,,,0.04276,segment,1,0.145625,,,1.0,6,235.2421875,0.7,vishing_653_19,,
,,precomputed,0.000521,0.192344,0.000885,egemaps,,,0.043073,segment,1,0.147865,,,1.0,7,235.2421875,0.7,vishing_653_19,,
,,precomputed,0.000573,0.192604,0.000833,egemaps,,,0.045104,segment,1,0.146094,,,1.0,8,235.2421875,0.7,vishing_653_19,,
,,precomputed,0.000625,0.191771,0.000781,egemaps,,,0.043907,segment,1,0.146458,,,1.0,9,235.2421875,0.7,vishing_653_19,,
,,precomputed,0.00099,1.457604,0.001406,egemaps,,,0.134583,segment,1,1.320625,,,1.0,0,235.49609375,0.7,vishing_520_21,,
,,precomputed,0.000834,0.572292,0.001302,egemaps,,,0.083125,segment,1,0.487031,,,1.0,1,235.7265625,0.7,vishing_520_21,,
,,precomputed,0.000833,0.480573,0.001042,egemaps,,,0.059479,segment,1,0.419219,,,1.0,2,235.7265625,0.7,vishing_520_21,,
,,precomputed,0.000625,0.475781,0.001198,egemaps,,,0.058906,segment,1,0.415052,,,1.0,3,235.7265625,0.7,vishing_520_21,,
,,precomputed,0.000781,0.456979,0.001042,egemaps,,,0.052656,segment,1,0.4025,,,1.0,4,235.7265625,0.7,vishing_520_21,,
,,precomputed,0.000573,0.454167,0.000938,egemaps,,,0.050625,segment,1,0.402031,,,1.0,5,235.7265625,0.7,vishing_520_21,,
,,precomputed,0.000625,0.457343,0.001041,egemaps,,,0.051979,segment,1,0.403698,,,1.0,6,235.7265625,0.7,vishing_520_21,,
,,precomputed,0.000625,0.4575,0.000989,egemaps,,,0.051354,segment,1,0.404532,,,1.0,7,235.7265625,0.7,vishing_520_21,,
,,precomputed,0.000677,0.513594,0.001146,egemaps,,,0.071875,segment,1,0.439896,,,1.0,8,235.7265625,0.7,vishing_520_21,,
,,precomputed,0.000573,0.454323,0.000937,egemaps,,,0.052344,segment,1,0.400469,,,1.0,9,235.7265625,0.7,vishing_520_21,,
,,precomputed,0.000834,0.897292,0.001146,egemaps,,,0.154948,segment,0,0.740364,,,0.019161874428391457,0,235.2421875,0.013413312099874019,d01j01s000551_10,,
,,precomputed,0.000678,0.200261,0.000938,egemaps,,,0.051197,segment,0,0.147448,,,0.019161874428391457,1,235.2421875,0.013413312099874019,d01j01s000551_10,,
,,precomputed,0.000573,0.176302,0.000833,egemaps,,,0.045573,segment,0,0.129323,,,0.019161874428391457,2,235.2421875,0.013413312099874019,d01j01s000551_10,,
,,precomputed,0.000625,0.169427,0.000834,egemaps,,,0.043072,segment,0,0.124896,,,0.019161874428391457,3,235.2421875,0.013413312099874019,d01j01s000551_10,,
,,precomputed,0.000572,0.167656,0.000938,egemaps,,,0.043125,segment,0,0.123021,,,0.019161874428391457,4,235.2421875,0.013413312099874019,d01j01s000551_10,,
,,precomputed,0.000521,0.165938,0.000989,egemaps,,,0.042188,segment,0,0.12224,,,0.019161874428391457,5,235.2421875,0.013413312099874019,d01j01s000551_10,,
,,precomputed,0.000521,0.165312,0.000885,egemaps,,,0.042604,segment,0,0.121302,,,0.019161874428391457,6,235.2421875,0.013413312099874019,d01j01s000551_10,,
,,precomputed,0.000625,0.16448,0.000781,egemaps,,,0.041719,segment,0,0.121355,,,0.019161874428391457,7,235.2421875,0.013413312099874019,d01j01s000551_10,,
,,precomputed,0.00052,0.163229,0.000729,egemaps,,,0.041719,segment,0,0.120261,,,0.019161874428391457,8,235.2421875,0.013413312099874019,d01j01s000551_10,,
,,precomputed,0.000469,0.161927,0.000729,egemaps,,,0.041354,segment,0,0.119375,,,0.019161874428391457,9,235.2421875,0.013413312099874019,d01j01s000551_10,,
,,precomputed,0.000834,1.679532,0.001458,egemaps,,,0.697083,segment,0,0.980157,,,0.023344730958342552,0,235.49609375,0.016341311670839787,d02j08s005679_1,,
,,precomputed,0.000677,0.650625,0.001198,egemaps,,,0.169896,segment,0,0.478854,,,0.023344730958342552,1,235.75390625,0.016341311670839787,d02j08s005679_1,,
,,precomputed,0.000677,0.549166,0.001146,egemaps,,,0.125677,segment,0,0.421666,,,0.023344730958342552,2,235.75390625,0.016341311670839787,d02j08s005679_1,,
,,precomputed,0.000729,0.494584,0.000885,egemaps,,,0.068855,segment,0,0.424115,,,0.023344730958342552,3,235.75390625,0.016341311670839787,d02j08s005679_1,,
,,precomputed,0.000729,0.509531,0.00125,egemaps,,,0.065365,segment,0,0.442187,,,0.023344730958342552,4,235.75390625,0.016341311670839787,d02j08s005679_1,,
,,precomputed,0.000677,0.604427,0.00099,egemaps,,,0.189896,segment,0,0.412864,,,0.023344730958342552,5,235.75390625,0.016341311670839787,d02j08s005679_1,,
,,precomputed,0.000677,0.500313,0.001042,egemaps,,,0.086615,segment,0,0.411979,,,0.023344730958342552,6,235.75390625,0.016341311670839787,d02j08s005679_1,,
,,precomputed,0.000677,0.528229,0.001094,egemaps,,,0.111146,segment,0,0.415312,,,0.023344730958342552,7,235.75390625,0.016341311670839787,d02j08s005679_1,,
,,precomputed,0.000573,0.490677,0.001094,egemaps,,,0.074427,segment,0,0.414583,,,0.023344730958342552,8,235.75390625,0.016341311670839787,d02j08s005679_1,,
,,precomputed,0.000625,0.467865,0.00099,egemaps,,,0.052604,segment,0,0.413646,,,0.023344730958342552,9,235.75390625,0.016341311670839787,d02j08s005679_1,,
,,precomputed,0.000886,1.197865,0.00177,egemaps,,,0.176927,segment,0,1.018282,,,0.007375572808086872,0,235.72265625,0.00516290096566081,d02j08s004829_18,,
,,precomputed,0.000729,0.545885,0.001146,egemaps,,,0.094792,segment,0,0.449218,,,0.007375572808086872,1,235.72265625,0.00516290096566081,d02j08s004829_18,,
,,precomputed,0.000521,0.473177,0.000989,egemaps,,,0.066094,segment,0,0.405573,,,0.007375572808086872,2,235.72265625,0.00516290096566081,d02j08s004829_18,,
,,precomputed,0.000781,0.455416,0.001198,egemaps,,,0.054792,segment,0,0.398645,,,0.007375572808086872,3,235.72265625,0.00516290096566081,d02j08s004829_18,,
,,precomputed,0.000625,0.451041,0.001094,egemaps,,,0.052916,segment,0,0.396406,,,0.007375572808086872,4,235.72265625,0.00516290096566081,d02j08s004829_18,,
,,precomputed,0.000573,0.449844,0.00099,egemaps,,,0.052604,segment,0,0.395677,,,0.007375572808086872,5,235.72265625,0.00516290096566081,d02j08s004829_18,,
,,precomputed,0.000677,0.440573,0.000885,egemaps,,,0.050938,segment,0,0.388073,,,0.007375572808086872,6,235.72265625,0.00516290096566081,d02j08s004829_18,,
,,precomputed,0.000677,0.481562,0.001145,egemaps,,,0.053594,segment,0,0.426146,,,0.007375572808086872,7,235.72265625,0.00516290096566081,d02j08s004829_18,,
,,precomputed,0.000573,0.446042,0.000938,egemaps,,,0.050573,segment,0,0.393958,,,0.007375572808086872,8,235.72265625,0.00516290096566081,d02j08s004829_18,,
,,precomputed,0.000678,0.44375,0.000938,egemaps,,,0.050572,segment,0,0.391562,,,0.007375572808086872,9,235.72265625,0.00516290096566081,d02j08s004829_18,,
,,precomputed,0.000781,0.761927,0.001198,egemaps,,,0.099896,segment,0,0.660052,,,0.022012310102581978,0,235.2421875,0.015408617071807384,d04j18s016060_39,,
,,precomputed,0.000677,0.256511,0.000885,egemaps,,,0.052969,segment,0,0.20198,,,0.022012310102581978,1,235.2421875,0.015408617071807384,d04j18s016060_39,,
,,precomputed,0.000573,0.22974,0.000885,egemaps,,,0.047344,segment,0,0.180938,,,0.022012310102581978,2,235.2421875,0.015408617071807384,d04j18s016060_39,,
,,precomputed,0.000573,0.222552,0.000937,egemaps,,,0.045365,segment,0,0.175677,,,0.022012310102581978,3,235.2421875,0.015408617071807384,d04j18s016060_39,,
,,precomputed,0.000521,0.221979,0.000886,egemaps,,,0.044895,segment,0,0.175677,,,0.022012310102581978,4,235.2421875,0.015408617071807384,d04j18s016060_39,,
,,precomputed,0.000625,0.222031,0.000885,egemaps,,,0.044844,segment,0,0.175677,,,0.022012310102581978,5,235.2421875,0.015408617071807384,d04j18s016060_39,,
,,precomputed,0.00052,0.221614,0.000834,egemaps,,,0.045,segment,0,0.17526,,,0.022012310102581978,6,235.2421875,0.015408617071807384,d04j18s016060_39,,
,,precomputed,0.000573,0.217656,0.000729,egemaps,,,0.04375,segment,0,0.172604,,,0.022012310102581978,7,235.2421875,0.015408617071807384,d04j18s016060_39,,
,,precomputed,0.000573,0.248802,0.000885,egemaps,,,0.054427,segment,0,0.192917,,,0.022012310102581978,8,235.2421875,0.015408617071807384,d04j18s016060_39,,
,,precomputed,0.000521,0.222135,0.000885,egemaps,,,0.044948,segment,0,0.175781,,,0.022012310102581978,9,235.2421875,0.015408617071807384,d04j18s016060_39,,
,,precomputed,0.000938,1.406407,0.00125,egemaps,,,0.118489,segment,0,1.28573,,,0.0023346771486103535,0,235.75390625,0.0016342740040272473,d01j01s000122_8,,
,,precomputed,0.000834,0.605521,0.001146,egemaps,,,0.076458,segment,0,0.527083,,,0.0023346771486103535,1,235.8203125,0.0016342740040272473,d01j01s000122_8,,
,,precomputed,0.000886,0.536355,0.001094,egemaps,,,0.07276,segment,0,0.461615,,,0.0023346771486103535,2,235.8203125,0.0016342740040272473,d01j01s000122_8,,
,,precomputed,0.000729,0.530729,0.000834,egemaps,,,0.069479,segment,0,0.459687,,,0.0023346771486103535,3,235.8203125,0.0016342740040272473,d01j01s000122_8,,
,,precomputed,0.000729,0.609375,0.000937,egemaps,,,0.124636,segment,0,0.483073,,,0.0023346771486103535,4,235.8203125,0.0016342740040272473,d01j01s000122_8,,
,,precomputed,0.000677,0.552605,0.001042,egemaps,,,0.090469,segment,0,0.460417,,,0.0023346771486103535,5,235.8203125,0.0016342740040272473,d01j01s000122_8,,
,,precomputed,0.000729,0.583281,0.001146,egemaps,,,0.123021,segment,0,0.458385,,,0.0023346771486103535,6,235.8203125,0.0016342740040272473,d01j01s000122_8,,
,,precomputed,0.000729,0.5325,0.00099,egemaps,,,0.070625,segment,0,0.460156,,,0.0023346771486103535,7,235.8203125,0.0016342740040272473,d01j01s000122_8,,
,,precomputed,0.000781,0.530312,0.001041,egemaps,,,0.070417,segment,0,0.458073,,,0.0023346771486103535,8,235.8203125,0.0016342740040272473,d01j01s000122_8,,
,,precomputed,0.000677,0.543594,0.001042,egemaps,,,0.086302,segment,0,0.455573,,,0.0023346771486103535,9,235.8203125,0.0016342740040272473,d01j01s000122_8,,
,,precomputed,0.000886,1.216198,0.001198,egemaps,,,0.131354,segment,0,1.08276,,,0.355270653963089,0,235.8828125,0.24868945777416226,d04j18s014894_1,,
,,precomputed,0.000677,0.638906,0.001354,egemaps,,,0.075729,segment,0,0.561146,,,0.355270653963089,1,235.8828125,0.24868945777416226,d04j18s014894_1,,
,,precomputed,0.000833,0.687031,0.001354,egemaps,,,0.181823,segment,0,0.503021,,,0.355270653963089,2,235.8828125,0.24868945777416226,d04j18s014894_1,,
,,precomputed,0.000782,0.61125,0.000937,egemaps,,,0.113906,segment,0,0.495625,,,0.355270653963089,3,235.8828125,0.24868945777416226,d04j18s014894_1,,
,,precomputed,0.000729,0.585833,0.000938,egemaps,,,0.087135,segment,0,0.497031,,,0.355270653963089,4,235.8828125,0.24868945777416226,d04j18s014894_1,,
,,precomputed,0.000677,0.694427,0.001094,egemaps,,,0.164375,segment,0,0.528281,,,0.355270653963089,5,235.8828125,0.24868945777416226,d04j18s014894_1,,
,,precomputed,0.000677,0.588177,0.001042,egemaps,,,0.086562,segment,0,0.499896,,,0.355270653963089,6,235.8828125,0.24868945777416226,d04j18s014894_1,,
,,precomputed,0.000625,0.570781,0.001145,egemaps,,,0.070365,segment,0,0.498646,,,0.355270653963089,7,235.8828125,0.24868945777416226,d04j18s014894_1,,
,,precomputed,0.000678,0.608594,0.001094,egemaps,,,0.10927,segment,0,0.497552,,,0.355270653963089,8,235.8828125,0.24868945777416226,d04j18s014894_1,,
,,precomputed,0.000677,0.571718,0.000938,egemaps,,,0.06776,segment,0,0.502343,,,0.355270653963089,9,235.88671875,0.24868945777416226,d04j18s014894_1,,
,,precomputed,0.000886,1.022969,0.00125,egemaps,,,0.092552,segment,1,0.928281,,,1.0,0,235.24609375,0.7,vishing_617_133,,
,,precomputed,0.000625,0.198385,0.00099,egemaps,,,0.050833,segment,1,0.145937,,,1.0,1,235.24609375,0.7,vishing_617_133,,
,,precomputed,0.000625,0.174115,0.000834,egemaps,,,0.045052,segment,1,0.127604,,,1.0,2,235.24609375,0.7,vishing_617_133,,
,,precomputed,0.000573,0.176511,0.000938,egemaps,,,0.052604,segment,1,0.122396,,,1.0,3,235.24609375,0.7,vishing_617_133,,
,,precomputed,0.000521,0.165104,0.000729,egemaps,,,0.042031,segment,1,0.121823,,,1.0,4,235.24609375,0.7,vishing_617_133,,
,,precomputed,0.000521,0.226094,0.000938,egemaps,,,0.105052,segment,1,0.119583,,,1.0,5,235.24609375,0.7,vishing_617_133,,
,,precomputed,0.000573,0.18625,0.000729,egemaps,,,0.065885,segment,1,0.119063,,,1.0,6,235.24609375,0.7,vishing_617_133,,
,,precomputed,0.000469,0.164427,0.000886,egemaps,,,0.042552,segment,1,0.12052,,,1.0,7,235.24609375,0.7,vishing_617_133,,
,,precomputed,0.000469,0.170781,0.000729,egemaps,,,0.050052,segment,1,0.119531,,,1.0,8,235.24609375,0.7,vishing_617_133,,
,,precomputed,0.000469,0.161146,0.000886,egemaps,,,0.041406,segment,1,0.118385,,,1.0,9,235.24609375,0.7,vishing_617_133,,
,,precomputed,0.000781,0.842083,0.000886,egemaps,,,0.076302,segment,0,0.764114,,,0.0013915064046159387,0,235.24609375,0.000974054483231157,d04j18s014894_8,,
,,precomputed,0.000625,0.193542,0.000833,egemaps,,,0.054792,segment,0,0.137292,,,0.0013915064046159387,1,235.24609375,0.000974054483231157,d04j18s014894_8,,
,,precomputed,0.000572,0.171458,0.000834,egemaps,,,0.044271,segment,0,0.125781,,,0.0013915064046159387,2,235.24609375,0.000974054483231157,d04j18s014894_8,,
,,precomputed,0.000521,0.197188,0.000885,egemaps,,,0.067552,segment,0,0.12823,,,0.0013915064046159387,3,235.24609375,0.000974054483231157,d04j18s014894_8,,
,,precomputed,0.000573,0.197604,0.000781,egemaps,,,0.045209,segment,0,0.151041,,,0.0013915064046159387,4,235.24609375,0.000974054483231157,d04j18s014894_8,,
,,precomputed,0.000573,0.167188,0.000834,egemaps,,,0.043229,segment,0,0.122552,,,0.0013915064046159387,5,235.24609375,0.000974054483231157,d04j18s014894_8,,
,,precomputed,0.000468,0.176822,0.000886,egemaps,,,0.046927,segment,0,0.128541,,,0.0013915064046159387,6,235.24609375,0.000974054483231157,d04j18s014894_8,,
,,precomputed,0.000573,0.164323,0.000886,egemaps,,,0.041614,segment,0,0.12125,,,0.0013915064046159387,7,235.24609375,0.000974054483231157,d04j18s014894_8,,
,,precomputed,0.000521,0.163333,0.000729,egemaps,,,0.041198,segment,0,0.120885,,,0.0013915064046159387,8,235.24609375,0.000974054483231157,d04j18s014894_8,,
,,precomputed,0.000521,0.16125,0.000729,egemaps,,,0.040573,segment,0,0.119427,,,0.0013915064046159387,9,235.24609375,0.000974054483231157,d04j18s014894_8,,
,,precomputed,0.000729,0.787656,0.001042,egemaps,,,0.109635,segment,0,0.67625,,,0.16317418217658997,0,235.24609375,0.11422192752361297,d04j18s016060_5,,
,,precomputed,0.000677,0.241875,0.00099,egemaps,,,0.0525,segment,0,0.187708,,,0.16317418217658997,1,235.24609375,0.11422192752361297,d04j18s016060_5,,
,,precomputed,0.000625,0.220781,0.000833,egemaps,,,0.0475,segment,0,0.171823,,,0.16317418217658997,2,235.24609375,0.11422192752361297,d04j18s016060_5,,
,,precomputed,0.000521,0.215729,0.000781,egemaps,,,0.04625,segment,0,0.168177,,,0.16317418217658997,3,235.24609375,0.11422192752361297,d04j18s016060_5,,
,,precomputed,0.000573,0.212396,0.000834,egemaps,,,0.044791,segment,0,0.166198,,,0.16317418217658997,4,235.24609375,0.11422192752361297,d04j18s016060_5,,
,,precomputed,0.000573,0.211823,0.000833,egemaps,,,0.04375,segment,0,0.166667,,,0.16317418217658997,5,235.24609375,0.11422192752361297,d04j18s016060_5,,
,,precomputed,0.000573,0.216927,0.000885,egemaps,,,0.044063,segment,0,0.171406,,,0.16317418217658997,6,235.24609375,0.11422192752361297,d04j18s016060_5,,
,,precomputed,0.000625,0.2725,0.000782,egemaps,,,0.084583,segment,0,0.18651,,,0.16317418217658997,7,235.24609375,0.11422192752361297,d04j18s016060_5,,
,,precomputed,0.000521,0.213698,0.000781,egemaps,,,0.045104,segment,0,0.167292,,,0.16317418217658997,8,235.24609375,0.11422192752361297,d04j18s016060_5,,
,,precomputed,0.000521,0.211771,0.000781,egemaps,,,0.043646,segment,0,0.166823,,,0.16317418217658997,9,235.24609375,0.11422192752361297,d04j18s016060_5,,
,,precomputed,0.000885,1.323542,0.001041,egemaps,,,0.155678,segment,1,1.165938,,,1.0,0,235.5,0.7,vishing_523_17,,
,,precomputed,0.000677,0.516511,0.001094,egemaps,,,0.101042,segment,1,0.413698,,,1.0,1,235.66015625,0.7,vishing_523_17,,
,,precomputed,0.000729,0.416875,0.001042,egemaps,,,0.054531,segment,1,0.360573,,,1.0,2,235.66015625,0.7,vishing_523_17,,
,,precomputed,0.000573,0.403958,0.000937,egemaps,,,0.051354,segment,1,0.351094,,,1.0,3,235.66015625,0.7,vishing_523_17,,
,,precomputed,0.000625,0.550052,0.001198,egemaps,,,0.165833,segment,1,0.382396,,,1.0,4,235.66015625,0.7,vishing_523_17,,
,,precomputed,0.000573,0.418386,0.000989,egemaps,,,0.06948,segment,1,0.347344,,,1.0,5,235.66015625,0.7,vishing_523_17,,
,,precomputed,0.000521,0.400156,0.000885,egemaps,,,0.050625,segment,1,0.348125,,,1.0,6,235.66015625,0.7,vishing_523_17,,
,,precomputed,0.000573,0.401041,0.001094,egemaps,,,0.050104,segment,1,0.34927,,,1.0,7,235.66015625,0.7,vishing_523_17,,
,,precomputed,0.000625,0.4125,0.000938,egemaps,,,0.061875,segment,1,0.349062,,,1.0,8,235.66015625,0.7,vishing_523_17,,
,,precomputed,0.000782,0.396719,0.000937,egemaps,,,0.049323,segment,1,0.345677,,,1.0,9,235.66015625,0.7,vishing_523_17,,
,,precomputed,0.001042,1.753073,0.001302,egemaps,,,0.175521,segment,1,1.575208,,,1.0,0,235.84375,0.7,vishing_520_4,,
,,precomputed,0.000833,0.647604,0.001146,egemaps,,,0.108438,segment,1,0.537187,,,1.0,1,235.84375,0.7,vishing_520_4,,
,,precomputed,0.000729,0.578437,0.001093,egemaps,,,0.097292,segment,1,0.479323,,,1.0,2,235.84375,0.7,vishing_520_4,,
,,precomputed,0.000729,0.574375,0.00099,egemaps,,,0.0975,segment,1,0.475156,,,1.0,3,235.84375,0.7,vishing_520_4,,
,,precomputed,0.000729,0.573906,0.001041,egemaps,,,0.098282,segment,1,0.473854,,,1.0,4,235.84375,0.7,vishing_520_4,,
,,precomputed,0.000729,0.553854,0.001094,egemaps,,,0.079271,segment,1,0.47276,,,1.0,5,235.84375,0.7,vishing_520_4,,
,,precomputed,0.000729,0.581146,0.001041,egemaps,,,0.06974,segment,1,0.509636,,,1.0,6,235.84375,0.7,vishing_520_4,,
,,precomputed,0.000677,0.534635,0.000938,egemaps,,,0.064687,segment,1,0.468333,,,1.0,7,235.84375,0.7,vishing_520_4,,
,,precomputed,0.000625,0.536667,0.000937,egemaps,,,0.069167,segment,1,0.465938,,,1.0,8,235.84375,0.7,vishing_520_4,,
,,precomputed,0.000782,0.53948,0.000937,egemaps,,,0.069271,segment,1,0.46849,,,1.0,9,235.84375,0.7,vishing_520_4,,
,,precomputed,0.000729,0.886563,0.001093,egemaps,,,0.085261,segment,1,0.79948,,,1.0,0,235.24609375,0.7,vishing_304_26,,
,,precomputed,0.000625,0.20276,0.000885,egemaps,,,0.048698,segment,1,0.152552,,,1.0,1,235.24609375,0.7,vishing_304_26,,
,,precomputed,0.000573,0.175573,0.000834,egemaps,,,0.043958,segment,1,0.130208,,,1.0,2,235.24609375,0.7,vishing_304_26,,
,,precomputed,0.000573,0.172916,0.000834,egemaps,,,0.043541,segment,1,0.127968,,,1.0,3,235.24609375,0.7,vishing_304_26,,
,,precomputed,0.00052,0.16927,0.000781,egemaps,,,0.041667,segment,1,0.126302,,,1.0,4,235.24609375,0.7,vishing_304_26,,
,,precomputed,0.000572,0.188854,0.000833,egemaps,,,0.043542,segment,1,0.143907,,,1.0,5,235.24609375,0.7,vishing_304_26,,
,,precomputed,0.000573,0.169479,0.000782,egemaps,,,0.042291,segment,1,0.125833,,,1.0,6,235.24609375,0.7,vishing_304_26,,
,,precomputed,0.000572,0.167135,0.000729,egemaps,,,0.041094,segment,1,0.12474,,,1.0,7,235.24609375,0.7,vishing_304_26,,
,,precomputed,0.000469,0.166875,0.000834,egemaps,,,0.040989,segment,1,0.124583,,,1.0,8,235.24609375,0.7,vishing_304_26,,
,,precomputed,0.000521,0.166458,0.000833,egemaps,,,0.040833,segment,1,0.124271,,,1.0,9,235.24609375,0.7,vishing_304_26,,
,,precomputed,0.000833,1.115469,0.001042,egemaps,,,0.09125,segment,0,1.022344,,,0.018489982932806015,0,235.5,0.01294298805296421,d04j18s016060_51,,
,,precomputed,0.000782,0.557969,0.001042,egemaps,,,0.077968,segment,0,0.478177,,,0.018489982932806015,1,235.7109375,0.01294298805296421,d04j18s016060_51,,
,,precomputed,0.000573,0.449687,0.001094,egemaps,,,0.052656,segment,0,0.395364,,,0.018489982932806015,2,235.7109375,0.01294298805296421,d04j18s016060_51,,
,,precomputed,0.000572,0.439479,0.000938,egemaps,,,0.050573,segment,0,0.387396,,,0.018489982932806015,3,235.7109375,0.01294298805296421,d04j18s016060_51,,
,,precomputed,0.000573,0.502187,0.001042,egemaps,,,0.062187,segment,0,0.438385,,,0.018489982932806015,4,235.7109375,0.01294298805296421,d04j18s016060_51,,
,,precomputed,0.000573,0.43875,0.000938,egemaps,,,0.052343,segment,0,0.384896,,,0.018489982932806015,5,235.7109375,0.01294298805296421,d04j18s016060_51,,
,,precomputed,0.000625,0.433177,0.000937,egemaps,,,0.050573,segment,0,0.381042,,,0.018489982932806015,6,235.7109375,0.01294298805296421,d04j18s016060_51,,
,,precomputed,0.000677,0.431458,0.000989,egemaps,,,0.049479,segment,0,0.380313,,,0.018489982932806015,7,235.7109375,0.01294298805296421,d04j18s016060_51,,
,,precomputed,0.000677,0.444323,0.00099,egemaps,,,0.050833,segment,0,0.391823,,,0.018489982932806015,8,235.7109375,0.01294298805296421,d04j18s016060_51,,
,,precomputed,0.000625,0.43474,0.000937,egemaps,,,0.04849,segment,0,0.384688,,,0.018489982932806015,9,235.7109375,0.01294298805296421,d04j18s016060_51,,
,,precomputed,0.000782,1.264688,0.001198,egemaps,,,0.102552,segment,1,1.160156,,,1.0,0,235.59375,0.7,vishing_432_11,,
,,precomputed,0.000677,0.418021,0.00125,egemaps,,,0.055157,segment,1,0.360937,,,1.0,1,235.59375,0.7,vishing_432_11,,
,,precomputed,0.000729,0.378438,0.001042,egemaps,,,0.055886,segment,1,0.320781,,,1.0,2,235.59375,0.7,vishing_432_11,,
,,precomputed,0.000729,0.364271,0.000937,egemaps,,,0.049219,segment,1,0.313386,,,1.0,3,235.59375,0.7,vishing_432_11,,
,,precomputed,0.000677,0.374063,0.00099,egemaps,,,0.057396,segment,1,0.315,,,1.0,4,235.59375,0.7,vishing_432_11,,
,,precomputed,0.000573,0.36526,0.000885,egemaps,,,0.050104,segment,1,0.313698,,,1.0,5,235.59375,0.7,vishing_432_11,,
,,precomputed,0.000677,0.367136,0.000937,egemaps,,,0.048907,segment,1,0.316615,,,1.0,6,235.59375,0.7,vishing_432_11,,
,,precomputed,0.000572,0.357031,0.00099,egemaps,,,0.049115,segment,1,0.306354,,,1.0,7,235.59375,0.7,vishing_432_11,,
,,precomputed,0.000625,0.368229,0.001041,egemaps,,,0.054115,segment,1,0.312448,,,1.0,8,235.59375,0.7,vishing_432_11,,
,,precomputed,0.000729,0.394636,0.000937,egemaps,,,0.050157,segment,1,0.342813,,,1.0,9,235.59375,0.7,vishing_432_11,,
,,precomputed,0.000937,1.221666,0.001354,egemaps,,,0.099063,segment,1,1.120312,,,1.0,0,235.24609375,0.7,vishing_564_81,,
,,precomputed,0.000677,0.227709,0.000989,egemaps,,,0.053282,segment,1,0.172761,,,1.0,1,235.24609375,0.7,vishing_564_81,,
,,precomputed,0.00052,0.192552,0.000989,egemaps,,,0.045938,segment,1,0.145105,,,1.0,2,235.24609375,0.7,vishing_564_81,,
,,precomputed,0.000573,0.189063,0.000938,egemaps,,,0.044479,segment,1,0.143073,,,1.0,3,235.24609375,0.7,vishing_564_81,,
,,precomputed,0.000521,0.185573,0.000833,egemaps,,,0.043542,segment,1,0.140677,,,1.0,4,235.24609375,0.7,vishing_564_81,,
,,precomputed,0.000625,0.185885,0.000833,egemaps,,,0.042187,segment,1,0.14224,,,1.0,5,235.24609375,0.7,vishing_564_81,,
,,precomputed,0.000521,0.182917,0.000834,egemaps,,,0.043854,segment,1,0.137708,,,1.0,6,235.24609375,0.7,vishing_564_81,,
,,precomputed,0.000573,0.182865,0.000885,egemaps,,,0.0425,segment,1,0.138907,,,1.0,7,235.24609375,0.7,vishing_564_81,,
,,precomputed,0.000521,0.181406,0.000782,egemaps,,,0.041614,segment,1,0.138489,,,1.0,8,235.24609375,0.7,vishing_564_81,,
,,precomputed,0.000468,0.183437,0.000833,egemaps,,,0.042084,segment,1,0.140052,,,1.0,9,235.24609375,0.7,vishing_564_81,,
,,precomputed,0.001094,1.396771,0.001302,egemaps,,,0.133125,segment,1,1.26125,,,1.0,0,235.5,0.7,vishing_368_82,,
,,precomputed,0.000781,0.438333,0.001042,egemaps,,,0.059375,segment,1,0.377135,,,1.0,1,235.61328125,0.7,vishing_368_82,,
,,precomputed,0.000573,0.383542,0.000885,egemaps,,,0.051667,segment,1,0.330417,,,1.0,2,235.61328125,0.7,vishing_368_82,,
,,precomputed,0.000677,0.387552,0.000937,egemaps,,,0.055729,segment,1,0.330209,,,1.0,3,235.61328125,0.7,vishing_368_82,,
,,precomputed,0.000677,0.37651,0.000989,egemaps,,,0.05375,segment,1,0.321094,,,1.0,4,235.61328125,0.7,vishing_368_82,,
,,precomputed,0.000677,0.380261,0.000937,egemaps,,,0.05448,segment,1,0.324167,,,1.0,5,235.61328125,0.7,vishing_368_82,,
,,precomputed,0.000677,0.371406,0.000885,egemaps,,,0.047865,segment,1,0.321979,,,1.0,6,235.61328125,0.7,vishing_368_82,,
,,precomputed,0.000729,0.40849,0.000937,egemaps,,,0.052657,segment,1,0.354167,,,1.0,7,235.61328125,0.7,vishing_368_82,,
,,precomputed,0.000573,0.37724,0.000885,egemaps,,,0.050834,segment,1,0.324948,,,1.0,8,235.61328125,0.7,vishing_368_82,,
,,precomputed,0.000573,0.369427,0.000937,egemaps,,,0.048125,segment,1,0.319792,,,1.0,9,235.61328125,0.7,vishing_368_82,,
,,precomputed,0.000781,1.385729,0.001406,egemaps,,,0.106979,segment,0,1.276563,,,0.016273491084575653,0,235.80078125,0.011391443759202957,d02j05s005801_28,,
,,precomputed,0.000989,0.606406,0.001146,egemaps,,,0.092084,segment,0,0.512187,,,0.016273491084575653,1,235.80078125,0.011391443759202957,d02j05s005801_28,,
,,precomputed,0.000625,0.536719,0.001197,egemaps,,,0.072813,segment,0,0.462084,,,0.016273491084575653,2,235.80078125,0.011391443759202957,d02j05s005801_28,,
,,precomputed,0.000625,0.544844,0.001042,egemaps,,,0.08625,segment,0,0.456927,,,0.016273491084575653,3,235.80078125,0.011391443759202957,d02j05s005801_28,,
,,precomputed,0.000677,0.529739,0.000885,egemaps,,,0.075052,segment,0,0.453125,,,0.016273491084575653,4,235.80078125,0.011391443759202957,d02j05s005801_28,,
,,precomputed,0.000729,0.540677,0.000938,egemaps,,,0.08625,segment,0,0.45276,,,0.016273491084575653,5,235.80078125,0.011391443759202957,d02j05s005801_28,,
,,precomputed,0.000782,0.527396,0.00099,egemaps,,,0.077447,segment,0,0.448177,,,0.016273491084575653,6,235.80078125,0.011391443759202957,d02j05s005801_28,,
,,precomputed,0.000677,0.521979,0.001041,egemaps,,,0.067969,segment,0,0.452292,,,0.016273491084575653,7,235.80078125,0.011391443759202957,d02j05s005801_28,,
,,precomputed,0.000625,0.521823,0.000886,egemaps,,,0.072291,segment,0,0.448021,,,0.016273491084575653,8,235.80078125,0.011391443759202957,d02j05s005801_28,,
,,precomputed,0.000625,0.564219,0.000989,egemaps,,,0.075625,segment,0,0.48698,,,0.016273491084575653,9,235.80078125,0.011391443759202957,d02j05s005801_28,,
,,precomputed,0.000938,1.479896,0.001666,egemaps,,,0.108177,segment,0,1.369115,,,0.05820858106017113,0,235.875,0.040746006742119784,d02j12s000857_2,,
,,precomputed,0.000781,0.680208,0.001094,egemaps,,,0.089375,segment,0,0.588958,,,0.05820858106017113,1,235.875,0.040746006742119784,d02j12s000857_2,,
,,precomputed,0.000625,0.6025,0.001354,egemaps,,,0.086614,segment,0,0.513907,,,0.05820858106017113,2,235.875,0.040746006742119784,d02j12s000857_2,,
,,precomputed,0.000677,0.604531,0.001146,egemaps,,,0.090573,segment,0,0.512135,,,0.05820858106017113,3,235.875,0.040746006742119784,d02j12s000857_2,,
,,precomputed,0.000729,0.599687,0.000989,egemaps,,,0.086875,segment,0,0.511094,,,0.05820858106017113,4,235.875,0.040746006742119784,d02j12s000857_2,,
,,precomputed,0.000625,0.565521,0.000938,egemaps,,,0.073437,segment,0,0.490521,,,0.05820858106017113,5,235.875,0.040746006742119784,d02j12s000857_2,,
,,precomputed,0.000625,0.575105,0.000938,egemaps,,,0.073802,segment,0,0.49974,,,0.05820858106017113,6,235.875,0.040746006742119784,d02j12s000857_2,,
,,precomputed,0.000729,0.586719,0.001146,egemaps,,,0.080677,segment,0,0.504167,,,0.05820858106017113,7,235.875,0.040746006742119784,d02j12s000857_2,,
,,precomputed,0.000625,0.598177,0.001146,egemaps,,,0.095989,segment,0,0.500417,,,0.05820858106017113,8,235.875,0.040746006742119784,d02j12s000857_2,,
,,precomputed,0.000677,0.581406,0.000885,egemaps,,,0.071042,segment,0,0.508802,,,0.05820858106017113,9,235.875,0.040746006742119784,d02j12s000857_2,,
,,precomputed,0.000781,0.734062,0.000989,egemaps,,,0.086094,segment,0,0.646198,,,0.03635120019316673,0,235.24609375,0.02544584013521671,d04j18s012642_7,,
,,precomputed,0.000573,0.228281,0.00125,egemaps,,,0.050625,segment,0,0.175833,,,0.03635120019316673,1,235.24609375,0.02544584013521671,d04j18s012642_7,,
,,precomputed,0.000521,0.200104,0.00099,egemaps,,,0.044635,segment,0,0.153958,,,0.03635120019316673,2,235.24609375,0.02544584013521671,d04j18s012642_7,,
,,precomputed,0.000573,0.193646,0.000938,egemaps,,,0.044895,segment,0,0.14724,,,0.03635120019316673,3,235.24609375,0.02544584013521671,d04j18s012642_7,,
,,precomputed,0.000468,0.189531,0.000885,egemaps,,,0.044063,segment,0,0.144115,,,0.03635120019316673,4,235.24609375,0.02544584013521671,d04j18s012642_7,,
,,precomputed,0.000573,0.188333,0.000833,egemaps,,,0.043021,segment,0,0.143906,,,0.03635120019316673,5,235.24609375,0.02544584013521671,d04j18s012642_7,,
,,precomputed,0.000521,0.18974,0.000781,egemaps,,,0.042083,segment,0,0.146355,,,0.03635120019316673,6,235.24609375,0.02544584013521671,d04j18s012642_7,,
,,precomputed,0.000521,0.188594,0.000885,egemaps,,,0.042188,segment,0,0.145,,,0.03635120019316673,7,235.24609375,0.02544584013521671,d04j18s012642_7,,
,,precomputed,0.000521,0.188334,0.000886,egemaps,,,0.042448,segment,0,0.144479,,,0.03635120019316673,8,235.24609375,0.02544584013521671,d04j18s012642_7,,
,,precomputed,0.000572,0.186875,0.000886,egemaps,,,0.042344,segment,0,0.143073,,,0.03635120019316673,9,235.24609375,0.02544584013521671,d04j18s012642_7,,
,,precomputed,0.000938,2.408177,0.00151,egemaps,,,0.134844,segment,1,2.270885,,,1.0,0,235.7578125,0.7,vishing_575_24,,
,,precomputed,0.000834,0.620782,0.001198,egemaps,,,0.082864,segment,1,0.535886,,,1.0,1,235.80859375,0.7,vishing_575_24,,
,,precomputed,0.000729,0.549114,0.001198,egemaps,,,0.077812,segment,1,0.469375,,,1.0,2,235.80859375,0.7,vishing_575_24,,
,,precomputed,0.000677,0.54849,0.001094,egemaps,,,0.085156,segment,1,0.461563,,,1.0,3,235.80859375,0.7,vishing_575_24,,
,,precomputed,0.000677,0.556875,0.001094,egemaps,,,0.088542,segment,1,0.466562,,,1.0,4,235.80859375,0.7,vishing_575_24,,
,,precomputed,0.000886,0.593386,0.001146,egemaps,,,0.091614,segment,1,0.49974,,,1.0,5,235.80859375,0.7,vishing_575_24,,
,,precomputed,0.000729,0.527917,0.000989,egemaps,,,0.072188,segment,1,0.454011,,,1.0,6,235.80859375,0.7,vishing_575_24,,
,,precomputed,0.000938,0.555,0.001094,egemaps,,,0.082604,segment,1,0.470364,,,1.0,7,235.80859375,0.7,vishing_575_24,,
,,precomputed,0.000781,0.535989,0.000938,egemaps,,,0.078437,segment,1,0.455833,,,1.0,8,235.80859375,0.7,vishing_575_24,,
,,precomputed,0.000729,0.534219,0.001146,egemaps,,,0.074167,segment,1,0.458177,,,1.0,9,235.80859375,0.7,vishing_575_24,,
,,precomputed,0.000834,1.08875,0.001146,egemaps,,,0.102916,segment,1,0.983854,,,1.0,0,235.24609375,0.7,vishing_523_1,,
,,precomputed,0.000573,0.263958,0.000989,egemaps,,,0.057448,segment,1,0.204948,,,1.0,1,235.24609375,0.7,vishing_523_1,,
,,precomputed,0.000625,0.232343,0.000886,egemaps,,,0.052239,segment,1,0.178593,,,1.0,2,235.24609375,0.7,vishing_523_1,,
,,precomputed,0.000625,0.223125,0.000781,egemaps,,,0.049636,segment,1,0.172083,,,1.0,3,235.24609375,0.7,vishing_523_1,,
,,precomputed,0.000573,0.221666,0.000833,egemaps,,,0.048802,segment,1,0.171458,,,1.0,4,235.24609375,0.7,vishing_523_1,,
,,precomputed,0.00052,0.218385,0.000938,egemaps,,,0.045365,segment,1,0.171562,,,1.0,5,235.24609375,0.7,vishing_523_1,,
,,precomputed,0.000573,0.218281,0.000833,egemaps,,,0.044375,segment,1,0.1725,,,1.0,6,235.24609375,0.7,vishing_523_1,,
,,precomputed,0.000625,0.221302,0.000781,egemaps,,,0.046979,segment,1,0.172917,,,1.0,7,235.24609375,0.7,vishing_523_1,,
,,precomputed,0.000521,0.220364,0.000729,egemaps,,,0.047604,segment,1,0.17151,,,1.0,8,235.24609375,0.7,vishing_523_1,,
,,precomputed,0.000469,0.218021,0.000782,egemaps,,,0.04401,segment,1,0.17276,,,1.0,9,235.24609375,0.7,vishing_523_1,,
,,precomputed,0.001042,1.474584,0.001302,egemaps,,,0.165104,segment,0,1.307136,,,0.003096365835517645,0,235.5,0.0021674560848623514,d04j18s016060_28,,
,,precomputed,0.000781,0.582448,0.001093,egemaps,,,0.082344,segment,0,0.49823,,,0.003096365835517645,1,235.71484375,0.0021674560848623514,d04j18s016060_28,,
,,precomputed,0.000729,0.462135,0.001041,egemaps,,,0.059011,segment,0,0.401354,,,0.003096365835517645,2,235.71484375,0.0021674560848623514,d04j18s016060_28,,
,,precomputed,0.000729,0.447552,0.00099,egemaps,,,0.050781,segment,0,0.395052,,,0.003096365835517645,3,235.71484375,0.0021674560848623514,d04j18s016060_28,,
,,precomputed,0.000625,0.444791,0.000937,egemaps,,,0.054479,segment,0,0.38875,,,0.003096365835517645,4,235.71484375,0.0021674560848623514,d04j18s016060_28,,
,,precomputed,0.000625,0.444323,0.000886,egemaps,,,0.054895,segment,0,0.387917,,,0.003096365835517645,5,235.71484375,0.0021674560848623514,d04j18s016060_28,,
,,precomputed,0.000521,0.454843,0.000938,egemaps,,,0.063437,segment,0,0.389947,,,0.003096365835517645,6,235.71484375,0.0021674560848623514,d04j18s016060_28,,
,,precomputed,0.001094,0.463229,0.001146,egemaps,,,0.067083,segment,0,0.393906,,,0.003096365835517645,7,235.71484375,0.0021674560848623514,d04j18s016060_28,,
,,precomputed,0.000625,0.446823,0.001094,egemaps,,,0.051406,segment,0,0.393698,,,0.003096365835517645,8,235.71484375,0.0021674560848623514,d04j18s016060_28,,
,,precomputed,0.000833,0.443958,0.000937,egemaps,,,0.053542,segment,0,0.388646,,,0.003096365835517645,9,235.71484375,0.0021674560848623514,d04j18s016060_28,,
,,precomputed,0.000834,0.883907,0.001354,egemaps,,,0.094896,segment,1,0.786823,,,0.9999998807907104,0,235.24609375,0.6999999165534972,vishing_575_0,,
,,precomputed,0.000625,0.194479,0.001146,egemaps,,,0.053541,segment,1,0.139167,,,0.9999998807907104,1,235.24609375,0.6999999165534972,vishing_575_0,,
,,precomputed,0.000729,0.165834,0.000885,egemaps,,,0.047188,segment,1,0.117032,,,0.9999998807907104,2,235.24609375,0.6999999165534972,vishing_575_0,,
,,precomputed,0.000573,0.16625,0.000833,egemaps,,,0.045625,segment,1,0.119219,,,0.9999998807907104,3,235.24609375,0.6999999165534972,vishing_575_0,,
,,precomputed,0.000521,0.157344,0.000833,egemaps,,,0.042917,segment,1,0.113073,,,0.9999998807907104,4,235.24609375,0.6999999165534972,vishing_575_0,,
,,precomputed,0.000521,0.153541,0.000885,egemaps,,,0.041458,segment,1,0.110677,,,0.9999998807907104,5,235.24609375,0.6999999165534972,vishing_575_0,,
,,precomputed,0.000469,0.151875,0.000781,egemaps,,,0.04125,segment,1,0.109375,,,0.9999998807907104,6,235.24609375,0.6999999165534972,vishing_575_0,,
,,precomputed,0.000573,0.154323,0.000833,egemaps,,,0.043021,segment,1,0.109896,,,0.9999998807907104,7,235.24609375,0.6999999165534972,vishing_575_0,,
,,precomputed,0.000469,0.1525,0.000781,egemaps,,,0.040625,segment,1,0.110625,,,0.9999998807907104,8,235.24609375,0.6999999165534972,vishing_575_0,,
,,precomputed,0.000521,0.154271,0.000833,egemaps,,,0.042396,segment,1,0.110521,,,0.9999998807907104,9,235.24609375,0.6999999165534972,vishing_575_0,,
,,precomputed,0.000938,0.901719,0.001198,egemaps,,,0.107396,segment,1,0.792187,,,0.9999998807907104,0,235.24609375,0.6999999165534972,vishing_304_322,,
,,precomputed,0.000677,0.266667,0.00099,egemaps,,,0.052552,segment,1,0.212448,,,0.9999998807907104,1,235.24609375,0.6999999165534972,vishing_304_322,,
,,precomputed,0.000573,0.23224,0.001458,egemaps,,,0.050521,segment,1,0.179688,,,0.9999998807907104,2,235.24609375,0.6999999165534972,vishing_304_322,,
,,precomputed,0.000625,0.225521,0.000833,egemaps,,,0.046302,segment,1,0.177761,,,0.9999998807907104,3,235.24609375,0.6999999165534972,vishing_304_322,,
,,precomputed,0.000521,0.219427,0.000833,egemaps,,,0.044323,segment,1,0.17375,,,0.9999998807907104,4,235.24609375,0.6999999165534972,vishing_304_322,,
,,precomputed,0.000573,0.220156,0.000729,egemaps,,,0.043958,segment,1,0.174896,,,0.9999998807907104,5,235.24609375,0.6999999165534972,vishing_304_322,,
,,precomputed,0.000468,0.220989,0.000833,egemaps,,,0.043959,segment,1,0.175729,,,0.9999998807907104,6,235.24609375,0.6999999165534972,vishing_304_322,,
,,precomputed,0.000572,0.221197,0.000886,egemaps,,,0.046094,segment,1,0.173645,,,0.9999998807907104,7,235.24609375,0.6999999165534972,vishing_304_322,,
,,precomputed,0.000573,0.219635,0.00073,egemaps,,,0.046614,segment,1,0.171718,,,0.9999998807907104,8,235.24609375,0.6999999165534972,vishing_304_322,,
,,precomputed,0.000625,0.220573,0.000781,egemaps,,,0.047552,segment,1,0.171615,,,0.9999998807907104,9,235.24609375,0.6999999165534972,vishing_304_322,,
,,precomputed,0.000833,0.581042,0.000937,egemaps,,,0.092709,segment,1,0.486563,,,1.0,0,235.24609375,0.7,vishing_327_8,,
,,precomputed,0.000521,0.227865,0.000937,egemaps,,,0.048646,segment,1,0.177761,,,1.0,1,235.24609375,0.7,vishing_327_8,,
,,precomputed,0.000625,0.201302,0.000781,egemaps,,,0.046094,segment,1,0.153802,,,1.0,2,235.24609375,0.7,vishing_327_8,,
,,precomputed,0.000625,0.194427,0.000885,egemaps,,,0.043542,segment,1,0.149375,,,1.0,3,235.24609375,0.7,vishing_327_8,,
,,precomputed,0.000521,0.192605,0.000834,egemaps,,,0.043125,segment,1,0.148125,,,1.0,4,235.24609375,0.7,vishing_327_8,,
,,precomputed,0.000573,0.191823,0.000938,egemaps,,,0.045469,segment,1,0.144843,,,1.0,5,235.24609375,0.7,vishing_327_8,,
,,precomputed,0.000521,0.186927,0.000833,egemaps,,,0.041979,segment,1,0.143594,,,1.0,6,235.24609375,0.7,vishing_327_8,,
,,precomputed,0.000469,0.190365,0.000781,egemaps,,,0.042448,segment,1,0.146667,,,1.0,7,235.24609375,0.7,vishing_327_8,,
,,precomputed,0.000521,0.190781,0.000729,egemaps,,,0.042656,segment,1,0.146875,,,1.0,8,235.24609375,0.7,vishing_327_8,,
,,precomputed,0.000521,0.188125,0.000677,egemaps,,,0.04349,segment,1,0.143437,,,1.0,9,235.24609375,0.7,vishing_327_8,,
,,precomputed,0.000834,1.865261,0.000989,egemaps,,,0.111771,segment,0,1.751667,,,0.01575957052409649,0,235.5,0.011031699366867542,d01j020s006622_1,,
,,precomputed,0.000625,0.545261,0.001354,egemaps,,,0.089584,segment,0,0.453698,,,0.01575957052409649,1,235.67578125,0.011031699366867542,d01j020s006622_1,,
,,precomputed,0.000573,0.435104,0.001094,egemaps,,,0.058281,segment,0,0.375156,,,0.01575957052409649,2,235.67578125,0.011031699366867542,d01j020s006622_1,,
,,precomputed,0.000833,0.430781,0.00099,egemaps,,,0.056302,segment,0,0.372656,,,0.01575957052409649,3,235.67578125,0.011031699366867542,d01j020s006622_1,,
,,precomputed,0.000573,0.42,0.000886,egemaps,,,0.051875,segment,0,0.366666,,,0.01575957052409649,4,235.67578125,0.011031699366867542,d01j020s006622_1,,
,,precomputed,0.000729,0.419323,0.00099,egemaps,,,0.053125,segment,0,0.364479,,,0.01575957052409649,5,235.67578125,0.011031699366867542,d01j020s006622_1,,
,,precomputed,0.000573,0.413542,0.000938,egemaps,,,0.049062,segment,0,0.362969,,,0.01575957052409649,6,235.67578125,0.011031699366867542,d01j020s006622_1,,
,,precomputed,0.000573,0.41375,0.000989,egemaps,,,0.049063,segment,0,0.363125,,,0.01575957052409649,7,235.67578125,0.011031699366867542,d01j020s006622_1,,
,,precomputed,0.000573,0.441406,0.001094,egemaps,,,0.053125,segment,0,0.386614,,,0.01575957052409649,8,235.67578125,0.011031699366867542,d01j020s006622_1,,
,,precomputed,0.000729,0.424115,0.000885,egemaps,,,0.053594,segment,0,0.368907,,,0.01575957052409649,9,235.67578125,0.011031699366867542,d01j020s006622_1,,
,,precomputed,0.001198,1.444635,0.001406,egemaps,,,0.129687,segment,1,1.312344,,,1.0,0,235.7578125,0.7,vishing_368_109,,
,,precomputed,0.000677,0.561094,0.00125,egemaps,,,0.079844,segment,1,0.479323,,,1.0,1,235.7578125,0.7,vishing_368_109,,
,,precomputed,0.000677,0.500261,0.000938,egemaps,,,0.070625,segment,1,0.428021,,,1.0,2,235.7578125,0.7,vishing_368_109,,
,,precomputed,0.00073,0.559948,0.000938,egemaps,,,0.081041,segment,1,0.477239,,,1.0,3,235.7578125,0.7,vishing_368_109,,
,,precomputed,0.000729,0.507708,0.001094,egemaps,,,0.078802,segment,1,0.427083,,,1.0,4,235.7578125,0.7,vishing_368_109,,
,,precomputed,0.000573,0.471875,0.000937,egemaps,,,0.053229,segment,1,0.417136,,,1.0,5,235.7578125,0.7,vishing_368_109,,
,,precomputed,0.000678,0.468907,0.000938,egemaps,,,0.05177,segment,1,0.415521,,,1.0,6,235.7578125,0.7,vishing_368_109,,
,,precomputed,0.000573,0.480053,0.001511,egemaps,,,0.051875,segment,1,0.426094,,,1.0,7,235.7578125,0.7,vishing_368_109,,
,,precomputed,0.000625,0.474219,0.000937,egemaps,,,0.059636,segment,1,0.413021,,,1.0,8,235.7578125,0.7,vishing_368_109,,
,,precomputed,0.000677,0.47052,0.000989,egemaps,,,0.049375,segment,1,0.419479,,,1.0,9,235.7578125,0.7,vishing_368_109,,
,,precomputed,0.000885,1.774166,0.001302,egemaps,,,0.124323,segment,1,1.647656,,,1.0,0,235.86328125,0.7,vishing_597_21,,
,,precomputed,0.000937,0.670781,0.000989,egemaps,,,0.083542,segment,1,0.585313,,,1.0,1,235.86328125,0.7,vishing_597_21,,
,,precomputed,0.00073,0.600053,0.000937,egemaps,,,0.085104,segment,1,0.513282,,,1.0,2,235.86328125,0.7,vishing_597_21,,
,,precomputed,0.000729,0.577761,0.001041,egemaps,,,0.080105,segment,1,0.495886,,,1.0,3,235.86328125,0.7,vishing_597_21,,
,,precomputed,0.000677,0.614688,0.001198,egemaps,,,0.117604,segment,1,0.495209,,,1.0,4,235.86328125,0.7,vishing_597_21,,
,,precomputed,0.000729,0.582969,0.00125,egemaps,,,0.076927,segment,1,0.504063,,,1.0,5,235.86328125,0.7,vishing_597_21,,
,,precomputed,0.000782,0.572605,0.000989,egemaps,,,0.081354,segment,1,0.48948,,,1.0,6,235.86328125,0.7,vishing_597_21,,
,,precomputed,0.000677,0.573021,0.000833,egemaps,,,0.076667,segment,1,0.494844,,,1.0,7,235.86328125,0.7,vishing_597_21,,
,,precomputed,0.000885,0.576719,0.000885,egemaps,,,0.08323,segment,1,0.491719,,,1.0,8,235.86328125,0.7,vishing_597_21,,
,,precomputed,0.00073,0.581094,0.000886,egemaps,,,0.082812,segment,1,0.496666,,,1.0,9,235.86328125,0.7,vishing_597_21,,
,,precomputed,0.000885,1.132135,0.001511,egemaps,,,0.094375,segment,0,1.035364,,,0.007881514728069305,0,235.71875,0.005517060309648513,d02j08s004829_9,,
,,precomputed,0.000834,0.594688,0.001407,egemaps,,,0.092291,segment,0,0.500156,,,0.007881514728069305,1,235.71875,0.005517060309648513,d02j08s004829_9,,
,,precomputed,0.000573,0.465834,0.001198,egemaps,,,0.055886,segment,0,0.408177,,,0.007881514728069305,2,235.71875,0.005517060309648513,d02j08s004829_9,,
,,precomputed,0.000625,0.453802,0.000834,egemaps,,,0.057239,segment,0,0.395104,,,0.007881514728069305,3,235.71875,0.005517060309648513,d02j08s004829_9,,
,,precomputed,0.000677,0.450833,0.001197,egemaps,,,0.052969,segment,0,0.39599,,,0.007881514728069305,4,235.71875,0.005517060309648513,d02j08s004829_9,,
,,precomputed,0.000677,0.443854,0.001094,egemaps,,,0.050729,segment,0,0.391354,,,0.007881514728069305,5,235.71875,0.005517060309648513,d02j08s004829_9,,
,,precomputed,0.000625,0.452291,0.000937,egemaps,,,0.050573,segment,0,0.400156,,,0.007881514728069305,6,235.71875,0.005517060309648513,d02j08s004829_9,,
,,precomputed,0.000782,0.48698,0.001145,egemaps,,,0.058021,segment,0,0.427032,,,0.007881514728069305,7,235.71875,0.005517060309648513,d02j08s004829_9,,
,,precomputed,0.000625,0.441615,0.000989,egemaps,,,0.049636,segment,0,0.390365,,,0.007881514728069305,8,235.71875,0.005517060309648513,d02j08s004829_9,,
,,precomputed,0.000677,0.445208,0.000885,egemaps,,,0.051146,segment,0,0.3925,,,0.007881514728069305,9,235.71875,0.005517060309648513,d02j08s004829_9,,
,,precomputed,0.000833,1.080937,0.001406,egemaps,,,0.094792,segment,0,0.983906,,,0.001072889193892479,0,235.24609375,0.0007510224357247352,d01j020s006667_29,,
,,precomputed,0.000677,0.198438,0.001042,egemaps,,,0.050677,segment,0,0.146042,,,0.001072889193892479,1,235.24609375,0.0007510224357247352,d01j020s006667_29,,
,,precomputed,0.000625,0.172813,0.001042,egemaps,,,0.046979,segment,0,0.124167,,,0.001072889193892479,2,235.24609375,0.0007510224357247352,d01j020s006667_29,,
,,precomputed,0.000677,0.166406,0.000782,egemaps,,,0.045156,segment,0,0.119791,,,0.001072889193892479,3,235.24609375,0.0007510224357247352,d01j020s006667_29,,
,,precomputed,0.000625,0.161823,0.000781,egemaps,,,0.042761,segment,0,0.117656,,,0.001072889193892479,4,235.24609375,0.0007510224357247352,d01j020s006667_29,,
,,precomputed,0.000573,0.159844,0.000781,egemaps,,,0.042448,segment,0,0.116042,,,0.001072889193892479,5,235.24609375,0.0007510224357247352,d01j020s006667_29,,
,,precomputed,0.000468,0.15802,0.000833,egemaps,,,0.041459,segment,0,0.11526,,,0.001072889193892479,6,235.24609375,0.0007510224357247352,d01j020s006667_29,,
,,precomputed,0.000521,0.179844,0.000833,egemaps,,,0.043802,segment,0,0.134688,,,0.001072889193892479,7,235.24609375,0.0007510224357247352,d01j020s006667_29,,
,,precomputed,0.000521,0.160052,0.000833,egemaps,,,0.040729,segment,0,0.117969,,,0.001072889193892479,8,235.24609375,0.0007510224357247352,d01j020s006667_29,,
,,precomputed,0.000625,0.158437,0.000834,egemaps,,,0.041041,segment,0,0.115937,,,0.001072889193892479,9,235.24609375,0.0007510224357247352,d01j020s006667_29,,
,,precomputed,0.000938,1.618282,0.001093,egemaps,,,0.106094,segment,1,1.510157,,,1.0,0,235.5,0.7,vishing_523_77,,
,,precomputed,0.000989,0.537604,0.001094,egemaps,,,0.085886,segment,1,0.449635,,,1.0,1,235.71875,0.7,vishing_523_77,,
,,precomputed,0.000677,0.461354,0.001041,egemaps,,,0.055469,segment,1,0.404167,,,1.0,2,235.71875,0.7,vishing_523_77,,
,,precomputed,0.000729,0.460833,0.001146,egemaps,,,0.058802,segment,1,0.400156,,,1.0,3,235.71875,0.7,vishing_523_77,,
,,precomputed,0.000625,0.500677,0.001198,egemaps,,,0.061198,segment,1,0.437656,,,1.0,4,235.71875,0.7,vishing_523_77,,
,,precomputed,0.000573,0.450729,0.000937,egemaps,,,0.052761,segment,1,0.396458,,,1.0,5,235.71875,0.7,vishing_523_77,,
,,precomputed,0.000573,0.458177,0.000937,egemaps,,,0.053594,segment,1,0.403073,,,1.0,6,235.71875,0.7,vishing_523_77,,
,,precomputed,0.000781,0.461042,0.001042,egemaps,,,0.057917,segment,1,0.401302,,,1.0,7,235.71875,0.7,vishing_523_77,,
,,precomputed,0.000625,0.443073,0.000938,egemaps,,,0.050729,segment,1,0.390781,,,1.0,8,235.71875,0.7,vishing_523_77,,
,,precomputed,0.000625,0.444375,0.000937,egemaps,,,0.051615,segment,1,0.391198,,,1.0,9,235.71875,0.7,vishing_523_77,,
,,precomputed,0.000938,1.07099,0.001407,egemaps,,,0.13401,segment,0,0.934635,,,0.007670609280467033,0,235.24609375,0.005369426496326923,d01j01s000551_9,,
,,precomputed,0.000677,0.220521,0.000885,egemaps,,,0.052865,segment,0,0.166094,,,0.007670609280467033,1,235.24609375,0.005369426496326923,d01j01s000551_9,,
,,precomputed,0.000573,0.204114,0.000833,egemaps,,,0.049479,segment,0,0.153229,,,0.007670609280467033,2,235.24609375,0.005369426496326923,d01j01s000551_9,,
,,precomputed,0.00073,0.201875,0.000833,egemaps,,,0.049583,segment,0,0.150729,,,0.007670609280467033,3,235.24609375,0.005369426496326923,d01j01s000551_9,,
,,precomputed,0.000521,0.19526,0.000833,egemaps,,,0.045,segment,0,0.148906,,,0.007670609280467033,4,235.24609375,0.005369426496326923,d01j01s000551_9,,
,,precomputed,0.000573,0.193021,0.000781,egemaps,,,0.045781,segment,0,0.145886,,,0.007670609280467033,5,235.24609375,0.005369426496326923,d01j01s000551_9,,
,,precomputed,0.000573,0.189792,0.000833,egemaps,,,0.043542,segment,0,0.144844,,,0.007670609280467033,6,235.24609375,0.005369426496326923,d01j01s000551_9,,
,,precomputed,0.000625,0.186979,0.000833,egemaps,,,0.042604,segment,0,0.142917,,,0.007670609280467033,7,235.24609375,0.005369426496326923,d01j01s000551_9,,
,,precomputed,0.000521,0.188177,0.000833,egemaps,,,0.0425,segment,0,0.144323,,,0.007670609280467033,8,235.24609375,0.005369426496326923,d01j01s000551_9,,
,,precomputed,0.000521,0.190521,0.000781,egemaps,,,0.042969,segment,0,0.14625,,,0.007670609280467033,9,235.24609375,0.005369426496326923,d01j01s000551_9,,
,,precomputed,0.000833,1.097812,0.001146,egemaps,,,0.11224,segment,0,0.983593,,,0.015357033349573612,0,235.5,0.010749923344701528,d02j08s000640_2,,
,,precomputed,0.000834,0.482136,0.001198,egemaps,,,0.05901,segment,0,0.421094,,,0.015357033349573612,1,235.6171875,0.010749923344701528,d02j08s000640_2,,
,,precomputed,0.000677,0.391511,0.000989,egemaps,,,0.052657,segment,0,0.337188,,,0.015357033349573612,2,235.6171875,0.010749923344701528,d02j08s000640_2,,
,,precomputed,0.000677,0.391822,0.001041,egemaps,,,0.055625,segment,0,0.334479,,,0.015357033349573612,3,235.6171875,0.010749923344701528,d02j08s000640_2,,
,,precomputed,0.000677,0.38651,0.000938,egemaps,,,0.05526,segment,0,0.329635,,,0.015357033349573612,4,235.6171875,0.010749923344701528,d02j08s000640_2,,
,,precomputed,0.000573,0.382083,0.000885,egemaps,,,0.049844,segment,0,0.330781,,,0.015357033349573612,5,235.6171875,0.010749923344701528,d02j08s000640_2,,
,,precomputed,0.000573,0.379375,0.000937,egemaps,,,0.050625,segment,0,0.32724,,,0.015357033349573612,6,235.6171875,0.010749923344701528,d02j08s000640_2,,
,,precomputed,0.00073,0.388386,0.000989,egemaps,,,0.057552,segment,0,0.329115,,,0.015357033349573612,7,235.6171875,0.010749923344701528,d02j08s000640_2,,
,,precomputed,0.000573,0.376823,0.000938,egemaps,,,0.048906,segment,0,0.326406,,,0.015357033349573612,8,235.6171875,0.010749923344701528,d02j08s000640_2,,
,,precomputed,0.000625,0.38302,0.001093,egemaps,,,0.052448,segment,0,0.328854,,,0.015357033349573612,9,235.6171875,0.010749923344701528,d02j08s000640_2,,
,,precomputed,0.00125,1.028541,0.001146,egemaps,,,0.098229,segment,0,0.927916,,,0.0024028588086366653,0,235.24609375,0.0016820011660456657,d01j020s003787_31,,
,,precomputed,0.000625,0.273854,0.000938,egemaps,,,0.053385,segment,0,0.218906,,,0.0024028588086366653,1,235.24609375,0.0016820011660456657,d01j020s003787_31,,
,,precomputed,0.000625,0.225313,0.000886,egemaps,,,0.048229,segment,0,0.175573,,,0.0024028588086366653,2,235.24609375,0.0016820011660456657,d01j020s003787_31,,
,,precomputed,0.000625,0.215834,0.000833,egemaps,,,0.045782,segment,0,0.168594,,,0.0024028588086366653,3,235.24609375,0.0016820011660456657,d01j020s003787_31,,
,,precomputed,0.000573,0.21526,0.000833,egemaps,,,0.043958,segment,0,0.169896,,,0.0024028588086366653,4,235.24609375,0.0016820011660456657,d01j020s003787_31,,
,,precomputed,0.000521,0.214688,0.000781,egemaps,,,0.043438,segment,0,0.169948,,,0.0024028588086366653,5,235.24609375,0.0016820011660456657,d01j020s003787_31,,
,,precomputed,0.000521,0.21349,0.000834,egemaps,,,0.047031,segment,0,0.165104,,,0.0024028588086366653,6,235.24609375,0.0016820011660456657,d01j020s003787_31,,
,,precomputed,0.000625,0.21302,0.000833,egemaps,,,0.047135,segment,0,0.164427,,,0.0024028588086366653,7,235.24609375,0.0016820011660456657,d01j020s003787_31,,
,,precomputed,0.000521,0.209583,0.000833,egemaps,,,0.045156,segment,0,0.163073,,,0.0024028588086366653,8,235.24609375,0.0016820011660456657,d01j020s003787_31,,
,,precomputed,0.000625,0.218073,0.000833,egemaps,,,0.054323,segment,0,0.162292,,,0.0024028588086366653,9,235.24609375,0.0016820011660456657,d01j020s003787_31,,
,,precomputed,0.001146,1.271458,0.001146,egemaps,,,0.111458,segment,0,1.157708,,,0.006334790028631687,0,235.7578125,0.004434353020042181,d02j09s004760_3,,
,,precomputed,0.000885,0.630781,0.00151,egemaps,,,0.094219,segment,0,0.534167,,,0.006334790028631687,1,235.796875,0.004434353020042181,d02j09s004760_3,,
,,precomputed,0.000677,0.525521,0.000937,egemaps,,,0.075938,segment,0,0.447969,,,0.006334790028631687,2,235.796875,0.004434353020042181,d02j09s004760_3,,
,,precomputed,0.000729,0.531719,0.000989,egemaps,,,0.074896,segment,0,0.455105,,,0.006334790028631687,3,235.796875,0.004434353020042181,d02j09s004760_3,,
,,precomputed,0.000781,0.522448,0.001302,egemaps,,,0.06875,segment,0,0.451615,,,0.006334790028631687,4,235.796875,0.004434353020042181,d02j09s004760_3,,
,,precomputed,0.000625,0.527657,0.001042,egemaps,,,0.073177,segment,0,0.452813,,,0.006334790028631687,5,235.796875,0.004434353020042181,d02j09s004760_3,,
,,precomputed,0.000625,0.542031,0.001042,egemaps,,,0.076354,segment,0,0.46401,,,0.006334790028631687,6,235.796875,0.004434353020042181,d02j09s004760_3,,
,,precomputed,0.001197,0.530104,0.000885,egemaps,,,0.077553,segment,0,0.450469,,,0.006334790028631687,7,235.796875,0.004434353020042181,d02j09s004760_3,,
,,precomputed,0.000729,0.523438,0.001042,egemaps,,,0.075104,segment,0,0.446563,,,0.006334790028631687,8,235.796875,0.004434353020042181,d02j09s004760_3,,
,,precomputed,0.000625,0.523854,0.001093,egemaps,,,0.077032,segment,0,0.445104,,,0.006334790028631687,9,235.796875,0.004434353020042181,d02j09s004760_3,,
,,precomputed,0.000781,1.23724,0.001094,egemaps,,,0.107865,segment,0,1.1275,,,0.0019262341083958745,0,235.703125,0.0013483638758771122,d01j020s004061_28,,
,,precomputed,0.000833,0.556302,0.001042,egemaps,,,0.078021,segment,0,0.476406,,,0.0019262341083958745,1,235.703125,0.0013483638758771122,d01j020s004061_28,,
,,precomputed,0.000573,0.4625,0.00125,egemaps,,,0.063489,segment,0,0.397188,,,0.0019262341083958745,2,235.703125,0.0013483638758771122,d01j020s004061_28,,
,,precomputed,0.000781,0.434062,0.000938,egemaps,,,0.051354,segment,0,0.380989,,,0.0019262341083958745,3,235.703125,0.0013483638758771122,d01j020s004061_28,,
,,precomputed,0.000625,0.431927,0.001042,egemaps,,,0.050156,segment,0,0.380104,,,0.0019262341083958745,4,235.703125,0.0013483638758771122,d01j020s004061_28,,
,,precomputed,0.000677,0.44625,0.00099,egemaps,,,0.059948,segment,0,0.384635,,,0.0019262341083958745,5,235.703125,0.0013483638758771122,d01j020s004061_28,,
,,precomputed,0.000677,0.442812,0.000938,egemaps,,,0.049166,segment,0,0.392031,,,0.0019262341083958745,6,235.703125,0.0013483638758771122,d01j020s004061_28,,
,,precomputed,0.00073,0.440052,0.000834,egemaps,,,0.049895,segment,0,0.388593,,,0.0019262341083958745,7,235.703125,0.0013483638758771122,d01j020s004061_28,,
,,precomputed,0.000729,0.439167,0.000938,egemaps,,,0.053646,segment,0,0.383854,,,0.0019262341083958745,8,235.703125,0.0013483638758771122,d01j020s004061_28,,
,,precomputed,0.000625,0.462291,0.00099,egemaps,,,0.051666,segment,0,0.40901,,,0.0019262341083958745,9,235.703125,0.0013483638758771122,d01j020s004061_28,,
,,precomputed,0.000938,0.878646,0.001146,egemaps,,,0.086771,segment,1,0.789791,,,1.0,0,235.24609375,0.7,vishing_653_28,,
,,precomputed,0.000573,0.183021,0.000989,egemaps,,,0.048854,segment,1,0.132605,,,1.0,1,235.24609375,0.7,vishing_653_28,,
,,precomputed,0.000573,0.160312,0.00099,egemaps,,,0.044114,segment,1,0.114635,,,1.0,2,235.24609375,0.7,vishing_653_28,,
,,precomputed,0.000521,0.155781,0.000833,egemaps,,,0.043281,segment,1,0.111146,,,1.0,3,235.24609375,0.7,vishing_653_28,,
,,precomputed,0.000521,0.15526,0.000885,egemaps,,,0.041719,segment,1,0.112135,,,1.0,4,235.24609375,0.7,vishing_653_28,,
,,precomputed,0.000469,0.153438,0.000833,egemaps,,,0.04125,segment,1,0.110886,,,1.0,5,235.24609375,0.7,vishing_653_28,,
,,precomputed,0.000521,0.152083,0.000781,egemaps,,,0.041979,segment,1,0.108802,,,1.0,6,235.24609375,0.7,vishing_653_28,,
,,precomputed,0.000677,0.16625,0.000886,egemaps,,,0.043073,segment,1,0.121614,,,1.0,7,235.24609375,0.7,vishing_653_28,,
,,precomputed,0.000521,0.149792,0.000781,egemaps,,,0.04125,segment,1,0.10724,,,1.0,8,235.24609375,0.7,vishing_653_28,,
,,precomputed,0.000468,0.149583,0.000781,egemaps,,,0.041146,segment,1,0.107188,,,1.0,9,235.24609375,0.7,vishing_653_28,,
,,precomputed,0.000834,1.08125,0.000989,egemaps,,,0.102656,segment,0,0.976771,,,0.010888668708503246,0,235.5,0.007622068095952272,d02j12s000074_1,,
,,precomputed,0.000573,0.412291,0.00099,egemaps,,,0.055937,segment,0,0.354791,,,0.010888668708503246,1,235.6015625,0.007622068095952272,d02j12s000074_1,,
,,precomputed,0.000625,0.37802,0.001094,egemaps,,,0.050989,segment,0,0.325312,,,0.010888668708503246,2,235.6015625,0.007622068095952272,d02j12s000074_1,,
,,precomputed,0.000625,0.365885,0.000938,egemaps,,,0.050312,segment,0,0.31401,,,0.010888668708503246,3,235.6015625,0.007622068095952272,d02j12s000074_1,,
,,precomputed,0.000625,0.363125,0.000833,egemaps,,,0.04948,segment,0,0.312187,,,0.010888668708503246,4,235.6015625,0.007622068095952272,d02j12s000074_1,,
,,precomputed,0.000573,0.360833,0.000938,egemaps,,,0.048906,segment,0,0.310416,,,0.010888668708503246,5,235.6015625,0.007622068095952272,d02j12s000074_1,,
,,precomputed,0.000573,0.36,0.000885,egemaps,,,0.048698,segment,0,0.309844,,,0.010888668708503246,6,235.6015625,0.007622068095952272,d02j12s000074_1,,
,,precomputed,0.000625,0.360208,0.000937,egemaps,,,0.04849,segment,0,0.310156,,,0.010888668708503246,7,235.6015625,0.007622068095952272,d02j12s000074_1,,
,,precomputed,0.000625,0.360104,0.000938,egemaps,,,0.048073,segment,0,0.310468,,,0.010888668708503246,8,235.6015625,0.007622068095952272,d02j12s000074_1,,
,,precomputed,0.000729,0.3775,0.000834,egemaps,,,0.048698,segment,0,0.327239,,,0.010888668708503246,9,235.6015625,0.007622068095952272,d02j12s000074_1,,
,,precomputed,0.000834,1.136407,0.001041,egemaps,,,0.085521,segment,1,1.049011,,,1.0,0,235.24609375,0.7,vishing_552_17,,
,,precomputed,0.000573,0.193281,0.001042,egemaps,,,0.048906,segment,1,0.14276,,,1.0,1,235.24609375,0.7,vishing_552_17,,
,,precomputed,0.000573,0.175417,0.000938,egemaps,,,0.044583,segment,1,0.129323,,,1.0,2,235.24609375,0.7,vishing_552_17,,
,,precomputed,0.000573,0.169792,0.000938,egemaps,,,0.042396,segment,1,0.125885,,,1.0,3,235.24609375,0.7,vishing_552_17,,
,,precomputed,0.000573,0.167083,0.000833,egemaps,,,0.041823,segment,1,0.123854,,,1.0,4,235.24609375,0.7,vishing_552_17,,
,,precomputed,0.000573,0.165625,0.000781,egemaps,,,0.041354,segment,1,0.122917,,,1.0,5,235.24609375,0.7,vishing_552_17,,
,,precomputed,0.000521,0.165312,0.000781,egemaps,,,0.041302,segment,1,0.122708,,,1.0,6,235.24609375,0.7,vishing_552_17,,
,,precomputed,0.000572,0.165104,0.000782,egemaps,,,0.041771,segment,1,0.121979,,,1.0,7,235.24609375,0.7,vishing_552_17,,
,,precomputed,0.000469,0.165052,0.000886,egemaps,,,0.040833,segment,1,0.122864,,,1.0,8,235.24609375,0.7,vishing_552_17,,
,,precomputed,0.000573,0.164427,0.000885,egemaps,,,0.040833,segment,1,0.122136,,,1.0,9,235.24609375,0.7,vishing_552_17,,
,,precomputed,0.000677,0.966458,0.001145,egemaps,,,0.119219,segment,1,0.845417,,,1.0,0,235.24609375,0.7,vishing_304_63,,
,,precomputed,0.000677,0.229427,0.001042,egemaps,,,0.051041,segment,1,0.176667,,,1.0,1,235.24609375,0.7,vishing_304_63,,
,,precomputed,0.000573,0.196198,0.000885,egemaps,,,0.045469,segment,1,0.149271,,,1.0,2,235.24609375,0.7,vishing_304_63,,
,,precomputed,0.000572,0.187916,0.000937,egemaps,,,0.043386,segment,1,0.143021,,,1.0,3,235.24609375,0.7,vishing_304_63,,
,,precomputed,0.000573,0.184948,0.000781,egemaps,,,0.04224,segment,1,0.141354,,,1.0,4,235.24609375,0.7,vishing_304_63,,
,,precomputed,0.000573,0.186094,0.000833,egemaps,,,0.04349,segment,1,0.141198,,,1.0,5,235.24609375,0.7,vishing_304_63,,
,,precomputed,0.000521,0.183698,0.000833,egemaps,,,0.042188,segment,1,0.140156,,,1.0,6,235.24609375,0.7,vishing_304_63,,
,,precomputed,0.00052,0.181354,0.000885,egemaps,,,0.041511,segment,1,0.138438,,,1.0,7,235.24609375,0.7,vishing_304_63,,
,,precomputed,0.000469,0.182188,0.000833,egemaps,,,0.04224,segment,1,0.138646,,,1.0,8,235.24609375,0.7,vishing_304_63,,
,,precomputed,0.000573,0.246094,0.000833,egemaps,,,0.104948,segment,1,0.13974,,,1.0,9,235.24609375,0.7,vishing_304_63,,
,,precomputed,0.000833,1.167865,0.001041,egemaps,,,0.094011,segment,1,1.07198,,,1.0,0,235.24609375,0.7,vishing_617_72,,
,,precomputed,0.000729,0.208907,0.000937,egemaps,,,0.050053,segment,1,0.157188,,,1.0,1,235.24609375,0.7,vishing_617_72,,
,,precomputed,0.000521,0.168177,0.000834,egemaps,,,0.044479,segment,1,0.122343,,,1.0,2,235.24609375,0.7,vishing_617_72,,
,,precomputed,0.000468,0.16375,0.000834,egemaps,,,0.042396,segment,1,0.120052,,,1.0,3,235.24609375,0.7,vishing_617_72,,
,,precomputed,0.000521,0.162031,0.000729,egemaps,,,0.0425,segment,1,0.118281,,,1.0,4,235.24609375,0.7,vishing_617_72,,
,,precomputed,0.000469,0.161094,0.000834,egemaps,,,0.042031,segment,1,0.11776,,,1.0,5,235.24609375,0.7,vishing_617_72,,
,,precomputed,0.000468,0.158281,0.000781,egemaps,,,0.041042,segment,1,0.11599,,,1.0,6,235.24609375,0.7,vishing_617_72,,
,,precomputed,0.000573,0.157552,0.000781,egemaps,,,0.040417,segment,1,0.115781,,,1.0,7,235.24609375,0.7,vishing_617_72,,
,,precomputed,0.000521,0.157656,0.000833,egemaps,,,0.040677,segment,1,0.115625,,,1.0,8,235.24609375,0.7,vishing_617_72,,
,,precomputed,0.000521,0.15651,0.000781,egemaps,,,0.040052,segment,1,0.115156,,,1.0,9,235.24609375,0.7,vishing_617_72,,
,,precomputed,0.000781,1.240885,0.001146,egemaps,,,0.09474,segment,0,1.144218,,,0.004864238202571869,0,235.5,0.003404966741800308,d02j12s000857_15,,
,,precomputed,0.000677,0.575,0.00125,egemaps,,,0.081302,segment,0,0.491771,,,0.004864238202571869,1,235.75,0.003404966741800308,d02j12s000857_15,,
,,precomputed,0.000625,0.509271,0.001146,egemaps,,,0.06526,segment,0,0.44224,,,0.004864238202571869,2,235.75,0.003404966741800308,d02j12s000857_15,,
,,precomputed,0.000729,0.470104,0.001042,egemaps,,,0.053229,segment,0,0.415104,,,0.004864238202571869,3,235.75,0.003404966741800308,d02j12s000857_15,,
,,precomputed,0.000625,0.45948,0.000885,egemaps,,,0.051355,segment,0,0.406615,,,0.004864238202571869,4,235.75,0.003404966741800308,d02j12s000857_15,,
,,precomputed,0.000625,0.458073,0.000885,egemaps,,,0.051302,segment,0,0.405261,,,0.004864238202571869,5,235.75,0.003404966741800308,d02j12s000857_15,,
,,precomputed,0.000521,0.455625,0.000833,egemaps,,,0.049896,segment,0,0.404375,,,0.004864238202571869,6,235.75,0.003404966741800308,d02j12s000857_15,,
,,precomputed,0.000521,0.456719,0.001042,egemaps,,,0.049635,segment,0,0.405521,,,0.004864238202571869,7,235.75,0.003404966741800308,d02j12s000857_15,,
,,precomputed,0.000573,0.453646,0.00099,egemaps,,,0.050104,segment,0,0.401979,,,0.004864238202571869,8,235.75,0.003404966741800308,d02j12s000857_15,,
,,precomputed,0.000729,1.056719,0.000938,egemaps,,,0.649271,segment,0,0.405781,,,0.004864238202571869,9,235.75,0.003404966741800308,d02j12s000857_15,,
,,precomputed,0.000834,1.868906,0.001146,egemaps,,,0.696354,segment,0,1.170572,,,0.003426013980060816,0,235.6953125,0.002398209786042571,d04j18s020386_2,,
,,precomputed,0.000729,0.573386,0.001354,egemaps,,,0.139532,segment,0,0.431771,,,0.003426013980060816,1,235.6953125,0.002398209786042571,d04j18s020386_2,,
,,precomputed,0.000729,0.549636,0.001041,egemaps,,,0.166459,segment,0,0.381407,,,0.003426013980060816,2,235.6953125,0.002398209786042571,d04j18s020386_2,,
,,precomputed,0.000782,1.073438,0.001041,egemaps,,,0.663802,segment,0,0.407813,,,0.003426013980060816,3,235.6953125,0.002398209786042571,d04j18s020386_2,,
,,precomputed,0.000677,0.478125,0.00099,egemaps,,,0.095989,segment,0,0.380469,,,0.003426013980060816,4,235.6953125,0.002398209786042571,d04j18s020386_2,,
,,precomputed,0.000729,0.433229,0.001094,egemaps,,,0.054792,segment,0,0.376614,,,0.003426013980060816,5,235.6953125,0.002398209786042571,d04j18s020386_2,,
,,precomputed,0.000625,0.424323,0.000886,egemaps,,,0.049531,segment,0,0.373281,,,0.003426013980060816,6,235.6953125,0.002398209786042571,d04j18s020386_2,,
,,precomputed,0.000573,0.423854,0.000885,egemaps,,,0.049896,segment,0,0.3725,,,0.003426013980060816,7,235.6953125,0.002398209786042571,d04j18s020386_2,,
,,precomputed,0.000573,0.427031,0.001042,egemaps,,,0.052135,segment,0,0.373281,,,0.003426013980060816,8,235.6953125,0.002398209786042571,d04j18s020386_2,,
,,precomputed,0.000625,0.423385,0.000938,egemaps,,,0.049635,segment,0,0.372187,,,0.003426013980060816,9,235.6953125,0.002398209786042571,d04j18s020386_2,,
,,precomputed,0.000885,1.119375,0.001198,egemaps,,,0.100938,segment,0,1.016354,,,0.008037334308028221,0,235.64453125,0.005626134015619754,d01j04s006561_3,,
,,precomputed,0.000729,0.450833,0.00099,egemaps,,,0.057187,segment,0,0.391927,,,0.008037334308028221,1,235.64453125,0.005626134015619754,d01j04s006561_3,,
,,precomputed,0.000625,0.400156,0.000937,egemaps,,,0.051094,segment,0,0.3475,,,0.008037334308028221,2,235.64453125,0.005626134015619754,d01j04s006561_3,,
,,precomputed,0.000625,0.393282,0.00099,egemaps,,,0.050365,segment,0,0.341302,,,0.008037334308028221,3,235.64453125,0.005626134015619754,d01j04s006561_3,,
,,precomputed,0.000573,0.388594,0.000989,egemaps,,,0.048125,segment,0,0.338907,,,0.008037334308028221,4,235.64453125,0.005626134015619754,d01j04s006561_3,,
,,precomputed,0.000677,0.392031,0.000989,egemaps,,,0.04974,segment,0,0.340625,,,0.008037334308028221,5,235.64453125,0.005626134015619754,d01j04s006561_3,,
,,precomputed,0.000677,0.393959,0.000885,egemaps,,,0.054688,segment,0,0.337709,,,0.008037334308028221,6,235.64453125,0.005626134015619754,d01j04s006561_3,,
,,precomputed,0.000677,0.425,0.00099,egemaps,,,0.058333,segment,0,0.365,,,0.008037334308028221,7,235.64453125,0.005626134015619754,d01j04s006561_3,,
,,precomputed,0.000677,0.392396,0.000937,egemaps,,,0.050417,segment,0,0.340365,,,0.008037334308028221,8,235.64453125,0.005626134015619754,d01j04s006561_3,,
,,precomputed,0.000625,0.390156,0.000937,egemaps,,,0.049323,segment,0,0.339271,,,0.008037334308028221,9,235.64453125,0.005626134015619754,d01j04s006561_3,,
,,precomputed,0.001093,1.834375,0.001459,egemaps,,,0.163646,segment,1,1.668177,,,1.0,0,235.796875,0.7,vishing_575_22,,
,,precomputed,0.000782,0.610209,0.001041,egemaps,,,0.096979,segment,1,0.511407,,,1.0,1,235.796875,0.7,vishing_575_22,,
,,precomputed,0.000833,0.607343,0.001042,egemaps,,,0.132552,segment,1,0.472916,,,1.0,2,235.796875,0.7,vishing_575_22,,
,,precomputed,0.000677,0.542083,0.000989,egemaps,,,0.090573,segment,1,0.449844,,,1.0,3,235.796875,0.7,vishing_575_22,,
,,precomputed,0.000677,0.515417,0.001042,egemaps,,,0.06974,segment,1,0.443958,,,1.0,4,235.796875,0.7,vishing_575_22,,
,,precomputed,0.000677,0.542136,0.001041,egemaps,,,0.098959,segment,1,0.441459,,,1.0,5,235.796875,0.7,vishing_575_22,,
,,precomputed,0.000678,0.584636,0.001094,egemaps,,,0.139062,segment,1,0.443802,,,1.0,6,235.796875,0.7,vishing_575_22,,
,,precomputed,0.000729,0.51224,0.001094,egemaps,,,0.070365,segment,1,0.440052,,,1.0,7,235.796875,0.7,vishing_575_22,,
,,precomputed,0.000677,0.550729,0.001146,egemaps,,,0.069115,segment,1,0.479791,,,1.0,8,235.796875,0.7,vishing_575_22,,
,,precomputed,0.000625,0.505104,0.001146,egemaps,,,0.065781,segment,1,0.437552,,,1.0,9,235.796875,0.7,vishing_575_22,,
,,precomputed,0.000677,0.768906,0.000989,egemaps,,,0.101823,segment,0,0.665417,,,0.05481274798512459,0,235.515625,0.03836892358958721,d02j09s002121_3,,
,,precomputed,0.000677,0.350521,0.00099,egemaps,,,0.054896,segment,0,0.293958,,,0.05481274798512459,1,235.515625,0.03836892358958721,d02j09s002121_3,,
,,precomputed,0.000573,0.318021,0.000938,egemaps,,,0.053333,segment,0,0.263177,,,0.05481274798512459,2,235.515625,0.03836892358958721,d02j09s002121_3,,
,,precomputed,0.000573,0.308229,0.000886,egemaps,,,0.048489,segment,0,0.258281,,,0.05481274798512459,3,235.515625,0.03836892358958721,d02j09s002121_3,,
,,precomputed,0.000573,0.30349,0.000833,egemaps,,,0.046719,segment,0,0.255365,,,0.05481274798512459,4,235.515625,0.03836892358958721,d02j09s002121_3,,
,,precomputed,0.000573,0.302604,0.000885,egemaps,,,0.046511,segment,0,0.254635,,,0.05481274798512459,5,235.515625,0.03836892358958721,d02j09s002121_3,,
,,precomputed,0.000572,0.300781,0.000833,egemaps,,,0.046303,segment,0,0.253073,,,0.05481274798512459,6,235.515625,0.03836892358958721,d02j09s002121_3,,
,,precomputed,0.000625,0.323698,0.00099,egemaps,,,0.049219,segment,0,0.272864,,,0.05481274798512459,7,235.515625,0.03836892358958721,d02j09s002121_3,,
,,precomputed,0.000521,0.309011,0.000886,egemaps,,,0.050781,segment,0,0.256823,,,0.05481274798512459,8,235.515625,0.03836892358958721,d02j09s002121_3,,
,,precomputed,0.000625,0.301406,0.000885,egemaps,,,0.047136,segment,0,0.25276,,,0.05481274798512459,9,235.515625,0.03836892358958721,d02j09s002121_3,,
,,precomputed,0.001042,1.270677,0.001198,egemaps,,,0.1125,segment,0,1.155937,,,0.0077938511967659,0,235.68359375,0.00545569583773613,d01j04s006561_7,,
,,precomputed,0.000729,0.496667,0.001146,egemaps,,,0.07026,segment,0,0.424532,,,0.0077938511967659,1,235.68359375,0.00545569583773613,d01j04s006561_7,,
,,precomputed,0.000677,0.428646,0.001198,egemaps,,,0.052032,segment,0,0.374739,,,0.0077938511967659,2,235.68359375,0.00545569583773613,d01j04s006561_7,,
,,precomputed,0.000625,0.419271,0.00099,egemaps,,,0.051302,segment,0,0.366354,,,0.0077938511967659,3,235.68359375,0.00545569583773613,d01j04s006561_7,,
,,precomputed,0.000625,0.449323,0.00099,egemaps,,,0.051979,segment,0,0.395729,,,0.0077938511967659,4,235.68359375,0.00545569583773613,d01j04s006561_7,,
,,precomputed,0.000625,0.413073,0.00099,egemaps,,,0.049739,segment,0,0.361719,,,0.0077938511967659,5,235.68359375,0.00545569583773613,d01j04s006561_7,,
,,precomputed,0.000677,0.410833,0.001041,egemaps,,,0.048594,segment,0,0.360521,,,0.0077938511967659,6,235.68359375,0.00545569583773613,d01j04s006561_7,,
,,precomputed,0.000677,0.411563,0.001094,egemaps,,,0.049844,segment,0,0.359948,,,0.0077938511967659,7,235.68359375,0.00545569583773613,d01j04s006561_7,,
,,precomputed,0.00052,0.40677,0.00099,egemaps,,,0.049167,segment,0,0.356093,,,0.0077938511967659,8,235.68359375,0.00545569583773613,d01j04s006561_7,,
,,precomputed,0.000573,0.418073,0.000937,egemaps,,,0.049688,segment,0,0.366875,,,0.0077938511967659,9,235.68359375,0.00545569583773613,d01j04s006561_7,,
,,precomputed,0.000677,0.811563,0.001354,egemaps,,,0.08724,segment,1,0.722292,,,0.9999996423721313,0,235.24609375,0.6999997496604919,vishing_307_89,,
,,precomputed,0.000625,0.206458,0.000938,egemaps,,,0.049583,segment,1,0.155312,,,0.9999996423721313,1,235.24609375,0.6999997496604919,vishing_307_89,,
,,precomputed,0.00052,0.204635,0.000989,egemaps,,,0.045209,segment,1,0.157917,,,0.9999996423721313,2,235.24609375,0.6999997496604919,vishing_307_89,,
,,precomputed,0.000521,0.18625,0.000885,egemaps,,,0.044375,segment,1,0.140469,,,0.9999996423721313,3,235.24609375,0.6999997496604919,vishing_307_89,,
,,precomputed,0.000573,0.179739,0.000989,egemaps,,,0.042552,segment,1,0.135625,,,0.9999996423721313,4,235.24609375,0.6999997496604919,vishing_307_89,,
,,precomputed,0.000625,0.178698,0.000833,egemaps,,,0.042188,segment,1,0.135052,,,0.9999996423721313,5,235.24609375,0.6999997496604919,vishing_307_89,,
,,precomputed,0.000521,0.218802,0.000886,egemaps,,,0.082968,segment,1,0.134427,,,0.9999996423721313,6,235.24609375,0.6999997496604919,vishing_307_89,,
,,precomputed,0.000625,0.178593,0.000833,egemaps,,,0.042656,segment,1,0.134479,,,0.9999996423721313,7,235.24609375,0.6999997496604919,vishing_307_89,,
,,precomputed,0.000521,0.178178,0.000781,egemaps,,,0.041719,segment,1,0.135157,,,0.9999996423721313,8,235.24609375,0.6999997496604919,vishing_307_89,,
,,precomputed,0.000572,0.178125,0.000781,egemaps,,,0.041719,segment,1,0.135053,,,0.9999996423721313,9,235.24609375,0.6999997496604919,vishing_307_89,,
,,precomputed,0.000678,0.818855,0.001146,egemaps,,,0.084322,segment,1,0.732709,,,1.0,0,235.24609375,0.7,vishing_653_121,,
,,precomputed,0.000573,0.169636,0.000886,egemaps,,,0.047083,segment,1,0.121094,,,1.0,1,235.24609375,0.7,vishing_653_121,,
,,precomputed,0.000521,0.168386,0.000833,egemaps,,,0.05849,segment,1,0.108542,,,1.0,2,235.24609375,0.7,vishing_653_121,,
,,precomputed,0.000521,0.149531,0.000833,egemaps,,,0.042708,segment,1,0.105469,,,1.0,3,235.24609375,0.7,vishing_653_121,,
,,precomputed,0.000521,0.147344,0.000781,egemaps,,,0.041823,segment,1,0.104219,,,1.0,4,235.24609375,0.7,vishing_653_121,,
,,precomputed,0.000521,0.16099,0.000885,egemaps,,,0.051719,segment,1,0.107865,,,1.0,5,235.24609375,0.7,vishing_653_121,,
,,precomputed,0.000521,0.146354,0.000834,egemaps,,,0.041302,segment,1,0.103697,,,1.0,6,235.24609375,0.7,vishing_653_121,,
,,precomputed,0.000625,0.17875,0.000782,egemaps,,,0.04526,segment,1,0.132083,,,1.0,7,235.24609375,0.7,vishing_653_121,,
,,precomputed,0.000625,0.148958,0.000886,egemaps,,,0.041927,segment,1,0.10552,,,1.0,8,235.24609375,0.7,vishing_653_121,,
,,precomputed,0.000625,0.145885,0.000834,egemaps,,,0.041093,segment,1,0.103333,,,1.0,9,235.24609375,0.7,vishing_653_121,,
,,precomputed,0.000886,1.503021,0.000989,egemaps,,,0.099844,segment,1,1.401302,,,1.0,0,235.24609375,0.7,vishing_366_6,,
,,precomputed,0.000573,0.227344,0.000833,egemaps,,,0.051198,segment,1,0.17474,,,1.0,1,235.24609375,0.7,vishing_366_6,,
,,precomputed,0.000521,0.237917,0.000885,egemaps,,,0.079844,segment,1,0.156667,,,1.0,2,235.24609375,0.7,vishing_366_6,,
,,precomputed,0.000573,0.199896,0.000833,egemaps,,,0.045261,segment,1,0.153229,,,1.0,3,235.24609375,0.7,vishing_366_6,,
,,precomputed,0.000573,0.198178,0.000938,egemaps,,,0.043698,segment,1,0.152969,,,1.0,4,235.24609375,0.7,vishing_366_6,,
,,precomputed,0.000521,0.197968,0.000782,egemaps,,,0.04302,segment,1,0.153645,,,1.0,5,235.24609375,0.7,vishing_366_6,,
,,precomputed,0.000573,0.195468,0.000781,egemaps,,,0.04276,segment,1,0.151354,,,1.0,6,235.24609375,0.7,vishing_366_6,,
,,precomputed,0.000521,0.196355,0.000833,egemaps,,,0.043386,segment,1,0.151615,,,1.0,7,235.24609375,0.7,vishing_366_6,,
,,precomputed,0.000573,0.2,0.000833,egemaps,,,0.044115,segment,1,0.154479,,,1.0,8,235.24609375,0.7,vishing_366_6,,
,,precomputed,0.000573,0.196771,0.000782,egemaps,,,0.044791,segment,1,0.150625,,,1.0,9,235.24609375,0.7,vishing_366_6,,
,,precomputed,0.000782,0.991094,0.000989,egemaps,,,0.094948,segment,1,0.894375,,,1.0,0,235.24609375,0.7,vishing_327_33,,
,,precomputed,0.000573,0.247709,0.000937,egemaps,,,0.074011,segment,1,0.172188,,,1.0,1,235.24609375,0.7,vishing_327_33,,
,,precomputed,0.000573,0.196094,0.000886,egemaps,,,0.045625,segment,1,0.14901,,,1.0,2,235.24609375,0.7,vishing_327_33,,
,,precomputed,0.000625,0.190312,0.000886,egemaps,,,0.043645,segment,1,0.145156,,,1.0,3,235.24609375,0.7,vishing_327_33,,
,,precomputed,0.00052,0.190885,0.000834,egemaps,,,0.046875,segment,1,0.142656,,,1.0,4,235.24609375,0.7,vishing_327_33,,
,,precomputed,0.000469,0.209375,0.000885,egemaps,,,0.065625,segment,1,0.142396,,,1.0,5,235.24609375,0.7,vishing_327_33,,
,,precomputed,0.000521,0.186719,0.000833,egemaps,,,0.042552,segment,1,0.142813,,,1.0,6,235.24609375,0.7,vishing_327_33,,
,,precomputed,0.000573,0.187083,0.000782,egemaps,,,0.043281,segment,1,0.142447,,,1.0,7,235.24609375,0.7,vishing_327_33,,
,,precomputed,0.000521,0.197135,0.000834,egemaps,,,0.054687,segment,1,0.141093,,,1.0,8,235.24609375,0.7,vishing_327_33,,
,,precomputed,0.000573,0.184427,0.000833,egemaps,,,0.041615,segment,1,0.141406,,,1.0,9,235.24609375,0.7,vishing_327_33,,
,,precomputed,0.000729,0.780052,0.001042,egemaps,,,0.076094,segment,1,0.702187,,,0.9999998807907104,0,235.24609375,0.6999999165534972,vishing_368_68,,
,,precomputed,0.000677,0.173594,0.000938,egemaps,,,0.047604,segment,1,0.124375,,,0.9999998807907104,1,235.24609375,0.6999999165534972,vishing_368_68,,
,,precomputed,0.000468,0.158177,0.000885,egemaps,,,0.043855,segment,1,0.112969,,,0.9999998807907104,2,235.24609375,0.6999999165534972,vishing_368_68,,
,,precomputed,0.000573,0.160416,0.000886,egemaps,,,0.048645,segment,1,0.110312,,,0.9999998807907104,3,235.24609375,0.6999999165534972,vishing_368_68,,
,,precomputed,0.00052,0.150312,0.000833,egemaps,,,0.040938,segment,1,0.108021,,,0.9999998807907104,4,235.24609375,0.6999999165534972,vishing_368_68,,
,,precomputed,0.000469,0.152031,0.00073,egemaps,,,0.041562,segment,1,0.10927,,,0.9999998807907104,5,235.24609375,0.6999999165534972,vishing_368_68,,
,,precomputed,0.000469,0.186511,0.000781,egemaps,,,0.077448,segment,1,0.107813,,,0.9999998807907104,6,235.24609375,0.6999999165534972,vishing_368_68,,
,,precomputed,0.000469,0.158333,0.000781,egemaps,,,0.049375,segment,1,0.107708,,,0.9999998807907104,7,235.24609375,0.6999999165534972,vishing_368_68,,
,,precomputed,0.000521,0.180834,0.000729,egemaps,,,0.072813,segment,1,0.106771,,,0.9999998807907104,8,235.24609375,0.6999999165534972,vishing_368_68,,
,,precomputed,0.000521,0.150104,0.000729,egemaps,,,0.040677,segment,1,0.108177,,,0.9999998807907104,9,235.24609375,0.6999999165534972,vishing_368_68,,
,,precomputed,0.000781,0.784167,0.00099,egemaps,,,0.083177,segment,0,0.699219,,,0.021808089688420296,0,235.24609375,0.015265662781894207,d02j12s005273_7,,
,,precomputed,0.000573,0.186615,0.000885,egemaps,,,0.047084,segment,0,0.138073,,,0.021808089688420296,1,235.24609375,0.015265662781894207,d02j12s005273_7,,
,,precomputed,0.000521,0.216511,0.000834,egemaps,,,0.087812,segment,0,0.127344,,,0.021808089688420296,2,235.24609375,0.015265662781894207,d02j12s005273_7,,
,,precomputed,0.000573,0.170938,0.000781,egemaps,,,0.04375,segment,0,0.125834,,,0.021808089688420296,3,235.24609375,0.015265662781894207,d02j12s005273_7,,
,,precomputed,0.000469,0.167656,0.000729,egemaps,,,0.041823,segment,0,0.124635,,,0.021808089688420296,4,235.24609375,0.015265662781894207,d02j12s005273_7,,
,,precomputed,0.000521,0.167553,0.000833,egemaps,,,0.042032,segment,0,0.124167,,,0.021808089688420296,5,235.24609375,0.015265662781894207,d02j12s005273_7,,
,,precomputed,0.00052,0.165781,0.000781,egemaps,,,0.041511,segment,0,0.122969,,,0.021808089688420296,6,235.24609375,0.015265662781894207,d02j12s005273_7,,
,,precomputed,0.000469,0.165156,0.000885,egemaps,,,0.04151,segment,0,0.122292,,,0.021808089688420296,7,235.24609375,0.015265662781894207,d02j12s005273_7,,
,,precomputed,0.000468,0.163854,0.000781,egemaps,,,0.041407,segment,0,0.121198,,,0.021808089688420296,8,235.24609375,0.015265662781894207,d02j12s005273_7,,
,,precomputed,0.000521,0.193906,0.000886,egemaps,,,0.071197,segment,0,0.121302,,,0.021808089688420296,9,235.24609375,0.015265662781894207,d02j12s005273_7,,
,,precomputed,0.000937,1.731406,0.001406,egemaps,,,0.130469,segment,1,1.598594,,,1.0,0,235.7578125,0.7,vishing_368_161,,
,,precomputed,0.000833,0.742187,0.001198,egemaps,,,0.084479,segment,1,0.655677,,,1.0,1,235.8828125,0.7,vishing_368_161,,
,,precomputed,0.000677,0.594739,0.00125,egemaps,,,0.079583,segment,1,0.513229,,,1.0,2,235.8828125,0.7,vishing_368_161,,
,,precomputed,0.000781,0.579791,0.001093,egemaps,,,0.076146,segment,1,0.501771,,,1.0,3,235.8828125,0.7,vishing_368_161,,
,,precomputed,0.000729,0.568906,0.00099,egemaps,,,0.071146,segment,1,0.496041,,,1.0,4,235.8828125,0.7,vishing_368_161,,
,,precomputed,0.000625,0.573073,0.000938,egemaps,,,0.074531,segment,1,0.496979,,,1.0,5,235.8828125,0.7,vishing_368_161,,
,,precomputed,0.000625,0.572761,0.000938,egemaps,,,0.076198,segment,1,0.495,,,1.0,6,235.8828125,0.7,vishing_368_161,,
,,precomputed,0.013021,0.580261,0.00099,egemaps,,,0.072812,segment,1,0.493438,,,1.0,7,235.8828125,0.7,vishing_368_161,,
,,precomputed,0.000625,0.574583,0.00125,egemaps,,,0.076563,segment,1,0.496145,,,1.0,8,235.8828125,0.7,vishing_368_161,,
,,precomputed,0.000781,0.565833,0.000938,egemaps,,,0.073281,segment,1,0.490833,,,1.0,9,235.8828125,0.7,vishing_368_161,,
,,precomputed,0.000834,1.592136,0.00125,egemaps,,,0.101614,segment,0,1.488438,,,0.0032316274009644985,0,235.65234375,0.0022621391806751487,d01j01s000122_3,,
,,precomputed,0.000729,0.456197,0.001042,egemaps,,,0.060729,segment,0,0.393697,,,0.0032316274009644985,1,235.65234375,0.0022621391806751487,d01j01s000122_3,,
,,precomputed,0.000573,0.407916,0.001042,egemaps,,,0.052343,segment,0,0.353958,,,0.0032316274009644985,2,235.65234375,0.0022621391806751487,d01j01s000122_3,,
,,precomputed,0.000625,0.413906,0.001094,egemaps,,,0.058906,segment,0,0.353281,,,0.0032316274009644985,3,235.65234375,0.0022621391806751487,d01j01s000122_3,,
,,precomputed,0.000677,0.400938,0.000938,egemaps,,,0.052448,segment,0,0.346875,,,0.0032316274009644985,4,235.65234375,0.0022621391806751487,d01j01s000122_3,,
,,precomputed,0.000573,0.39599,0.000989,egemaps,,,0.050209,segment,0,0.344219,,,0.0032316274009644985,5,235.65234375,0.0022621391806751487,d01j01s000122_3,,
,,precomputed,0.000625,0.401771,0.000937,egemaps,,,0.053073,segment,0,0.347136,,,0.0032316274009644985,6,235.65234375,0.0022621391806751487,d01j01s000122_3,,
,,precomputed,0.000729,0.394895,0.00099,egemaps,,,0.050208,segment,0,0.342968,,,0.0032316274009644985,7,235.65234375,0.0022621391806751487,d01j01s000122_3,,
,,precomputed,0.000625,0.393073,0.000937,egemaps,,,0.049115,segment,0,0.342396,,,0.0032316274009644985,8,235.65234375,0.0022621391806751487,d01j01s000122_3,,
,,precomputed,0.000521,0.394271,0.00099,egemaps,,,0.048698,segment,0,0.344062,,,0.0032316274009644985,9,235.65234375,0.0022621391806751487,d01j01s000122_3,,
,,precomputed,0.000885,1.034323,0.00125,egemaps,,,0.116667,segment,0,0.915521,,,0.0007058211485855281,0,235.24609375,0.0004940748040098697,d01j020s000577_15,,
,,precomputed,0.000729,0.215781,0.001042,egemaps,,,0.063229,segment,0,0.150781,,,0.0007058211485855281,1,235.24609375,0.0004940748040098697,d01j020s000577_15,,
,,precomputed,0.000625,0.176406,0.000886,egemaps,,,0.04625,segment,0,0.128645,,,0.0007058211485855281,2,235.24609375,0.0004940748040098697,d01j020s000577_15,,
,,precomputed,0.000573,0.18026,0.000886,egemaps,,,0.046041,segment,0,0.13276,,,0.0007058211485855281,3,235.24609375,0.0004940748040098697,d01j020s000577_15,,
,,precomputed,0.000468,0.167187,0.000886,egemaps,,,0.042969,segment,0,0.122864,,,0.0007058211485855281,4,235.24609375,0.0004940748040098697,d01j020s000577_15,,
,,precomputed,0.000469,0.173437,0.000782,egemaps,,,0.050364,segment,0,0.121822,,,0.0007058211485855281,5,235.24609375,0.0004940748040098697,d01j020s000577_15,,
,,precomputed,0.000573,0.165416,0.000729,egemaps,,,0.042396,segment,0,0.121718,,,0.0007058211485855281,6,235.24609375,0.0004940748040098697,d01j020s000577_15,,
,,precomputed,0.000469,0.183073,0.000833,egemaps,,,0.062083,segment,0,0.119688,,,0.0007058211485855281,7,235.24609375,0.0004940748040098697,d01j020s000577_15,,
,,precomputed,0.000625,0.173802,0.000833,egemaps,,,0.042552,segment,0,0.129792,,,0.0007058211485855281,8,235.24609375,0.0004940748040098697,d01j020s000577_15,,
,,precomputed,0.000572,0.16375,0.000729,egemaps,,,0.041303,segment,0,0.121146,,,0.0007058211485855281,9,235.24609375,0.0004940748040098697,d01j020s000577_15,,
,,precomputed,0.00099,1.72323,0.00125,egemaps,,,0.296562,segment,1,1.424428,,,1.0,0,235.5,0.7,vishing_602_13,,
,,precomputed,0.000834,0.537865,0.001094,egemaps,,,0.081197,segment,1,0.45474,,,1.0,1,235.71875,0.7,vishing_602_13,,
,,precomputed,0.000677,0.455625,0.000937,egemaps,,,0.056094,segment,1,0.397917,,,1.0,2,235.71875,0.7,vishing_602_13,,
,,precomputed,0.000729,0.446927,0.00099,egemaps,,,0.052343,segment,1,0.392865,,,1.0,3,235.71875,0.7,vishing_602_13,,
,,precomputed,0.000573,0.442812,0.000833,egemaps,,,0.050937,segment,1,0.390469,,,1.0,4,235.71875,0.7,vishing_602_13,,
,,precomputed,0.000625,0.439896,0.000938,egemaps,,,0.050781,segment,1,0.387552,,,1.0,5,235.71875,0.7,vishing_602_13,,
,,precomputed,0.000677,0.438334,0.000937,egemaps,,,0.050261,segment,1,0.386459,,,1.0,6,235.71875,0.7,vishing_602_13,,
,,precomputed,0.000678,0.43724,0.000886,egemaps,,,0.049843,segment,1,0.385833,,,1.0,7,235.71875,0.7,vishing_602_13,,
,,precomputed,0.000625,0.461041,0.000833,egemaps,,,0.053437,segment,1,0.406146,,,1.0,8,235.71875,0.7,vishing_602_13,,
,,precomputed,0.000625,0.438645,0.001041,egemaps,,,0.050052,segment,1,0.386927,,,1.0,9,235.71875,0.7,vishing_602_13,,
,,precomputed,0.000886,0.645104,0.001041,egemaps,,,0.086979,segment,0,0.556198,,,0.003440207103267312,0,235.24609375,0.002408144972287118,d02j08s004829_15,,
,,precomputed,0.000573,0.231458,0.000885,egemaps,,,0.049167,segment,0,0.180833,,,0.003440207103267312,1,235.24609375,0.002408144972287118,d02j08s004829_15,,
,,precomputed,0.000521,0.200886,0.000834,egemaps,,,0.045781,segment,0,0.15375,,,0.003440207103267312,2,235.24609375,0.002408144972287118,d02j08s004829_15,,
,,precomputed,0.000521,0.194427,0.000781,egemaps,,,0.043177,segment,0,0.149948,,,0.003440207103267312,3,235.24609375,0.002408144972287118,d02j08s004829_15,,
,,precomputed,0.000469,0.193021,0.000885,egemaps,,,0.043386,segment,0,0.148281,,,0.003440207103267312,4,235.24609375,0.002408144972287118,d02j08s004829_15,,
,,precomputed,0.000521,0.190573,0.000677,egemaps,,,0.042396,segment,0,0.146979,,,0.003440207103267312,5,235.24609375,0.002408144972287118,d02j08s004829_15,,
,,precomputed,0.000573,0.191459,0.000781,egemaps,,,0.042084,segment,0,0.148021,,,0.003440207103267312,6,235.24609375,0.002408144972287118,d02j08s004829_15,,
,,precomputed,0.000572,0.19,0.000834,egemaps,,,0.04125,segment,0,0.147344,,,0.003440207103267312,7,235.24609375,0.002408144972287118,d02j08s004829_15,,
,,precomputed,0.000468,0.19026,0.000833,egemaps,,,0.042136,segment,0,0.146823,,,0.003440207103267312,8,235.24609375,0.002408144972287118,d02j08s004829_15,,
,,precomputed,0.000573,0.189948,0.000781,egemaps,,,0.041927,segment,0,0.146667,,,0.003440207103267312,9,235.24609375,0.002408144972287118,d02j08s004829_15,,
,,precomputed,0.000886,0.9275,0.001041,egemaps,,,0.088073,segment,0,0.8375,,,0.002000053646042943,0,235.24609375,0.00140003755223006,d04j18s014737_4,,
,,precomputed,0.000729,0.222083,0.000937,egemaps,,,0.050313,segment,0,0.170104,,,0.002000053646042943,1,235.24609375,0.00140003755223006,d04j18s014737_4,,
,,precomputed,0.000677,0.201927,0.000834,egemaps,,,0.046406,segment,0,0.15401,,,0.002000053646042943,2,235.24609375,0.00140003755223006,d04j18s014737_4,,
,,precomputed,0.000521,0.198437,0.000833,egemaps,,,0.043958,segment,0,0.153125,,,0.002000053646042943,3,235.24609375,0.00140003755223006,d04j18s014737_4,,
,,precomputed,0.000521,0.195208,0.000833,egemaps,,,0.043177,segment,0,0.150677,,,0.002000053646042943,4,235.24609375,0.00140003755223006,d04j18s014737_4,,
,,precomputed,0.000573,0.1925,0.000729,egemaps,,,0.042969,segment,0,0.148229,,,0.002000053646042943,5,235.24609375,0.00140003755223006,d04j18s014737_4,,
,,precomputed,0.000521,0.191875,0.000729,egemaps,,,0.042344,segment,0,0.148281,,,0.002000053646042943,6,235.24609375,0.00140003755223006,d04j18s014737_4,,
,,precomputed,0.000521,0.193281,0.000781,egemaps,,,0.04224,segment,0,0.149739,,,0.002000053646042943,7,235.24609375,0.00140003755223006,d04j18s014737_4,,
,,precomputed,0.000521,0.191406,0.000833,egemaps,,,0.0425,segment,0,0.147552,,,0.002000053646042943,8,235.24609375,0.00140003755223006,d04j18s014737_4,,
,,precomputed,0.000521,0.19,0.000729,egemaps,,,0.041719,segment,0,0.147031,,,0.002000053646042943,9,235.24609375,0.00140003755223006,d04j18s014737_4,,
,,precomputed,0.00073,0.861198,0.001093,egemaps,,,0.0825,segment,0,0.776875,,,0.0015367417363449931,0,235.24609375,0.001075719215441495,d02j12s000857_17,,
,,precomputed,0.000729,0.20302,0.000834,egemaps,,,0.047239,segment,0,0.154218,,,0.0015367417363449931,1,235.24609375,0.001075719215441495,d02j12s000857_17,,
,,precomputed,0.000573,0.18198,0.000782,egemaps,,,0.044375,segment,0,0.13625,,,0.0015367417363449931,2,235.24609375,0.001075719215441495,d02j12s000857_17,,
,,precomputed,0.000625,0.178021,0.000885,egemaps,,,0.043802,segment,0,0.132709,,,0.0015367417363449931,3,235.24609375,0.001075719215441495,d02j12s000857_17,,
,,precomputed,0.000521,0.176511,0.000834,egemaps,,,0.041875,segment,0,0.133281,,,0.0015367417363449931,4,235.24609375,0.001075719215441495,d02j12s000857_17,,
,,precomputed,0.000625,0.173906,0.000729,egemaps,,,0.041511,segment,0,0.131041,,,0.0015367417363449931,5,235.24609375,0.001075719215441495,d02j12s000857_17,,
,,precomputed,0.000521,0.172187,0.000834,egemaps,,,0.041562,segment,0,0.12927,,,0.0015367417363449931,6,235.24609375,0.001075719215441495,d02j12s000857_17,,
,,precomputed,0.000521,0.172291,0.000782,egemaps,,,0.041145,segment,0,0.129843,,,0.0015367417363449931,7,235.24609375,0.001075719215441495,d02j12s000857_17,,
,,precomputed,0.000573,0.171615,0.000729,egemaps,,,0.041511,segment,0,0.128802,,,0.0015367417363449931,8,235.24609375,0.001075719215441495,d02j12s000857_17,,
,,precomputed,0.000625,0.173229,0.000781,egemaps,,,0.041771,segment,0,0.130052,,,0.0015367417363449931,9,235.24609375,0.001075719215441495,d02j12s000857_17,,
,,precomputed,0.000781,0.969948,0.001146,egemaps,,,0.091094,segment,1,0.876927,,,1.0,0,235.5,0.7,vishing_304_129,,
,,precomputed,0.000625,0.392031,0.000885,egemaps,,,0.054792,segment,1,0.335729,,,1.0,1,235.55078125,0.7,vishing_304_129,,
,,precomputed,0.000625,0.368854,0.000937,egemaps,,,0.050104,segment,1,0.317188,,,1.0,2,235.55078125,0.7,vishing_304_129,,
,,precomputed,0.000573,0.330209,0.000938,egemaps,,,0.048802,segment,1,0.279896,,,1.0,3,235.55078125,0.7,vishing_304_129,,
,,precomputed,0.000521,0.325885,0.000885,egemaps,,,0.046771,segment,1,0.277708,,,1.0,4,235.55078125,0.7,vishing_304_129,,
,,precomputed,0.000573,0.326302,0.000885,egemaps,,,0.04724,segment,1,0.277604,,,1.0,5,235.55078125,0.7,vishing_304_129,,
,,precomputed,0.000469,0.32276,0.000989,egemaps,,,0.046406,segment,1,0.274896,,,1.0,6,235.55078125,0.7,vishing_304_129,,
,,precomputed,0.000677,0.320937,0.000886,egemaps,,,0.045729,segment,1,0.273645,,,1.0,7,235.55078125,0.7,vishing_304_129,,
,,precomputed,0.000678,0.321928,0.000833,egemaps,,,0.045937,segment,1,0.27448,,,1.0,8,235.55078125,0.7,vishing_304_129,,
,,precomputed,0.000625,0.323645,0.000834,egemaps,,,0.046145,segment,1,0.276041,,,1.0,9,235.55078125,0.7,vishing_304_129,,
,,precomputed,0.000833,0.884167,0.001146,egemaps,,,0.086042,segment,1,0.796146,,,1.0,0,235.24609375,0.7,vishing_432_29,,
,,precomputed,0.000625,0.219895,0.000834,egemaps,,,0.049114,segment,1,0.169322,,,1.0,1,235.24609375,0.7,vishing_432_29,,
,,precomputed,0.00052,0.184322,0.000781,egemaps,,,0.044115,segment,1,0.138906,,,1.0,2,235.24609375,0.7,vishing_432_29,,
,,precomputed,0.000573,0.179166,0.000833,egemaps,,,0.042552,segment,1,0.135208,,,1.0,3,235.24609375,0.7,vishing_432_29,,
,,precomputed,0.000521,0.17875,0.000834,egemaps,,,0.042291,segment,1,0.135104,,,1.0,4,235.24609375,0.7,vishing_432_29,,
,,precomputed,0.000573,0.17625,0.000781,egemaps,,,0.042083,segment,1,0.132813,,,1.0,5,235.24609375,0.7,vishing_432_29,,
,,precomputed,0.000573,0.176666,0.000677,egemaps,,,0.041927,segment,1,0.133489,,,1.0,6,235.24609375,0.7,vishing_432_29,,
,,precomputed,0.000469,0.176406,0.000833,egemaps,,,0.041302,segment,1,0.133802,,,1.0,7,235.24609375,0.7,vishing_432_29,,
,,precomputed,0.000521,0.180781,0.000834,egemaps,,,0.04651,segment,1,0.132916,,,1.0,8,235.24609375,0.7,vishing_432_29,,
,,precomputed,0.00052,0.174531,0.000729,egemaps,,,0.041042,segment,1,0.13224,,,1.0,9,235.24609375,0.7,vishing_432_29,,
,,precomputed,0.00099,1.618125,0.00125,egemaps,,,0.105781,segment,1,1.510104,,,1.0,0,235.5,0.7,vishing_564_32,,
,,precomputed,0.000677,0.51625,0.001094,egemaps,,,0.071562,segment,1,0.442917,,,1.0,1,235.66015625,0.7,vishing_564_32,,
,,precomputed,0.000625,0.413177,0.000989,egemaps,,,0.051979,segment,1,0.359584,,,1.0,2,235.66015625,0.7,vishing_564_32,,
,,precomputed,0.000625,0.405573,0.000937,egemaps,,,0.050469,segment,1,0.353542,,,1.0,3,235.66015625,0.7,vishing_564_32,,
,,precomputed,0.000677,0.403281,0.001094,egemaps,,,0.049687,segment,1,0.351823,,,1.0,4,235.66015625,0.7,vishing_564_32,,
,,precomputed,0.000729,0.402083,0.000886,egemaps,,,0.050677,segment,1,0.349791,,,1.0,5,235.66015625,0.7,vishing_564_32,,
,,precomputed,0.000677,0.399948,0.000886,egemaps,,,0.049791,segment,1,0.348594,,,1.0,6,235.66015625,0.7,vishing_564_32,,
,,precomputed,0.000625,0.403907,0.001042,egemaps,,,0.050052,segment,1,0.352188,,,1.0,7,235.66015625,0.7,vishing_564_32,,
,,precomputed,0.000573,0.40099,0.00099,egemaps,,,0.048698,segment,1,0.350729,,,1.0,8,235.66015625,0.7,vishing_564_32,,
,,precomputed,0.000625,0.399114,0.000938,egemaps,,,0.050885,segment,1,0.346666,,,1.0,9,235.66015625,0.7,vishing_564_32,,
,,precomputed,0.000833,1.256146,0.00125,egemaps,,,0.26349,segment,0,0.990573,,,0.030649542808532715,0,235.75,0.0214546799659729,d02j12s005273_1,,
,,precomputed,0.000781,0.54625,0.001041,egemaps,,,0.082917,segment,0,0.461511,,,0.030649542808532715,1,235.75,0.0214546799659729,d02j12s005273_1,,
,,precomputed,0.000677,0.471667,0.001041,egemaps,,,0.054636,segment,0,0.415313,,,0.030649542808532715,2,235.75,0.0214546799659729,d02j12s005273_1,,
,,precomputed,0.000677,0.464844,0.000937,egemaps,,,0.051407,segment,0,0.411823,,,0.030649542808532715,3,235.75,0.0214546799659729,d02j12s005273_1,,
,,precomputed,0.000729,0.458073,0.000885,egemaps,,,0.050104,segment,0,0.406355,,,0.030649542808532715,4,235.75,0.0214546799659729,d02j12s005273_1,,
,,precomputed,0.000677,0.455781,0.000938,egemaps,,,0.049375,segment,0,0.404791,,,0.030649542808532715,5,235.75,0.0214546799659729,d02j12s005273_1,,
,,precomputed,0.000625,0.500781,0.000937,egemaps,,,0.052448,segment,0,0.446771,,,0.030649542808532715,6,235.75,0.0214546799659729,d02j12s005273_1,,
,,precomputed,0.000677,0.459791,0.001094,egemaps,,,0.052708,segment,0,0.405312,,,0.030649542808532715,7,235.75,0.0214546799659729,d02j12s005273_1,,
,,precomputed,0.000729,0.460573,0.000937,egemaps,,,0.049584,segment,0,0.409323,,,0.030649542808532715,8,235.75,0.0214546799659729,d02j12s005273_1,,
,,precomputed,0.000677,0.454896,0.00099,egemaps,,,0.050156,segment,0,0.403073,,,0.030649542808532715,9,235.75,0.0214546799659729,d02j12s005273_1,,
,,precomputed,0.000885,1.189531,0.001458,egemaps,,,0.102552,segment,0,1.084636,,,0.012823645956814289,0,235.6796875,0.008976552169770002,d02j11s001550_16,,
,,precomputed,0.00073,0.48349,0.001198,egemaps,,,0.070729,segment,0,0.410833,,,0.012823645956814289,1,235.6796875,0.008976552169770002,d02j11s001550_16,,
,,precomputed,0.000625,0.553438,0.00099,egemaps,,,0.172552,segment,0,0.379271,,,0.012823645956814289,2,235.6796875,0.008976552169770002,d02j11s001550_16,,
,,precomputed,0.000573,0.429948,0.001146,egemaps,,,0.06599,segment,0,0.362239,,,0.012823645956814289,3,235.6796875,0.008976552169770002,d02j11s001550_16,,
,,precomputed,0.000625,0.413333,0.000938,egemaps,,,0.05026,segment,0,0.36151,,,0.012823645956814289,4,235.6796875,0.008976552169770002,d02j11s001550_16,,
,,precomputed,0.000625,0.413072,0.000989,egemaps,,,0.049583,segment,0,0.361875,,,0.012823645956814289,5,235.6796875,0.008976552169770002,d02j11s001550_16,,
,,precomputed,0.000572,0.407656,0.000938,egemaps,,,0.04849,segment,0,0.357656,,,0.012823645956814289,6,235.6796875,0.008976552169770002,d02j11s001550_16,,
,,precomputed,0.000573,0.406667,0.000938,egemaps,,,0.048854,segment,0,0.356302,,,0.012823645956814289,7,235.6796875,0.008976552169770002,d02j11s001550_16,,
,,precomputed,0.000573,0.405625,0.000989,egemaps,,,0.047969,segment,0,0.356094,,,0.012823645956814289,8,235.6796875,0.008976552169770002,d02j11s001550_16,,
,,precomputed,0.000572,0.406458,0.001094,egemaps,,,0.049323,segment,0,0.355469,,,0.012823645956814289,9,235.6796875,0.008976552169770002,d02j11s001550_16,,
,,precomputed,0.000833,1.470885,0.001146,egemaps,,,0.115104,segment,1,1.353802,,,1.0,0,235.78125,0.7,vishing_368_33,,
,,precomputed,0.000729,0.563021,0.000989,egemaps,,,0.080261,segment,1,0.481042,,,1.0,1,235.78125,0.7,vishing_368_33,,
,,precomputed,0.000677,0.487292,0.00099,egemaps,,,0.053125,segment,1,0.4325,,,1.0,2,235.78125,0.7,vishing_368_33,,
,,precomputed,0.000781,0.479219,0.000938,egemaps,,,0.051771,segment,1,0.425729,,,1.0,3,235.78125,0.7,vishing_368_33,,
,,precomputed,0.000625,0.475469,0.000886,egemaps,,,0.050781,segment,1,0.423177,,,1.0,4,235.78125,0.7,vishing_368_33,,
,,precomputed,0.000677,0.605573,0.001094,egemaps,,,0.163125,segment,1,0.440677,,,1.0,5,235.78125,0.7,vishing_368_33,,
,,precomputed,0.000521,0.554792,0.000938,egemaps,,,0.128229,segment,1,0.425104,,,1.0,6,235.78125,0.7,vishing_368_33,,
,,precomputed,0.000625,0.499947,0.001041,egemaps,,,0.063906,segment,1,0.434375,,,1.0,7,235.78125,0.7,vishing_368_33,,
,,precomputed,0.000573,0.475938,0.001042,egemaps,,,0.052083,segment,1,0.42224,,,1.0,8,235.78125,0.7,vishing_368_33,,
,,precomputed,0.000729,0.474375,0.000885,egemaps,,,0.050782,segment,1,0.421979,,,1.0,9,235.78125,0.7,vishing_368_33,,
,,precomputed,0.000886,0.990729,0.001197,egemaps,,,0.119323,segment,0,0.869323,,,0.001014495617710054,0,235.59375,0.0007101469323970377,d02j11s001550_2,,
,,precomputed,0.000625,0.401615,0.000989,egemaps,,,0.05599,segment,0,0.344011,,,0.001014495617710054,1,235.59375,0.0007101469323970377,d02j11s001550_2,,
,,precomputed,0.000625,0.369895,0.001094,egemaps,,,0.052135,segment,0,0.316041,,,0.001014495617710054,2,235.59375,0.0007101469323970377,d02j11s001550_2,,
,,precomputed,0.000625,0.365365,0.001041,egemaps,,,0.05198,segment,0,0.311719,,,0.001014495617710054,3,235.59375,0.0007101469323970377,d02j11s001550_2,,
,,precomputed,0.000834,0.359167,0.000938,egemaps,,,0.050572,segment,0,0.306823,,,0.001014495617710054,4,235.59375,0.0007101469323970377,d02j11s001550_2,,
,,precomputed,0.000573,0.354531,0.00099,egemaps,,,0.049687,segment,0,0.303281,,,0.001014495617710054,5,235.59375,0.0007101469323970377,d02j11s001550_2,,
,,precomputed,0.000573,0.355573,0.000989,egemaps,,,0.048594,segment,0,0.305417,,,0.001014495617710054,6,235.59375,0.0007101469323970377,d02j11s001550_2,,
,,precomputed,0.000573,0.355417,0.00099,egemaps,,,0.048646,segment,0,0.305208,,,0.001014495617710054,7,235.59375,0.0007101469323970377,d02j11s001550_2,,
,,precomputed,0.000572,0.352187,0.001094,egemaps,,,0.047709,segment,0,0.302812,,,0.001014495617710054,8,235.59375,0.0007101469323970377,d02j11s001550_2,,
,,precomputed,0.000625,0.357812,0.000834,egemaps,,,0.048593,segment,0,0.30776,,,0.001014495617710054,9,235.59375,0.0007101469323970377,d02j11s001550_2,,
,,precomputed,0.000989,1.571458,0.001302,egemaps,,,0.132813,segment,0,1.436354,,,0.005928255617618561,0,235.7109375,0.004149778932332992,d04j18s013482_13,,
,,precomputed,0.000937,1.131771,0.001093,egemaps,,,0.698907,segment,0,0.430834,,,0.005928255617618561,1,235.7109375,0.004149778932332992,d04j18s013482_13,,
,,precomputed,0.000781,0.497708,0.001094,egemaps,,,0.101771,segment,0,0.394062,,,0.005928255617618561,2,235.7109375,0.004149778932332992,d04j18s013482_13,,
,,precomputed,0.000625,0.440052,0.001042,egemaps,,,0.054218,segment,0,0.384167,,,0.005928255617618561,3,235.7109375,0.004149778932332992,d04j18s013482_13,,
,,precomputed,0.000573,0.437136,0.001042,egemaps,,,0.05125,segment,0,0.384271,,,0.005928255617618561,4,235.7109375,0.004149778932332992,d04j18s013482_13,,
,,precomputed,0.000781,0.477291,0.001094,egemaps,,,0.067656,segment,0,0.40776,,,0.005928255617618561,5,235.7109375,0.004149778932332992,d04j18s013482_13,,
,,precomputed,0.000573,0.471093,0.001145,egemaps,,,0.0675,segment,0,0.401875,,,0.005928255617618561,6,235.7109375,0.004149778932332992,d04j18s013482_13,,
,,precomputed,0.00073,0.444219,0.000938,egemaps,,,0.051041,segment,0,0.39151,,,0.005928255617618561,7,235.7109375,0.004149778932332992,d04j18s013482_13,,
,,precomputed,0.000677,0.42677,0.000885,egemaps,,,0.048958,segment,0,0.37625,,,0.005928255617618561,8,235.7109375,0.004149778932332992,d04j18s013482_13,,
,,precomputed,0.000677,0.4725,0.000937,egemaps,,,0.066511,segment,0,0.404375,,,0.005928255617618561,9,235.7109375,0.004149778932332992,d04j18s013482_13,,
,,precomputed,0.000937,1.115833,0.00125,egemaps,,,0.117865,segment,1,0.995781,,,1.0,0,235.52734375,0.7,vishing_597_16,,
,,precomputed,0.000677,0.415521,0.00125,egemaps,,,0.067239,segment,1,0.346355,,,1.0,1,235.52734375,0.7,vishing_597_16,,
,,precomputed,0.000573,0.391927,0.001042,egemaps,,,0.120208,segment,1,0.270104,,,1.0,2,235.52734375,0.7,vishing_597_16,,
,,precomputed,0.000625,0.319584,0.001198,egemaps,,,0.048386,segment,1,0.269375,,,1.0,3,235.52734375,0.7,vishing_597_16,,
,,precomputed,0.000572,0.311562,0.000886,egemaps,,,0.047917,segment,1,0.262187,,,1.0,4,235.52734375,0.7,vishing_597_16,,
,,precomputed,0.000573,0.311718,0.000937,egemaps,,,0.047604,segment,1,0.262604,,,1.0,5,235.52734375,0.7,vishing_597_16,,
,,precomputed,0.000573,0.308854,0.00099,egemaps,,,0.047708,segment,1,0.259583,,,1.0,6,235.52734375,0.7,vishing_597_16,,
,,precomputed,0.000677,0.327396,0.000938,egemaps,,,0.068489,segment,1,0.257292,,,1.0,7,235.52734375,0.7,vishing_597_16,,
,,precomputed,0.000573,0.306146,0.000885,egemaps,,,0.045521,segment,1,0.259167,,,1.0,8,235.52734375,0.7,vishing_597_16,,
,,precomputed,0.000573,0.304791,0.000886,egemaps,,,0.046093,segment,1,0.257239,,,1.0,9,235.52734375,0.7,vishing_597_16,,
,,precomputed,0.000782,0.818959,0.001302,egemaps,,,0.100312,segment,0,0.716563,,,0.004961527418345213,0,235.24609375,0.003473069192841649,d02j10s005177_33,,
,,precomputed,0.000573,0.227395,0.001042,egemaps,,,0.052395,segment,0,0.173385,,,0.004961527418345213,1,235.24609375,0.003473069192841649,d02j10s005177_33,,
,,precomputed,0.000625,0.207188,0.000938,egemaps,,,0.046719,segment,0,0.158906,,,0.004961527418345213,2,235.24609375,0.003473069192841649,d02j10s005177_33,,
,,precomputed,0.000625,0.199584,0.000885,egemaps,,,0.044063,segment,0,0.154011,,,0.004961527418345213,3,235.24609375,0.003473069192841649,d02j10s005177_33,,
,,precomputed,0.000521,0.196406,0.000885,egemaps,,,0.044115,segment,0,0.150885,,,0.004961527418345213,4,235.24609375,0.003473069192841649,d02j10s005177_33,,
,,precomputed,0.000469,0.197396,0.000938,egemaps,,,0.04276,segment,0,0.153229,,,0.004961527418345213,5,235.24609375,0.003473069192841649,d02j10s005177_33,,
,,precomputed,0.000573,0.194115,0.000781,egemaps,,,0.042344,segment,0,0.150417,,,0.004961527418345213,6,235.24609375,0.003473069192841649,d02j10s005177_33,,
,,precomputed,0.000521,0.194114,0.000834,egemaps,,,0.042916,segment,0,0.149843,,,0.004961527418345213,7,235.24609375,0.003473069192841649,d02j10s005177_33,,
,,precomputed,0.000573,0.193437,0.000833,egemaps,,,0.04276,segment,0,0.149271,,,0.004961527418345213,8,235.24609375,0.003473069192841649,d02j10s005177_33,,
,,precomputed,0.000573,0.193125,0.000782,egemaps,,,0.042916,segment,0,0.148854,,,0.004961527418345213,9,235.24609375,0.003473069192841649,d02j10s005177_33,,
,,precomputed,0.000729,1.177135,0.000938,egemaps,,,0.088646,segment,1,1.086822,,,1.0,0,235.24609375,0.7,vishing_601_10,,
,,precomputed,0.000521,0.255209,0.000937,egemaps,,,0.051563,segment,1,0.202188,,,1.0,1,235.24609375,0.7,vishing_601_10,,
,,precomputed,0.000468,0.238906,0.001042,egemaps,,,0.047552,segment,1,0.189844,,,1.0,2,235.24609375,0.7,vishing_601_10,,
,,precomputed,0.000572,0.219166,0.000834,egemaps,,,0.044896,segment,1,0.172864,,,1.0,3,235.24609375,0.7,vishing_601_10,,
,,precomputed,0.000573,0.216562,0.000833,egemaps,,,0.044271,segment,1,0.170885,,,1.0,4,235.24609375,0.7,vishing_601_10,,
,,precomputed,0.000573,0.216406,0.000885,egemaps,,,0.045104,segment,1,0.169844,,,1.0,5,235.24609375,0.7,vishing_601_10,,
,,precomputed,0.000521,0.216563,0.000834,egemaps,,,0.043958,segment,1,0.17125,,,1.0,6,235.24609375,0.7,vishing_601_10,,
,,precomputed,0.000521,0.213125,0.000886,egemaps,,,0.043437,segment,1,0.168281,,,1.0,7,235.24609375,0.7,vishing_601_10,,
,,precomputed,0.000573,0.212448,0.000833,egemaps,,,0.042813,segment,1,0.168229,,,1.0,8,235.24609375,0.7,vishing_601_10,,
,,precomputed,0.000573,0.21349,0.000937,egemaps,,,0.043438,segment,1,0.168542,,,1.0,9,235.24609375,0.7,vishing_601_10,,
,,precomputed,0.000833,0.759167,0.000989,egemaps,,,0.083178,segment,1,0.674167,,,1.0,0,235.24609375,0.7,vishing_597_100,,
,,precomputed,0.000625,0.186302,0.000886,egemaps,,,0.047812,segment,1,0.136979,,,1.0,1,235.24609375,0.7,vishing_597_100,,
,,precomputed,0.000469,0.168021,0.000782,egemaps,,,0.043854,segment,1,0.122916,,,1.0,2,235.24609375,0.7,vishing_597_100,,
,,precomputed,0.000573,0.169531,0.000781,egemaps,,,0.043177,segment,1,0.125,,,1.0,3,235.24609375,0.7,vishing_597_100,,
,,precomputed,0.000521,0.164167,0.000833,egemaps,,,0.041615,segment,1,0.121198,,,1.0,4,235.24609375,0.7,vishing_597_100,,
,,precomputed,0.000677,0.193959,0.000833,egemaps,,,0.073282,segment,1,0.119167,,,1.0,5,235.24609375,0.7,vishing_597_100,,
,,precomputed,0.00052,0.16375,0.000886,egemaps,,,0.041823,segment,1,0.120521,,,1.0,6,235.24609375,0.7,vishing_597_100,,
,,precomputed,0.000573,0.16026,0.000833,egemaps,,,0.040469,segment,1,0.118385,,,1.0,7,235.24609375,0.7,vishing_597_100,,
,,precomputed,0.000469,0.16,0.000833,egemaps,,,0.040365,segment,1,0.118333,,,1.0,8,235.24609375,0.7,vishing_597_100,,
,,precomputed,0.000469,0.161979,0.000833,egemaps,,,0.040365,segment,1,0.120312,,,1.0,9,235.24609375,0.7,vishing_597_100,,
,,precomputed,0.000781,1.919479,0.001198,egemaps,,,0.110781,segment,1,1.806719,,,1.0,0,235.7578125,0.7,vishing_558_3,,
,,precomputed,0.000781,0.589427,0.001042,egemaps,,,0.083021,segment,1,0.504583,,,1.0,1,235.77734375,0.7,vishing_558_3,,
,,precomputed,0.00073,0.532292,0.001042,egemaps,,,0.082291,segment,1,0.448229,,,1.0,2,235.77734375,0.7,vishing_558_3,,
,,precomputed,0.000729,0.568281,0.000937,egemaps,,,0.138855,segment,1,0.42776,,,1.0,3,235.77734375,0.7,vishing_558_3,,
,,precomputed,0.00073,0.49875,0.000938,egemaps,,,0.069687,segment,1,0.427395,,,1.0,4,235.77734375,0.7,vishing_558_3,,
,,precomputed,0.000678,0.475886,0.001042,egemaps,,,0.051718,segment,1,0.422448,,,1.0,5,235.77734375,0.7,vishing_558_3,,
,,precomputed,0.000573,0.469948,0.001042,egemaps,,,0.050469,segment,1,0.417864,,,1.0,6,235.77734375,0.7,vishing_558_3,,
,,precomputed,0.000729,0.471927,0.000938,egemaps,,,0.050104,segment,1,0.420156,,,1.0,7,235.77734375,0.7,vishing_558_3,,
,,precomputed,0.000677,0.706979,0.000938,egemaps,,,0.245625,segment,1,0.459739,,,1.0,8,235.77734375,0.7,vishing_558_3,,
,,precomputed,0.000625,0.537552,0.000938,egemaps,,,0.072187,segment,1,0.463802,,,1.0,9,235.77734375,0.7,vishing_558_3,,
0.3,vishing_257,precomputed,,,,egemaps,0.99993439,0.269323,,call,1,,8,0.244531,,,,,,0.3,0.579115
0.3,vishing_44,precomputed,,,,egemaps,0.9999330412488365,4.15901,,call,1,,8,3.95849,,,,,,0.3,6.511197
0.3,vishing_304,precomputed,,,,egemaps,0.9999999702797884,2.018958,,call,1,,353,1.799218,,,,,,0.3,31.574375
0.3,vishing_617,precomputed,,,,egemaps,0.9999999999999999,15.374635,,call,1,,357,0.427969,,,,,,0.3,29.403281
0.3,vishing_366,precomputed,,,,egemaps,0.9999999999999999,13.984114,,call,1,,66,0.376042,,,,,,0.3,16.922031
0.3,vishing_552,precomputed,,,,egemaps,0.9999999954937531,3.097708,,call,1,,50,0.400885,,,,,,0.3,5.027604
0.3,vishing_457,precomputed,,,,egemaps,0.9975699999999998,1.977812,,call,1,,5,0.30651,,,,,,0.3,2.159791
0.3,vishing_234,precomputed,,,,egemaps,0.9962317633619249,0.419375,,call,1,,7,0.243125,,,,,,0.3,0.689583
0.3,vishing_168,precomputed,,,,egemaps,0.9997813,0.545677,,call,1,,7,0.24724,,,,,,0.3,0.811927
0.3,vishing_479,precomputed,,,,egemaps,0.7964312680242649,0.628802,,call,1,,7,0.219062,,,,,,0.3,0.833594
0.3,vishing_228,precomputed,,,,egemaps,0.9918999999999999,0.923541,,call,1,,4,0.747604,,,,,,0.3,1.667135
0.3,vishing_248,precomputed,,,,egemaps,0.9999959610225779,0.794583,,call,1,,11,0.688594,,,,,,0.3,1.245104
0.3,vishing_445,precomputed,,,,egemaps,0.9999950845721948,0.611511,,call,1,,28,0.31073,,,,,,0.3,1.697084
0.3,vishing_178,precomputed,,,,egemaps,0.9999999999360281,1.481355,,call,1,,22,0.257292,,,,,,0.3,2.336407
0.3,vishing_679,precomputed,,,,egemaps,0.9999768605165251,0.578021,,call,1,,11,0.23724,,,,,,0.3,0.991094
0.3,vishing_601,precomputed,,,,egemaps,0.999999999116628,0.74151,,call,1,,34,0.299479,,,,,,0.3,2.078646
0.3,vishing_211,precomputed,,,,egemaps,0.9997813,1.040313,,call,1,,7,0.273802,,,,,,0.3,1.30849
0.3,vishing_453,precomputed,,,,egemaps,0.999998571440673,0.724427,,call,1,,108,0.370729,,,,,,0.3,4.916406
0.3,vishing_432,precomputed,,,,egemaps,0.9999999999802718,3.589948,,call,1,,30,0.35276,,,,,,0.3,4.734271
0.3,vishing_88,precomputed,,,,egemaps,0.9997709252793946,1.034219,,call,1,,18,0.378698,,,,,,0.3,1.724427
0.3,vishing_255,precomputed,,,,egemaps,0.9591858915091508,0.566928,,call,1,,10,0.191355,,,,,,0.3,0.945261
0.3,vishing_434,precomputed,,,,egemaps,0.9995396045899867,0.283334,,call,1,,7,0.160573,,,,,,0.3,0.554115
0.3,vishing_208,precomputed,,,,egemaps,0.9723420656860555,0.355417,,call,1,,11,0.182917,,,,,,0.3,0.780886
0.3,vishing_615,precomputed,,,,egemaps,0.9999998942932216,0.568802,,call,1,,29,0.247917,,,,,,0.3,1.672708
0.3,vishing_393,precomputed,,,,egemaps,0.999241280733274,0.902916,,call,1,,26,0.274843,,,,,,0.3,1.89427
0.3,vishing_375,precomputed,,,,egemaps,0.955610936508289,0.918959,,call,1,,33,0.313698,,,,,,0.3,2.176146
0.3,vishing_542,precomputed,,,,egemaps,0.9722393016815185,1.330678,,call,1,,3,0.164271,,,,,,0.3,1.430053
0.3,vishing_112,precomputed,,,,egemaps,0.9999994685589999,0.311667,,call,1,,12,0.200312,,,,,,0.3,0.771823
0.3,vishing_602,precomputed,,,,egemaps,0.9999999498655703,0.826979,,call,1,,41,0.335677,,,,,,0.3,2.396719
0.3,vishing_118,precomputed,,,,egemaps,0.9999534329005535,1.538333,,call,1,,15,0.303281,,,,,,0.3,2.123177
0.3,vishing_82,precomputed,,,,egemaps,0.9992689392852783,0.485417,,call,1,,6,0.168021,,,,,,0.3,0.714532
0.3,vishing_217,precomputed,,,,egemaps,0.9999994685589999,0.328959,,call,1,,12,0.210104,,,,,,0.3,0.801303
0.3,vishing_226,precomputed,,,,egemaps,0.9997810583174824,0.471198,,call,1,,7,0.165364,,,,,,0.3,0.744063
0.3,vishing_417,precomputed,,,,egemaps,0.9999999929722456,0.475209,,call,1,,17,0.200417,,,,,,0.3,1.280782
0.3,vishing_520,precomputed,,,,egemaps,0.9999999999999999,1.113959,,call,1,,90,0.359427,,,,,,0.3,4.55573
0.3,vishing_338,precomputed,,,,egemaps,0.999987036372001,3.619427,,call,1,,38,0.373698,,,,,,0.3,5.078021
0.3,vishing_575,precomputed,,,,egemaps,0.9999999999462543,2.172813,,call,1,,40,0.347865,,,,,,0.3,3.755625
0.3,vishing_600,precomputed,,,,egemaps,0.9099999999999999,1.488229,,call,1,,2,0.1675,,,,,,0.3,1.539167
0.3,vishing_446,precomputed,,,,egemaps,0.9999990280806548,0.206355,,call,1,,17,0.145417,,,,,,0.3,0.866719
0.3,vishing_444,precomputed,,,,egemaps,0.9999803169999999,0.377604,,call,1,,9,0.180261,,,,,,0.3,0.724687
0.3,vishing_597,precomputed,,,,egemaps,0.999999893895173,0.745938,,call,1,,104,0.355313,,,,,,0.3,4.957292
0.3,vishing_368,precomputed,,,,egemaps,0.9999999977464987,5.105365,,call,1,,222,0.644948,,,,,,0.3,14.484948
0.3,vishing_360,precomputed,,,,egemaps,0.9999999999999999,8.194844,,call,1,,31,0.349011,,,,,,0.3,9.420208
0.3,vishing_173,precomputed,,,,egemaps,0.9997767460958124,1.606927,,call,1,,14,0.249844,,,,,,0.3,2.133385
0.3,vishing_671,precomputed,,,,egemaps,0.9729999999999999,0.32026,,call,1,,3,0.134218,,,,,,0.3,0.441875
0.3,vishing_53,precomputed,,,,egemaps,0.9099999999999999,0.189844,,call,1,,2,0.106771,,,,,,0.3,0.237604
0.3,vishing_653,precomputed,,,,egemaps,0.9999999999999999,0.527292,,call,1,,131,0.341927,,,,,,0.3,5.575053
0.3,vishing_242,precomputed,,,,egemaps,0.9996850963993429,4.849062,,call,1,,7,0.276562,,,,,,0.3,5.107448
0.3,vishing_86,precomputed,,,,egemaps,0.9975534973108767,0.334844,,call,1,,5,0.173802,,,,,,0.3,0.520157
0.3,vishing_192,precomputed,,,,egemaps,0.9997801917696116,0.406094,,call,1,,7,0.215104,,,,,,0.3,0.663959
