alpha,call_id,ema_ms,end_to_end_ms,feat_ms,feature_type,final_S,first_alert_ms,fwd_ms,kind,label,load_ms,n_segments,peak_seg_ms,prob,rep,score_S,segment_id,tau,total_call_ms
,,0.00651,86.373281,11.774479,mfcc,,,72.160208,segment,0,2.432084,,,0.2606247067451477,0,0.1824372947216034,d02j12s000857_29,,
,,0.00323,6.677448,3.293802,mfcc,,,2.664583,segment,0,0.715833,,,0.2606247067451477,1,0.1824372947216034,d02j12s000857_29,,
,,0.002031,4.71177,2.875417,mfcc,,,1.410208,segment,0,0.424114,,,0.2606247067451477,2,0.1824372947216034,d02j12s000857_29,,
,,0.002448,4.201407,2.898541,mfcc,,,0.915105,segment,0,0.385313,,,0.2606247067451477,3,0.1824372947216034,d02j12s000857_29,,
,,0.002032,4.17599,2.946719,mfcc,,,0.786458,segment,0,0.440781,,,0.2606247067451477,4,0.1824372947216034,d02j12s000857_29,,
,,0.001198,3.372031,2.778907,mfcc,,,0.229218,segment,0,0.362708,,,0.2606247067451477,5,0.1824372947216034,d02j12s000857_29,,
,,0.000833,2.331041,1.876771,mfcc,,,0.167552,segment,0,0.285885,,,0.2606247067451477,6,0.1824372947216034,d02j12s000857_29,,
,,0.000573,2.192032,1.809062,mfcc,,,0.15474,segment,0,0.227657,,,0.2606247067451477,7,0.1824372947216034,d02j12s000857_29,,
,,0.000521,2.214688,1.912917,mfcc,,,0.125469,segment,0,0.175781,,,0.2606247067451477,8,0.1824372947216034,d02j12s000857_29,,
,,0.000573,1.959271,1.669427,mfcc,,,0.129791,segment,0,0.15948,,,0.2606247067451477,9,0.1824372947216034,d02j12s000857_29,,
,,0.002604,13.101146,10.728125,mfcc,,,0.635469,segment,1,1.734948,,,0.9999947547912598,0,0.6999963283538818,vishing_366_52,,
,,0.001666,8.631041,7.397708,mfcc,,,0.473907,segment,1,0.75776,,,0.9999947547912598,1,0.6999963283538818,vishing_366_52,,
,,0.000781,7.392969,6.545468,mfcc,,,0.250678,segment,1,0.596042,,,0.9999947547912598,2,0.6999963283538818,vishing_366_52,,
,,0.001041,7.116041,6.358958,mfcc,,,0.218021,segment,1,0.538021,,,0.9999947547912598,3,0.6999963283538818,vishing_366_52,,
,,0.000937,7.105989,6.406094,mfcc,,,0.192604,segment,1,0.506354,,,0.9999947547912598,4,0.6999963283538818,vishing_366_52,,
,,0.001198,8.382083,7.25427,mfcc,,,0.336771,segment,1,0.789844,,,0.9999947547912598,5,0.6999963283538818,vishing_366_52,,
,,0.000677,7.053021,6.365729,mfcc,,,0.19125,segment,1,0.495365,,,0.9999947547912598,6,0.6999963283538818,vishing_366_52,,
,,0.00099,7.17125,6.479166,mfcc,,,0.214167,segment,1,0.476927,,,0.9999947547912598,7,0.6999963283538818,vishing_366_52,,
,,0.00099,7.048698,6.317448,mfcc,,,0.2175,segment,1,0.51276,,,0.9999947547912598,8,0.6999963283538818,vishing_366_52,,
,,0.001146,7.321354,6.450989,mfcc,,,0.359479,segment,1,0.50974,,,0.9999947547912598,9,0.6999963283538818,vishing_366_52,,
,,0.002968,8.946198,4.542969,mfcc,,,0.319271,segment,0,4.08099,,,0.33413180708885193,0,0.23389226496219634,d01j020s006622_3,,
,,0.000781,4.906563,4.172396,mfcc,,,0.152761,segment,0,0.580625,,,0.33413180708885193,1,0.23389226496219634,d01j020s006622_3,,
,,0.000625,4.446927,3.982552,mfcc,,,0.124167,segment,0,0.339583,,,0.33413180708885193,2,0.23389226496219634,d01j020s006622_3,,
,,0.000625,4.311823,3.879323,mfcc,,,0.12401,segment,0,0.307865,,,0.33413180708885193,3,0.23389226496219634,d01j020s006622_3,,
,,0.000625,4.443698,3.959115,mfcc,,,0.137812,segment,0,0.346146,,,0.33413180708885193,4,0.23389226496219634,d01j020s006622_3,,
,,0.000625,4.399427,3.94901,mfcc,,,0.12849,segment,0,0.321302,,,0.33413180708885193,5,0.23389226496219634,d01j020s006622_3,,
,,0.000729,4.40875,3.960729,mfcc,,,0.128854,segment,0,0.318438,,,0.33413180708885193,6,0.23389226496219634,d01j020s006622_3,,
,,0.000573,4.432344,3.987865,mfcc,,,0.128906,segment,0,0.315,,,0.33413180708885193,7,0.23389226496219634,d01j020s006622_3,,
,,0.000573,4.379323,3.943125,mfcc,,,0.132083,segment,0,0.303542,,,0.33413180708885193,8,0.23389226496219634,d01j020s006622_3,,
,,0.000573,4.428593,3.993542,mfcc,,,0.129062,segment,0,0.305416,,,0.33413180708885193,9,0.23389226496219634,d01j020s006622_3,,
,,0.001615,15.41349,7.570573,mfcc,,,0.640781,segment,0,7.200521,,,0.33167561888694763,0,0.23217293322086333,d04j18s014737_2,,
,,0.000937,7.873593,7.102708,mfcc,,,0.159063,segment,0,0.610885,,,0.33167561888694763,1,0.23217293322086333,d04j18s014737_2,,
,,0.000886,7.623854,6.945937,mfcc,,,0.165156,segment,0,0.511875,,,0.33167561888694763,2,0.23217293322086333,d04j18s014737_2,,
,,0.00073,7.536927,6.866719,mfcc,,,0.16302,segment,0,0.506458,,,0.33167561888694763,3,0.23217293322086333,d04j18s014737_2,,
,,0.00099,7.520885,6.859896,mfcc,,,0.159947,segment,0,0.500052,,,0.33167561888694763,4,0.23217293322086333,d04j18s014737_2,,
,,0.000573,7.608646,6.86875,mfcc,,,0.237396,segment,0,0.501927,,,0.33167561888694763,5,0.23217293322086333,d04j18s014737_2,,
,,0.000625,8.048907,7.283854,mfcc,,,0.230365,segment,0,0.534063,,,0.33167561888694763,6,0.23217293322086333,d04j18s014737_2,,
,,0.000781,7.471458,6.800052,mfcc,,,0.16901,segment,0,0.501615,,,0.33167561888694763,7,0.23217293322086333,d04j18s014737_2,,
,,0.000625,7.549688,6.812292,mfcc,,,0.168021,segment,0,0.56875,,,0.33167561888694763,8,0.23217293322086333,d04j18s014737_2,,
,,0.000834,7.610313,6.954219,mfcc,,,0.162031,segment,0,0.493229,,,0.33167561888694763,9,0.23217293322086333,d04j18s014737_2,,
,,0.001406,10.717709,4.308333,mfcc,,,0.160886,segment,1,6.247084,,,0.9987701773643494,0,0.6991391241550445,vishing_304_49,,
,,0.000677,4.877916,4.299844,mfcc,,,0.161093,segment,1,0.416302,,,0.9987701773643494,1,0.6991391241550445,vishing_304_49,,
,,0.000625,5.030521,4.49151,mfcc,,,0.175313,segment,1,0.363073,,,0.9987701773643494,2,0.6991391241550445,vishing_304_49,,
,,0.000573,4.890364,4.398594,mfcc,,,0.130625,segment,1,0.360572,,,0.9987701773643494,3,0.6991391241550445,vishing_304_49,,
,,0.000521,4.888698,4.401041,mfcc,,,0.138073,segment,1,0.349063,,,0.9987701773643494,4,0.6991391241550445,vishing_304_49,,
,,0.000521,4.933646,4.472761,mfcc,,,0.130312,segment,1,0.330052,,,0.9987701773643494,5,0.6991391241550445,vishing_304_49,,
,,0.000625,4.844114,4.377396,mfcc,,,0.133333,segment,1,0.33276,,,0.9987701773643494,6,0.6991391241550445,vishing_304_49,,
,,0.000573,5.006979,4.548594,mfcc,,,0.125885,segment,1,0.331927,,,0.9987701773643494,7,0.6991391241550445,vishing_304_49,,
,,0.000677,4.94849,4.495469,mfcc,,,0.124323,segment,1,0.328021,,,0.9987701773643494,8,0.6991391241550445,vishing_304_49,,
,,0.000625,4.862812,4.403958,mfcc,,,0.125937,segment,1,0.332292,,,0.9987701773643494,9,0.6991391241550445,vishing_304_49,,
,,0.001042,12.824323,6.064375,mfcc,,,0.205104,segment,0,6.553802,,,0.6170220375061035,0,0.4319154262542724,d02j12s000074_6,,
,,0.000729,6.884063,6.257032,mfcc,,,0.151771,segment,0,0.474531,,,0.6170220375061035,1,0.4319154262542724,d02j12s000074_6,,
,,0.000729,6.751042,6.126093,mfcc,,,0.171303,segment,0,0.452917,,,0.6170220375061035,2,0.4319154262542724,d02j12s000074_6,,
,,0.00052,6.820208,6.196198,mfcc,,,0.16625,segment,0,0.45724,,,0.6170220375061035,3,0.4319154262542724,d02j12s000074_6,,
,,0.000573,6.825729,6.154063,mfcc,,,0.153854,segment,0,0.517239,,,0.6170220375061035,4,0.4319154262542724,d02j12s000074_6,,
,,0.000834,6.79375,6.195885,mfcc,,,0.15,segment,0,0.447031,,,0.6170220375061035,5,0.4319154262542724,d02j12s000074_6,,
,,0.000625,6.795885,6.195729,mfcc,,,0.148125,segment,0,0.451406,,,0.6170220375061035,6,0.4319154262542724,d02j12s000074_6,,
,,0.000521,6.866459,6.226458,mfcc,,,0.184115,segment,0,0.455365,,,0.6170220375061035,7,0.4319154262542724,d02j12s000074_6,,
,,0.000729,6.637604,6.043959,mfcc,,,0.14875,segment,0,0.444166,,,0.6170220375061035,8,0.4319154262542724,d02j12s000074_6,,
,,0.000781,6.361041,5.737604,mfcc,,,0.198073,segment,0,0.424583,,,0.6170220375061035,9,0.4319154262542724,d02j12s000074_6,,
,,0.001771,7.209688,2.556094,mfcc,,,0.136979,segment,1,4.514844,,,0.9999942779541016,0,0.6999959945678711,vishing_653_85,,
,,0.000573,2.871458,2.452239,mfcc,,,0.14625,segment,1,0.272396,,,0.9999942779541016,1,0.6999959945678711,vishing_653_85,,
,,0.000729,2.788177,2.436875,mfcc,,,0.148021,segment,1,0.202552,,,0.9999942779541016,2,0.6999959945678711,vishing_653_85,,
,,0.000625,2.826771,2.418229,mfcc,,,0.212604,segment,1,0.195313,,,0.9999942779541016,3,0.6999959945678711,vishing_653_85,,
,,0.000521,2.738177,2.387084,mfcc,,,0.162031,segment,1,0.188541,,,0.9999942779541016,4,0.6999959945678711,vishing_653_85,,
,,0.000521,2.673594,2.364115,mfcc,,,0.131875,segment,1,0.177083,,,0.9999942779541016,5,0.6999959945678711,vishing_653_85,,
,,0.000572,2.703645,2.40026,mfcc,,,0.125157,segment,1,0.177656,,,0.9999942779541016,6,0.6999959945678711,vishing_653_85,,
,,0.000521,2.632916,2.326615,mfcc,,,0.128333,segment,1,0.177447,,,0.9999942779541016,7,0.6999959945678711,vishing_653_85,,
,,0.000521,2.688333,2.372708,mfcc,,,0.135521,segment,1,0.179583,,,0.9999942779541016,8,0.6999959945678711,vishing_653_85,,
,,0.000521,2.817708,2.510938,mfcc,,,0.128437,segment,1,0.177812,,,0.9999942779541016,9,0.6999959945678711,vishing_653_85,,
,,0.001198,13.837552,4.767917,mfcc,,,0.166927,segment,0,8.90151,,,0.576858401298523,0,0.40380088090896604,d01j04s006795_22,,
,,0.00073,4.993178,4.443073,mfcc,,,0.138177,segment,0,0.411198,,,0.576858401298523,1,0.40380088090896604,d01j04s006795_22,,
,,0.000782,4.853594,4.385052,mfcc,,,0.129896,segment,0,0.337864,,,0.576858401298523,2,0.40380088090896604,d01j04s006795_22,,
,,0.000625,4.812135,4.339531,mfcc,,,0.131458,segment,0,0.340521,,,0.576858401298523,3,0.40380088090896604,d01j04s006795_22,,
,,0.000677,4.856042,4.387344,mfcc,,,0.137708,segment,0,0.330313,,,0.576858401298523,4,0.40380088090896604,d01j04s006795_22,,
,,0.000573,4.781146,4.289062,mfcc,,,0.161719,segment,0,0.329792,,,0.576858401298523,5,0.40380088090896604,d01j04s006795_22,,
,,0.000625,4.75948,4.30849,mfcc,,,0.126875,segment,0,0.32349,,,0.576858401298523,6,0.40380088090896604,d01j04s006795_22,,
,,0.000625,4.754688,4.313229,mfcc,,,0.121667,segment,0,0.319167,,,0.576858401298523,7,0.40380088090896604,d01j04s006795_22,,
,,0.000625,5.078907,4.608854,mfcc,,,0.135209,segment,0,0.334219,,,0.576858401298523,8,0.40380088090896604,d01j04s006795_22,,
,,0.00052,5.084895,4.605886,mfcc,,,0.130521,segment,0,0.347968,,,0.576858401298523,9,0.40380088090896604,d01j04s006795_22,,
,,0.000677,11.594166,4.898072,mfcc,,,0.143073,segment,1,6.552344,,,0.9998094439506531,0,0.6998666107654571,vishing_617_334,,
,,0.000833,6.378906,4.887136,mfcc,,,1.091979,segment,1,0.398958,,,0.9998094439506531,1,0.6998666107654571,vishing_617_334,,
,,0.00073,5.430521,4.875782,mfcc,,,0.138072,segment,1,0.415937,,,0.9998094439506531,2,0.6998666107654571,vishing_617_334,,
,,0.000677,5.469739,4.924219,mfcc,,,0.155,segment,1,0.389843,,,0.9998094439506531,3,0.6998666107654571,vishing_617_334,,
,,0.000729,5.636979,5.087448,mfcc,,,0.141302,segment,1,0.4075,,,0.9998094439506531,4,0.6998666107654571,vishing_617_334,,
,,0.000677,5.678906,5.157031,mfcc,,,0.136719,segment,1,0.384479,,,0.9998094439506531,5,0.6998666107654571,vishing_617_334,,
,,0.000573,5.710156,5.190469,mfcc,,,0.133854,segment,1,0.38526,,,0.9998094439506531,6,0.6998666107654571,vishing_617_334,,
,,0.000625,5.648229,5.120052,mfcc,,,0.14375,segment,1,0.383802,,,0.9998094439506531,7,0.6998666107654571,vishing_617_334,,
,,0.000677,5.722135,5.165573,mfcc,,,0.168229,segment,1,0.387656,,,0.9998094439506531,8,0.6998666107654571,vishing_617_334,,
,,0.000677,5.666875,5.132344,mfcc,,,0.151354,segment,1,0.3825,,,0.9998094439506531,9,0.6998666107654571,vishing_617_334,,
,,0.001718,17.906666,9.600625,mfcc,,,0.614584,segment,0,7.689739,,,0.5221792459487915,0,0.36552547216415404,d01j021s007425_1,,
,,0.000677,11.209896,9.195209,mfcc,,,1.231875,segment,0,0.782135,,,0.5221792459487915,1,0.36552547216415404,d01j021s007425_1,,
,,0.001093,11.105208,9.201042,mfcc,,,1.244323,segment,0,0.65875,,,0.5221792459487915,2,0.36552547216415404,d01j021s007425_1,,
,,0.001458,11.14875,8.953229,mfcc,,,1.52724,segment,0,0.666823,,,0.5221792459487915,3,0.36552547216415404,d01j021s007425_1,,
,,0.001563,10.698073,9.280469,mfcc,,,0.665156,segment,0,0.750885,,,0.5221792459487915,4,0.36552547216415404,d01j021s007425_1,,
,,0.000833,11.495677,9.537552,mfcc,,,1.14125,segment,0,0.816042,,,0.5221792459487915,5,0.36552547216415404,d01j021s007425_1,,
,,0.001302,9.20375,8.22,mfcc,,,0.271614,segment,0,0.710834,,,0.5221792459487915,6,0.36552547216415404,d01j021s007425_1,,
,,0.001302,10.417656,8.590729,mfcc,,,1.07151,segment,0,0.754115,,,0.5221792459487915,7,0.36552547216415404,d01j021s007425_1,,
,,0.001563,10.141458,8.795417,mfcc,,,0.632916,segment,0,0.711562,,,0.5221792459487915,8,0.36552547216415404,d01j021s007425_1,,
,,0.001146,10.126146,8.738802,mfcc,,,0.602968,segment,0,0.78323,,,0.5221792459487915,9,0.36552547216415404,d01j021s007425_1,,
,,0.000937,6.593021,1.484792,mfcc,,,0.141042,segment,1,4.96625,,,0.9957093000411987,0,0.6969965100288391,vishing_453_5,,
,,0.000573,1.704167,1.421302,mfcc,,,0.121927,segment,1,0.160365,,,0.9957093000411987,1,0.6969965100288391,vishing_453_5,,
,,0.000573,1.621354,1.340052,mfcc,,,0.132812,segment,1,0.147917,,,0.9957093000411987,2,0.6969965100288391,vishing_453_5,,
,,0.000521,1.606719,1.33224,mfcc,,,0.127864,segment,1,0.146094,,,0.9957093000411987,3,0.6969965100288391,vishing_453_5,,
,,0.000573,1.641146,1.379792,mfcc,,,0.117552,segment,1,0.143229,,,0.9957093000411987,4,0.6969965100288391,vishing_453_5,,
,,0.000469,1.626094,1.33401,mfcc,,,0.154948,segment,1,0.136667,,,0.9957093000411987,5,0.6969965100288391,vishing_453_5,,
,,0.000469,1.633698,1.376771,mfcc,,,0.116875,segment,1,0.139583,,,0.9957093000411987,6,0.6969965100288391,vishing_453_5,,
,,0.000468,1.634114,1.377343,mfcc,,,0.112032,segment,1,0.144271,,,0.9957093000411987,7,0.6969965100288391,vishing_453_5,,
,,0.000521,1.614844,1.35198,mfcc,,,0.122552,segment,1,0.139791,,,0.9957093000411987,8,0.6969965100288391,vishing_453_5,,
,,0.000468,1.727656,1.473542,mfcc,,,0.113594,segment,1,0.140052,,,0.9957093000411987,9,0.6969965100288391,vishing_453_5,,
,,0.001615,9.398021,5.630833,mfcc,,,0.166823,segment,1,3.59875,,,0.9992679953575134,0,0.6994875967502594,vishing_44_0,,
,,0.000573,6.104844,5.507813,mfcc,,,0.151458,segment,1,0.445,,,0.9992679953575134,1,0.6994875967502594,vishing_44_0,,
,,0.000573,6.21875,5.640677,mfcc,,,0.142916,segment,1,0.434584,,,0.9992679953575134,2,0.6994875967502594,vishing_44_0,,
,,0.000677,6.272657,5.719011,mfcc,,,0.141667,segment,1,0.411302,,,0.9992679953575134,3,0.6994875967502594,vishing_44_0,,
,,0.000729,6.402813,5.757604,mfcc,,,0.19224,segment,1,0.45224,,,0.9992679953575134,4,0.6994875967502594,vishing_44_0,,
,,0.000521,6.133646,5.586771,mfcc,,,0.141354,segment,1,0.405,,,0.9992679953575134,5,0.6994875967502594,vishing_44_0,,
,,0.000885,6.155729,5.618489,mfcc,,,0.129271,segment,1,0.407084,,,0.9992679953575134,6,0.6994875967502594,vishing_44_0,,
,,0.000573,6.034166,5.484896,mfcc,,,0.135729,segment,1,0.412968,,,0.9992679953575134,7,0.6994875967502594,vishing_44_0,,
,,0.000573,6.003281,5.457083,mfcc,,,0.138489,segment,1,0.407136,,,0.9992679953575134,8,0.6994875967502594,vishing_44_0,,
,,0.00052,6.009479,5.460781,mfcc,,,0.142761,segment,1,0.405417,,,0.9992679953575134,9,0.6994875967502594,vishing_44_0,,
,,0.001094,14.979844,7.600937,mfcc,,,0.480521,segment,0,6.897292,,,0.623574435710907,0,0.43650210499763487,d01j021s006287_3,,
,,0.000729,8.442031,7.617344,mfcc,,,0.220833,segment,0,0.603125,,,0.623574435710907,1,0.43650210499763487,d01j021s006287_3,,
,,0.000989,8.678594,7.799114,mfcc,,,0.264011,segment,0,0.61448,,,0.623574435710907,2,0.43650210499763487,d01j021s006287_3,,
,,0.000781,8.400781,7.627761,mfcc,,,0.170573,segment,0,0.601666,,,0.623574435710907,3,0.43650210499763487,d01j021s006287_3,,
,,0.000677,8.138593,7.432344,mfcc,,,0.16901,segment,0,0.536562,,,0.623574435710907,4,0.43650210499763487,d01j021s006287_3,,
,,0.000782,7.913073,7.237709,mfcc,,,0.161041,segment,0,0.513541,,,0.623574435710907,5,0.43650210499763487,d01j021s006287_3,,
,,0.000625,8.04,7.297968,mfcc,,,0.215886,segment,0,0.525521,,,0.623574435710907,6,0.43650210499763487,d01j021s006287_3,,
,,0.000729,7.906667,7.165937,mfcc,,,0.208282,segment,0,0.531719,,,0.623574435710907,7,0.43650210499763487,d01j021s006287_3,,
,,0.000782,8.559688,7.805,mfcc,,,0.199114,segment,0,0.554792,,,0.623574435710907,8,0.43650210499763487,d01j021s006287_3,,
,,0.001042,8.319948,7.585938,mfcc,,,0.165416,segment,0,0.567552,,,0.623574435710907,9,0.43650210499763487,d01j021s006287_3,,
,,0.002552,15.978125,10.241927,mfcc,,,0.743282,segment,0,4.990364,,,0.5376025438308716,0,0.3763217806816101,d04j18s003763_13,,
,,0.000938,12.454948,10.882761,mfcc,,,0.598958,segment,0,0.972291,,,0.5376025438308716,1,0.3763217806816101,d04j18s003763_13,,
,,0.000781,11.972865,10.663906,mfcc,,,0.47724,segment,0,0.830938,,,0.5376025438308716,2,0.3763217806816101,d04j18s003763_13,,
,,0.000781,12.041875,10.604375,mfcc,,,0.620886,segment,0,0.815833,,,0.5376025438308716,3,0.3763217806816101,d04j18s003763_13,,
,,0.000573,11.377813,9.935105,mfcc,,,0.59125,segment,0,0.850885,,,0.5376025438308716,4,0.3763217806816101,d04j18s003763_13,,
,,0.000781,11.325833,9.951718,mfcc,,,0.595417,segment,0,0.777917,,,0.5376025438308716,5,0.3763217806816101,d04j18s003763_13,,
,,0.000625,11.405208,9.941667,mfcc,,,0.616718,segment,0,0.846198,,,0.5376025438308716,6,0.3763217806816101,d04j18s003763_13,,
,,0.000781,11.377448,10.031875,mfcc,,,0.614063,segment,0,0.730729,,,0.5376025438308716,7,0.3763217806816101,d04j18s003763_13,,
,,0.001511,12.376719,10.180573,mfcc,,,1.370625,segment,0,0.82401,,,0.5376025438308716,8,0.3763217806816101,d04j18s003763_13,,
,,0.000834,12.180365,10.086145,mfcc,,,1.266875,segment,0,0.826511,,,0.5376025438308716,9,0.3763217806816101,d04j18s003763_13,,
,,0.001563,15.524792,7.967291,mfcc,,,1.269427,segment,0,6.286511,,,0.4133669137954712,0,0.2893568396568298,d01j020s003787_1,,
,,0.000677,8.376562,7.550313,mfcc,,,0.185468,segment,0,0.640104,,,0.4133669137954712,1,0.2893568396568298,d01j020s003787_1,,
,,0.000729,8.459166,7.719062,mfcc,,,0.158073,segment,0,0.581302,,,0.4133669137954712,2,0.2893568396568298,d01j020s003787_1,,
,,0.000729,8.570886,7.820105,mfcc,,,0.147604,segment,0,0.602448,,,0.4133669137954712,3,0.2893568396568298,d01j020s003787_1,,
,,0.000729,8.431197,7.73724,mfcc,,,0.153489,segment,0,0.539739,,,0.4133669137954712,4,0.2893568396568298,d01j020s003787_1,,
,,0.000625,8.066198,7.403281,mfcc,,,0.138229,segment,0,0.524063,,,0.4133669137954712,5,0.2893568396568298,d01j020s003787_1,,
,,0.000677,7.94125,7.299062,mfcc,,,0.140157,segment,0,0.501354,,,0.4133669137954712,6,0.2893568396568298,d01j020s003787_1,,
,,0.000782,8.00125,7.34026,mfcc,,,0.163073,segment,0,0.497135,,,0.4133669137954712,7,0.2893568396568298,d01j020s003787_1,,
,,0.001302,8.394844,7.67724,mfcc,,,0.165677,segment,0,0.550625,,,0.4133669137954712,8,0.2893568396568298,d01j020s003787_1,,
,,0.000677,8.445208,7.755312,mfcc,,,0.155,segment,0,0.534219,,,0.4133669137954712,9,0.2893568396568298,d01j020s003787_1,,
,,0.00125,20.302865,9.75125,mfcc,,,2.409948,segment,1,8.140417,,,0.9999998807907104,0,0.6999999165534972,vishing_558_27,,
,,0.002552,11.5275,8.970833,mfcc,,,1.819479,segment,1,0.734636,,,0.9999998807907104,1,0.6999999165534972,vishing_558_27,,
,,0.001666,13.084218,9.665053,mfcc,,,1.424427,segment,1,1.993072,,,0.9999998807907104,2,0.6999999165534972,vishing_558_27,,
,,0.000885,11.293073,8.933489,mfcc,,,1.462709,segment,1,0.89599,,,0.9999998807907104,3,0.6999999165534972,vishing_558_27,,
,,0.001459,11.333698,9.933229,mfcc,,,0.67276,segment,1,0.72625,,,0.9999998807907104,4,0.6999999165534972,vishing_558_27,,
,,0.000937,11.275416,9.762031,mfcc,,,0.669896,segment,1,0.842552,,,0.9999998807907104,5,0.6999999165534972,vishing_558_27,,
,,0.001042,12.932552,9.536719,mfcc,,,2.635729,segment,1,0.759062,,,0.9999998807907104,6,0.6999999165534972,vishing_558_27,,
,,0.000885,10.78224,9.542187,mfcc,,,0.566407,segment,1,0.672761,,,0.9999998807907104,7,0.6999999165534972,vishing_558_27,,
,,0.000834,10.845782,9.406927,mfcc,,,0.693489,segment,1,0.744532,,,0.9999998807907104,8,0.6999999165534972,vishing_558_27,,
,,0.000938,11.719167,9.605833,mfcc,,,1.369323,segment,1,0.743073,,,0.9999998807907104,9,0.6999999165534972,vishing_558_27,,
,,0.001354,14.220052,7.256458,mfcc,,,0.825886,segment,0,6.136354,,,0.333809494972229,0,0.2336666464805603,d01j020s006667_1,,
,,0.000625,8.080938,7.26651,mfcc,,,0.19849,segment,0,0.615313,,,0.333809494972229,1,0.2336666464805603,d01j020s006667_1,,
,,0.000729,8.321041,7.553646,mfcc,,,0.164583,segment,0,0.602083,,,0.333809494972229,2,0.2336666464805603,d01j020s006667_1,,
,,0.000886,8.211094,7.511979,mfcc,,,0.165781,segment,0,0.532448,,,0.333809494972229,3,0.2336666464805603,d01j020s006667_1,,
,,0.000729,8.274792,7.589896,mfcc,,,0.152604,segment,0,0.531563,,,0.333809494972229,4,0.2336666464805603,d01j020s006667_1,,
,,0.000521,8.150469,7.451146,mfcc,,,0.173281,segment,0,0.525521,,,0.333809494972229,5,0.2336666464805603,d01j020s006667_1,,
,,0.000521,8.275625,7.58401,mfcc,,,0.162656,segment,0,0.528438,,,0.333809494972229,6,0.2336666464805603,d01j020s006667_1,,
,,0.000781,8.302239,7.604844,mfcc,,,0.169739,segment,0,0.526875,,,0.333809494972229,7,0.2336666464805603,d01j020s006667_1,,
,,0.000521,8.351354,7.551823,mfcc,,,0.163698,segment,0,0.635312,,,0.333809494972229,8,0.2336666464805603,d01j020s006667_1,,
,,0.000625,8.283073,7.498281,mfcc,,,0.171719,segment,0,0.612448,,,0.333809494972229,9,0.2336666464805603,d01j020s006667_1,,
,,0.000938,8.29323,3.640104,mfcc,,,0.141094,segment,1,4.511094,,,0.9999994039535522,0,0.6999995827674865,vishing_617_336,,
,,0.000833,4.061041,3.607031,mfcc,,,0.145729,segment,1,0.307448,,,0.9999994039535522,1,0.6999995827674865,vishing_617_336,,
,,0.000677,3.971146,3.544115,mfcc,,,0.119844,segment,1,0.30651,,,0.9999994039535522,2,0.6999995827674865,vishing_617_336,,
,,0.000573,3.808438,3.413489,mfcc,,,0.121667,segment,1,0.272709,,,0.9999994039535522,3,0.6999995827674865,vishing_617_336,,
,,0.000521,4.156146,3.752084,mfcc,,,0.116666,segment,1,0.286875,,,0.9999994039535522,4,0.6999995827674865,vishing_617_336,,
,,0.000625,4.139063,3.734948,mfcc,,,0.119844,segment,1,0.283646,,,0.9999994039535522,5,0.6999995827674865,vishing_617_336,,
,,0.000521,4.148177,3.732709,mfcc,,,0.119635,segment,1,0.295312,,,0.9999994039535522,6,0.6999995827674865,vishing_617_336,,
,,0.000677,4.119375,3.712188,mfcc,,,0.122239,segment,1,0.284271,,,0.9999994039535522,7,0.6999995827674865,vishing_617_336,,
,,0.000521,4.162708,3.758385,mfcc,,,0.116667,segment,1,0.287135,,,0.9999994039535522,8,0.6999995827674865,vishing_617_336,,
,,0.000573,4.189479,3.777604,mfcc,,,0.12401,segment,1,0.287292,,,0.9999994039535522,9,0.6999995827674865,vishing_617_336,,
,,0.001042,15.119375,7.326302,mfcc,,,0.164844,segment,1,7.627187,,,0.999363124370575,0,0.6995541870594024,vishing_205_2,,
,,0.000677,7.874687,7.114791,mfcc,,,0.155573,segment,1,0.603646,,,0.999363124370575,1,0.6995541870594024,vishing_205_2,,
,,0.000677,7.459427,6.799062,mfcc,,,0.154844,segment,1,0.504844,,,0.999363124370575,2,0.6995541870594024,vishing_205_2,,
,,0.000677,7.530209,6.889636,mfcc,,,0.148594,segment,1,0.491302,,,0.999363124370575,3,0.6995541870594024,vishing_205_2,,
,,0.000729,7.430573,6.766094,mfcc,,,0.163177,segment,1,0.500573,,,0.999363124370575,4,0.6995541870594024,vishing_205_2,,
,,0.001093,7.438385,6.743177,mfcc,,,0.193907,segment,1,0.500208,,,0.999363124370575,5,0.6995541870594024,vishing_205_2,,
,,0.000469,7.43625,6.788646,mfcc,,,0.163437,segment,1,0.483698,,,0.999363124370575,6,0.6995541870594024,vishing_205_2,,
,,0.000781,7.639479,6.976562,mfcc,,,0.157917,segment,1,0.504219,,,0.999363124370575,7,0.6995541870594024,vishing_205_2,,
,,0.000729,7.466771,6.821458,mfcc,,,0.148959,segment,1,0.495625,,,0.999363124370575,8,0.6995541870594024,vishing_205_2,,
,,0.000677,7.456041,6.821614,mfcc,,,0.144948,segment,1,0.488802,,,0.999363124370575,9,0.6995541870594024,vishing_205_2,,
,,0.003073,27.29276,15.737396,mfcc,,,0.834583,segment,1,10.717708,,,1.0,0,0.7,vishing_360_8,,
,,0.001562,13.00026,10.81526,mfcc,,,0.81974,segment,1,1.363698,,,1.0,1,0.7,vishing_360_8,,
,,0.00125,12.991615,10.576198,mfcc,,,1.469896,segment,1,0.944271,,,1.0,2,0.7,vishing_360_8,,
,,0.001354,11.908125,9.816249,mfcc,,,1.294115,segment,1,0.796407,,,1.0,3,0.7,vishing_360_8,,
,,0.001042,11.292969,9.861145,mfcc,,,0.634271,segment,1,0.796511,,,1.0,4,0.7,vishing_360_8,,
,,0.000885,11.35177,10.004688,mfcc,,,0.557708,segment,1,0.788489,,,1.0,5,0.7,vishing_360_8,,
,,0.000781,11.972969,9.750209,mfcc,,,1.439375,segment,1,0.782604,,,1.0,6,0.7,vishing_360_8,,
,,0.001093,11.308385,9.938438,mfcc,,,0.643073,segment,1,0.725781,,,1.0,7,0.7,vishing_360_8,,
,,0.001771,12.55974,10.349584,mfcc,,,1.470677,segment,1,0.737708,,,1.0,8,0.7,vishing_360_8,,
,,0.000781,12.658073,10.417136,mfcc,,,1.427448,segment,1,0.812708,,,1.0,9,0.7,vishing_360_8,,
,,0.001615,11.88401,4.183802,mfcc,,,0.233854,segment,1,7.464739,,,1.0,0,0.7,vishing_178_10,,
,,0.000886,4.27099,3.685521,mfcc,,,0.12776,segment,1,0.456823,,,1.0,1,0.7,vishing_178_10,,
,,0.000677,3.778802,3.357917,mfcc,,,0.128958,segment,1,0.29125,,,1.0,2,0.7,vishing_178_10,,
,,0.000521,3.679167,3.287813,mfcc,,,0.123229,segment,1,0.267604,,,1.0,3,0.7,vishing_178_10,,
,,0.000625,3.628281,3.243594,mfcc,,,0.121979,segment,1,0.262083,,,1.0,4,0.7,vishing_178_10,,
,,0.000729,3.659271,3.278229,mfcc,,,0.119636,segment,1,0.260677,,,1.0,5,0.7,vishing_178_10,,
,,0.000573,3.673177,3.29026,mfcc,,,0.116719,segment,1,0.265625,,,1.0,6,0.7,vishing_178_10,,
,,0.000625,3.635261,3.252084,mfcc,,,0.116823,segment,1,0.265729,,,1.0,7,0.7,vishing_178_10,,
,,0.000573,3.620938,3.226354,mfcc,,,0.124011,segment,1,0.27,,,1.0,8,0.7,vishing_178_10,,
,,0.000521,3.773021,3.352292,mfcc,,,0.127448,segment,1,0.29276,,,1.0,9,0.7,vishing_178_10,,
,,0.002135,16.742812,10.527031,mfcc,,,0.689167,segment,0,5.524479,,,0.5335391163825989,0,0.37347738146781917,d04j18s003763_3,,
,,0.00125,12.584479,10.970781,mfcc,,,0.655573,segment,0,0.956875,,,0.5335391163825989,1,0.37347738146781917,d04j18s003763_3,,
,,0.001354,13.634427,11.219167,mfcc,,,1.488854,segment,0,0.925052,,,0.5335391163825989,2,0.37347738146781917,d04j18s003763_3,,
,,0.001459,13.93125,11.416927,mfcc,,,1.5,segment,0,1.012864,,,0.5335391163825989,3,0.37347738146781917,d04j18s003763_3,,
,,0.001406,12.775104,10.297448,mfcc,,,1.514063,segment,0,0.962187,,,0.5335391163825989,4,0.37347738146781917,d04j18s003763_3,,
,,0.00125,14.003178,12.183594,mfcc,,,0.894636,segment,0,0.923698,,,0.5335391163825989,5,0.37347738146781917,d04j18s003763_3,,
,,0.001511,15.063854,12.290573,mfcc,,,1.536979,segment,0,1.234791,,,0.5335391163825989,6,0.37347738146781917,d04j18s003763_3,,
,,0.001458,12.944427,10.710313,mfcc,,,1.171979,segment,0,1.060677,,,0.5335391163825989,7,0.37347738146781917,d04j18s003763_3,,
,,0.001146,11.148855,9.737083,mfcc,,,0.605834,segment,0,0.804792,,,0.5335391163825989,8,0.37347738146781917,d04j18s003763_3,,
,,0.001146,12.928907,10.738386,mfcc,,,1.314583,segment,0,0.874792,,,0.5335391163825989,9,0.37347738146781917,d04j18s003763_3,,
,,0.001719,15.336406,8.735364,mfcc,,,1.320677,segment,0,5.278646,,,0.4081854522228241,0,0.28572981655597685,d02j12s000857_27,,
,,0.000989,10.01,8.686355,mfcc,,,0.504479,segment,0,0.818177,,,0.4081854522228241,1,0.28572981655597685,d02j12s000857_27,,
,,0.001302,8.914011,8.013021,mfcc,,,0.244219,segment,0,0.655469,,,0.4081854522228241,2,0.28572981655597685,d02j12s000857_27,,
,,0.000885,9.179114,8.269636,mfcc,,,0.283177,segment,0,0.625416,,,0.4081854522228241,3,0.28572981655597685,d02j12s000857_27,,
,,0.000834,8.750313,7.863386,mfcc,,,0.246718,segment,0,0.639375,,,0.4081854522228241,4,0.28572981655597685,d02j12s000857_27,,
,,0.000781,9.836093,8.630156,mfcc,,,0.529531,segment,0,0.675625,,,0.4081854522228241,5,0.28572981655597685,d02j12s000857_27,,
,,0.000886,9.076511,8.251927,mfcc,,,0.187864,segment,0,0.635834,,,0.4081854522228241,6,0.28572981655597685,d02j12s000857_27,,
,,0.000781,9.000416,8.229427,mfcc,,,0.162552,segment,0,0.607656,,,0.4081854522228241,7,0.28572981655597685,d02j12s000857_27,,
,,0.000781,9.085365,8.347031,mfcc,,,0.169115,segment,0,0.568438,,,0.4081854522228241,8,0.28572981655597685,d02j12s000857_27,,
,,0.000729,8.833125,8.109323,mfcc,,,0.170573,segment,0,0.5525,,,0.4081854522228241,9,0.28572981655597685,d02j12s000857_27,,
,,0.001563,8.697292,1.919584,mfcc,,,0.250312,segment,1,6.525833,,,0.9999936819076538,0,0.6999955773353577,vishing_552_36,,
,,0.000834,3.446719,1.865364,mfcc,,,1.380052,segment,1,0.200469,,,0.9999936819076538,1,0.6999955773353577,vishing_552_36,,
,,0.00052,2.252291,1.88526,mfcc,,,0.190261,segment,1,0.17625,,,0.9999936819076538,2,0.6999955773353577,vishing_552_36,,
,,0.000573,2.168594,1.847708,mfcc,,,0.133073,segment,1,0.18724,,,0.9999936819076538,3,0.6999955773353577,vishing_552_36,,
,,0.000625,2.151563,1.866563,mfcc,,,0.12875,segment,1,0.155625,,,0.9999936819076538,4,0.6999955773353577,vishing_552_36,,
,,0.000521,2.126406,1.843021,mfcc,,,0.130364,segment,1,0.1525,,,0.9999936819076538,5,0.6999955773353577,vishing_552_36,,
,,0.000469,2.191511,1.90474,mfcc,,,0.133958,segment,1,0.152344,,,0.9999936819076538,6,0.6999955773353577,vishing_552_36,,
,,0.000521,2.10849,1.836875,mfcc,,,0.120677,segment,1,0.150417,,,0.9999936819076538,7,0.6999955773353577,vishing_552_36,,
,,0.000573,2.146511,1.84474,mfcc,,,0.127344,segment,1,0.173854,,,0.9999936819076538,8,0.6999955773353577,vishing_552_36,,
,,0.000521,2.159323,1.886563,mfcc,,,0.123385,segment,1,0.148854,,,0.9999936819076538,9,0.6999955773353577,vishing_552_36,,
,,0.0025,7.223229,2.00151,mfcc,,,0.784688,segment,1,4.434531,,,0.9999539852142334,0,0.6999677896499633,vishing_368_59,,
,,0.002552,3.192396,1.997917,mfcc,,,0.874375,segment,1,0.317552,,,0.9999539852142334,1,0.6999677896499633,vishing_368_59,,
,,0.002187,2.561198,1.954635,mfcc,,,0.28948,segment,1,0.314896,,,0.9999539852142334,2,0.6999677896499633,vishing_368_59,,
,,0.002136,2.857552,1.957709,mfcc,,,0.42927,segment,1,0.468437,,,0.9999539852142334,3,0.6999677896499633,vishing_368_59,,
,,0.001563,2.161511,1.71776,mfcc,,,0.204948,segment,1,0.23724,,,0.9999539852142334,4,0.6999677896499633,vishing_368_59,,
,,0.00099,2.901563,2.512187,mfcc,,,0.159219,segment,1,0.229167,,,0.9999539852142334,5,0.6999677896499633,vishing_368_59,,
,,0.000729,1.545468,1.189375,mfcc,,,0.135937,segment,1,0.219427,,,0.9999539852142334,6,0.6999677896499633,vishing_368_59,,
,,0.000885,1.491198,1.194791,mfcc,,,0.138855,segment,1,0.156667,,,0.9999539852142334,7,0.6999677896499633,vishing_368_59,,
,,0.000938,1.416303,1.132083,mfcc,,,0.132604,segment,1,0.150678,,,0.9999539852142334,8,0.6999677896499633,vishing_368_59,,
,,0.000833,1.396354,1.127761,mfcc,,,0.128854,segment,1,0.138906,,,0.9999539852142334,9,0.6999677896499633,vishing_368_59,,
,,0.001406,7.679583,2.392916,mfcc,,,0.187865,segment,1,5.097396,,,0.9999933242797852,0,0.6999953269958495,vishing_653_19,,
,,0.000989,2.636771,2.291458,mfcc,,,0.141511,segment,1,0.202813,,,0.9999933242797852,1,0.6999953269958495,vishing_653_19,,
,,0.00099,2.615469,2.299687,mfcc,,,0.126927,segment,1,0.187865,,,0.9999933242797852,2,0.6999953269958495,vishing_653_19,,
,,0.000573,2.538229,2.247344,mfcc,,,0.117187,segment,1,0.173125,,,0.9999933242797852,3,0.6999953269958495,vishing_653_19,,
,,0.000573,2.544271,2.249896,mfcc,,,0.118229,segment,1,0.175573,,,0.9999933242797852,4,0.6999953269958495,vishing_653_19,,
,,0.000573,2.55875,2.231979,mfcc,,,0.156719,segment,1,0.169479,,,0.9999933242797852,5,0.6999953269958495,vishing_653_19,,
,,0.000521,2.660052,2.302031,mfcc,,,0.183906,segment,1,0.173594,,,0.9999933242797852,6,0.6999953269958495,vishing_653_19,,
,,0.000521,3.041094,2.331406,mfcc,,,0.513646,segment,1,0.195521,,,0.9999933242797852,7,0.6999953269958495,vishing_653_19,,
,,0.000573,2.633386,2.336771,mfcc,,,0.124323,segment,1,0.171719,,,0.9999933242797852,8,0.6999953269958495,vishing_653_19,,
,,0.000573,2.548125,2.254479,mfcc,,,0.123594,segment,1,0.169479,,,0.9999933242797852,9,0.6999953269958495,vishing_653_19,,
,,0.00224,24.506406,12.317448,mfcc,,,0.76151,segment,1,11.425208,,,0.999995231628418,0,0.6999966621398925,vishing_520_21,,
,,0.001771,8.311198,6.60651,mfcc,,,0.307292,segment,1,1.395625,,,0.999995231628418,1,0.6999966621398925,vishing_520_21,,
,,0.000729,7.097135,5.941614,mfcc,,,0.607917,segment,1,0.546875,,,0.999995231628418,2,0.6999966621398925,vishing_520_21,,
,,0.000938,6.888073,6.203958,mfcc,,,0.16375,segment,1,0.519427,,,0.999995231628418,3,0.6999966621398925,vishing_520_21,,
,,0.000573,6.806771,6.199271,mfcc,,,0.149063,segment,1,0.457864,,,0.999995231628418,4,0.6999966621398925,vishing_520_21,,
,,0.000573,6.684688,6.093698,mfcc,,,0.150625,segment,1,0.439792,,,0.999995231628418,5,0.6999966621398925,vishing_520_21,,
,,0.00052,6.78302,6.120885,mfcc,,,0.146928,segment,1,0.514687,,,0.999995231628418,6,0.6999966621398925,vishing_520_21,,
,,0.000573,6.816563,6.238593,mfcc,,,0.140105,segment,1,0.437292,,,0.999995231628418,7,0.6999966621398925,vishing_520_21,,
,,0.000886,6.951354,6.371458,mfcc,,,0.139479,segment,1,0.439531,,,0.999995231628418,8,0.6999966621398925,vishing_520_21,,
,,0.000572,6.834687,6.201041,mfcc,,,0.182032,segment,1,0.451042,,,0.999995231628418,9,0.6999966621398925,vishing_520_21,,
,,0.000938,7.556459,1.758177,mfcc,,,0.193542,segment,0,5.603802,,,0.24941030144691467,0,0.17458721101284025,d01j01s000551_10,,
,,0.000833,2.034114,1.701615,mfcc,,,0.145312,segment,0,0.186354,,,0.24941030144691467,1,0.17458721101284025,d01j01s000551_10,,
,,0.000729,1.97375,1.662605,mfcc,,,0.142656,segment,0,0.16776,,,0.24941030144691467,2,0.17458721101284025,d01j01s000551_10,,
,,0.000625,2.005729,1.717812,mfcc,,,0.121198,segment,0,0.166094,,,0.24941030144691467,3,0.17458721101284025,d01j01s000551_10,,
,,0.000573,1.886823,1.613958,mfcc,,,0.121406,segment,0,0.150886,,,0.24941030144691467,4,0.17458721101284025,d01j01s000551_10,,
,,0.000469,1.898646,1.633645,mfcc,,,0.118021,segment,0,0.146511,,,0.24941030144691467,5,0.17458721101284025,d01j01s000551_10,,
,,0.000469,1.894115,1.621406,mfcc,,,0.1225,segment,0,0.14974,,,0.24941030144691467,6,0.17458721101284025,d01j01s000551_10,,
,,0.000468,2.0025,1.740833,mfcc,,,0.114167,segment,0,0.147032,,,0.24941030144691467,7,0.17458721101284025,d01j01s000551_10,,
,,0.000521,1.972917,1.67323,mfcc,,,0.155364,segment,0,0.143802,,,0.24941030144691467,8,0.17458721101284025,d01j01s000551_10,,
,,0.000573,1.97776,1.708021,mfcc,,,0.121146,segment,0,0.14802,,,0.24941030144691467,9,0.17458721101284025,d01j01s000551_10,,
,,0.000886,10.697969,6.453594,mfcc,,,0.154114,segment,0,4.089375,,,0.37191471457481384,0,0.2603403002023697,d02j08s005679_1,,
,,0.000625,6.817761,6.112604,mfcc,,,0.149063,segment,0,0.555469,,,0.37191471457481384,1,0.2603403002023697,d02j08s005679_1,,
,,0.000729,6.796406,6.187084,mfcc,,,0.149062,segment,0,0.459531,,,0.37191471457481384,2,0.2603403002023697,d02j08s005679_1,,
,,0.000729,6.750364,6.133178,mfcc,,,0.173541,segment,0,0.442916,,,0.37191471457481384,3,0.2603403002023697,d02j08s005679_1,,
,,0.000677,6.796823,6.158125,mfcc,,,0.170938,segment,0,0.467083,,,0.37191471457481384,4,0.2603403002023697,d02j08s005679_1,,
,,0.000573,6.793073,6.212448,mfcc,,,0.142135,segment,0,0.437917,,,0.37191471457481384,5,0.2603403002023697,d02j08s005679_1,,
,,0.000781,6.895156,6.299063,mfcc,,,0.140677,segment,0,0.454635,,,0.37191471457481384,6,0.2603403002023697,d02j08s005679_1,,
,,0.000625,6.780729,6.186458,mfcc,,,0.149896,segment,0,0.44375,,,0.37191471457481384,7,0.2603403002023697,d02j08s005679_1,,
,,0.000521,6.798438,6.203959,mfcc,,,0.151979,segment,0,0.441979,,,0.37191471457481384,8,0.2603403002023697,d02j08s005679_1,,
,,0.000469,6.810678,6.217969,mfcc,,,0.145104,segment,0,0.447136,,,0.37191471457481384,9,0.2603403002023697,d02j08s005679_1,,
,,0.001666,10.369635,5.72276,mfcc,,,0.135417,segment,0,4.509792,,,0.3776916265487671,0,0.26438413858413695,d02j08s004829_18,,
,,0.000678,6.352709,5.738385,mfcc,,,0.152656,segment,0,0.46099,,,0.3776916265487671,1,0.26438413858413695,d02j08s004829_18,,
,,0.000521,6.339115,5.710416,mfcc,,,0.194688,segment,0,0.43349,,,0.3776916265487671,2,0.26438413858413695,d02j08s004829_18,,
,,0.000677,6.409688,5.854322,mfcc,,,0.140157,segment,0,0.414532,,,0.3776916265487671,3,0.26438413858413695,d02j08s004829_18,,
,,0.000677,6.430781,5.863646,mfcc,,,0.147604,segment,0,0.418854,,,0.3776916265487671,4,0.26438413858413695,d02j08s004829_18,,
,,0.000625,6.873542,6.279948,mfcc,,,0.150156,segment,0,0.442813,,,0.3776916265487671,5,0.26438413858413695,d02j08s004829_18,,
,,0.000625,7.047552,6.39276,mfcc,,,0.140573,segment,0,0.513594,,,0.3776916265487671,6,0.26438413858413695,d02j08s004829_18,,
,,0.000468,6.730937,6.147552,mfcc,,,0.14073,segment,0,0.442187,,,0.3776916265487671,7,0.26438413858413695,d02j08s004829_18,,
,,0.000729,6.794635,6.215677,mfcc,,,0.138802,segment,0,0.439427,,,0.3776916265487671,8,0.26438413858413695,d02j08s004829_18,,
,,0.000521,6.705833,6.099218,mfcc,,,0.171042,segment,0,0.435052,,,0.3776916265487671,9,0.26438413858413695,d02j08s004829_18,,
,,0.001875,14.034636,3.676615,mfcc,,,0.263594,segment,0,10.092552,,,0.4467429220676422,0,0.31272004544734955,d04j18s016060_39,,
,,0.000833,3.936302,3.438959,mfcc,,,0.173698,segment,0,0.322812,,,0.4467429220676422,1,0.31272004544734955,d04j18s016060_39,,
,,0.000521,3.9125,3.534687,mfcc,,,0.130156,segment,0,0.247136,,,0.4467429220676422,2,0.31272004544734955,d04j18s016060_39,,
,,0.000573,3.678906,3.34625,mfcc,,,0.122448,segment,0,0.209635,,,0.4467429220676422,3,0.31272004544734955,d04j18s016060_39,,
,,0.000468,3.705572,3.381146,mfcc,,,0.121823,segment,0,0.202135,,,0.4467429220676422,4,0.31272004544734955,d04j18s016060_39,,
,,0.000625,3.725104,3.40724,mfcc,,,0.119531,segment,0,0.197708,,,0.4467429220676422,5,0.31272004544734955,d04j18s016060_39,,
,,0.000469,3.710677,3.391875,mfcc,,,0.118698,segment,0,0.199635,,,0.4467429220676422,6,0.31272004544734955,d04j18s016060_39,,
,,0.000468,3.678177,3.325105,mfcc,,,0.155677,segment,0,0.196927,,,0.4467429220676422,7,0.31272004544734955,d04j18s016060_39,,
,,0.000572,3.701614,3.375833,mfcc,,,0.127188,segment,0,0.198021,,,0.4467429220676422,8,0.31272004544734955,d04j18s016060_39,,
,,0.000573,3.771563,3.420937,mfcc,,,0.153907,segment,0,0.196146,,,0.4467429220676422,9,0.31272004544734955,d04j18s016060_39,,
,,0.001198,13.598177,7.406719,mfcc,,,0.152083,segment,0,6.038177,,,0.4124312698841095,0,0.2887018889188766,d01j01s000122_8,,
,,0.000781,8.091354,7.382031,mfcc,,,0.167604,segment,0,0.540938,,,0.4124312698841095,1,0.2887018889188766,d01j01s000122_8,,
,,0.000677,8.361666,7.610937,mfcc,,,0.165521,segment,0,0.584531,,,0.4124312698841095,2,0.2887018889188766,d01j01s000122_8,,
,,0.000729,8.240886,7.545989,mfcc,,,0.163334,segment,0,0.530834,,,0.4124312698841095,3,0.2887018889188766,d01j01s000122_8,,
,,0.000625,8.262448,7.561614,mfcc,,,0.165365,segment,0,0.534844,,,0.4124312698841095,4,0.2887018889188766,d01j01s000122_8,,
,,0.000677,8.250833,7.558958,mfcc,,,0.167292,segment,0,0.523906,,,0.4124312698841095,5,0.2887018889188766,d01j01s000122_8,,
,,0.000729,8.155573,7.398177,mfcc,,,0.209271,segment,0,0.547396,,,0.4124312698841095,6,0.2887018889188766,d01j01s000122_8,,
,,0.000677,8.328386,7.604115,mfcc,,,0.175469,segment,0,0.548125,,,0.4124312698841095,7,0.2887018889188766,d01j01s000122_8,,
,,0.000886,8.250209,7.529948,mfcc,,,0.178854,segment,0,0.540521,,,0.4124312698841095,8,0.2887018889188766,d01j01s000122_8,,
,,0.000938,8.155573,7.363958,mfcc,,,0.246875,segment,0,0.543802,,,0.4124312698841095,9,0.2887018889188766,d01j01s000122_8,,
,,0.001458,18.814375,8.538594,mfcc,,,0.720781,segment,0,9.553542,,,0.5502089262008667,0,0.3851462483406067,d04j18s014894_1,,
,,0.000729,9.620521,8.611718,mfcc,,,0.272917,segment,0,0.735157,,,0.5502089262008667,1,0.3851462483406067,d04j18s014894_1,,
,,0.001042,8.701354,7.855052,mfcc,,,0.176771,segment,0,0.668489,,,0.5502089262008667,2,0.3851462483406067,d04j18s014894_1,,
,,0.000625,8.952812,8.212135,mfcc,,,0.157031,segment,0,0.583021,,,0.5502089262008667,3,0.3851462483406067,d04j18s014894_1,,
,,0.000521,8.810989,8.007344,mfcc,,,0.220104,segment,0,0.58302,,,0.5502089262008667,4,0.3851462483406067,d04j18s014894_1,,
,,0.00099,8.803646,8.067344,mfcc,,,0.182656,segment,0,0.552656,,,0.5502089262008667,5,0.3851462483406067,d04j18s014894_1,,
,,0.00125,9.43802,8.593177,mfcc,,,0.19302,segment,0,0.650573,,,0.5502089262008667,6,0.3851462483406067,d04j18s014894_1,,
,,0.000834,9.096303,8.281302,mfcc,,,0.176927,segment,0,0.63724,,,0.5502089262008667,7,0.3851462483406067,d04j18s014894_1,,
,,0.000989,9.648177,8.869218,mfcc,,,0.177657,segment,0,0.600313,,,0.5502089262008667,8,0.3851462483406067,d04j18s014894_1,,
,,0.000781,9.230312,8.375937,mfcc,,,0.179115,segment,0,0.674479,,,0.5502089262008667,9,0.3851462483406067,d04j18s014894_1,,
,,0.001875,9.926719,1.924271,mfcc,,,0.194271,segment,1,7.806302,,,0.999985933303833,0,0.6999901533126831,vishing_617_133,,
,,0.000729,2.192657,1.79526,mfcc,,,0.188386,segment,1,0.208282,,,0.999985933303833,1,0.6999901533126831,vishing_617_133,,
,,0.000781,2.121563,1.750937,mfcc,,,0.176563,segment,1,0.193282,,,0.999985933303833,2,0.6999901533126831,vishing_617_133,,
,,0.000573,2.036666,1.727292,mfcc,,,0.119687,segment,1,0.189114,,,0.999985933303833,3,0.6999901533126831,vishing_617_133,,
,,0.000677,1.916041,1.652031,mfcc,,,0.118177,segment,1,0.145156,,,0.999985933303833,4,0.6999901533126831,vishing_617_133,,
,,0.00052,1.944166,1.670625,mfcc,,,0.122448,segment,1,0.150573,,,0.999985933303833,5,0.6999901533126831,vishing_617_133,,
,,0.000521,1.895781,1.623334,mfcc,,,0.125989,segment,1,0.145937,,,0.999985933303833,6,0.6999901533126831,vishing_617_133,,
,,0.000625,2.03052,1.760468,mfcc,,,0.122552,segment,1,0.146875,,,0.999985933303833,7,0.6999901533126831,vishing_617_133,,
,,0.000573,1.913541,1.648594,mfcc,,,0.122031,segment,1,0.142343,,,0.999985933303833,8,0.6999901533126831,vishing_617_133,,
,,0.000625,1.927292,1.658802,mfcc,,,0.124896,segment,1,0.142969,,,0.999985933303833,9,0.6999901533126831,vishing_617_133,,
,,0.002343,11.477916,3.04,mfcc,,,0.407448,segment,0,8.028125,,,0.29946181178092957,0,0.20962326824665067,d04j18s014894_8,,
,,0.001875,3.480052,2.814635,mfcc,,,0.267969,segment,0,0.395573,,,0.29946181178092957,1,0.20962326824665067,d04j18s014894_8,,
,,0.001875,3.249791,2.672187,mfcc,,,0.266458,segment,0,0.309271,,,0.29946181178092957,2,0.20962326824665067,d04j18s014894_8,,
,,0.001562,3.179844,2.546562,mfcc,,,0.222553,segment,0,0.409167,,,0.29946181178092957,3,0.20962326824665067,d04j18s014894_8,,
,,0.000989,3.608906,3.177969,mfcc,,,0.155365,segment,0,0.274583,,,0.29946181178092957,4,0.20962326824665067,d04j18s014894_8,,
,,0.000625,2.24224,1.877604,mfcc,,,0.147656,segment,0,0.216355,,,0.29946181178092957,5,0.20962326824665067,d04j18s014894_8,,
,,0.000834,2.191407,1.815989,mfcc,,,0.195,segment,0,0.179584,,,0.29946181178092957,6,0.20962326824665067,d04j18s014894_8,,
,,0.000625,2.100417,1.786406,mfcc,,,0.148646,segment,0,0.16474,,,0.29946181178092957,7,0.20962326824665067,d04j18s014894_8,,
,,0.000677,2.063125,1.747344,mfcc,,,0.151927,segment,0,0.163177,,,0.29946181178092957,8,0.20962326824665067,d04j18s014894_8,,
,,0.000625,2.108906,1.824532,mfcc,,,0.128281,segment,0,0.155468,,,0.29946181178092957,9,0.20962326824665067,d04j18s014894_8,,
,,0.002344,11.543698,3.7825,mfcc,,,0.234948,segment,0,7.523906,,,0.32485339045524597,0,0.22739737331867216,d04j18s016060_5,,
,,0.000625,4.056771,3.608854,mfcc,,,0.137396,segment,0,0.309896,,,0.32485339045524597,1,0.22739737331867216,d04j18s016060_5,,
,,0.000625,3.323438,2.992031,mfcc,,,0.128334,segment,0,0.202448,,,0.32485339045524597,2,0.22739737331867216,d04j18s016060_5,,
,,0.000417,3.559271,3.174531,mfcc,,,0.190938,segment,0,0.193385,,,0.32485339045524597,3,0.22739737331867216,d04j18s016060_5,,
,,0.000521,3.479011,3.121927,mfcc,,,0.159063,segment,0,0.1975,,,0.32485339045524597,4,0.22739737331867216,d04j18s016060_5,,
,,0.000573,3.450521,3.132395,mfcc,,,0.129948,segment,0,0.187605,,,0.32485339045524597,5,0.22739737331867216,d04j18s016060_5,,
,,0.000469,3.497656,3.175885,mfcc,,,0.126146,segment,0,0.195156,,,0.32485339045524597,6,0.22739737331867216,d04j18s016060_5,,
,,0.000625,3.4375,3.125833,mfcc,,,0.121615,segment,0,0.189427,,,0.32485339045524597,7,0.22739737331867216,d04j18s016060_5,,
,,0.000625,3.450104,3.136459,mfcc,,,0.12552,segment,0,0.1875,,,0.32485339045524597,8,0.22739737331867216,d04j18s016060_5,,
,,0.000469,3.466771,3.14974,mfcc,,,0.12901,segment,0,0.187552,,,0.32485339045524597,9,0.22739737331867216,d04j18s016060_5,,
,,0.001302,15.012136,5.946823,mfcc,,,0.321667,segment,1,8.742344,,,0.9999996423721313,0,0.6999997496604919,vishing_523_17,,
,,0.001042,6.362917,5.646459,mfcc,,,0.174791,segment,1,0.540625,,,0.9999996423721313,1,0.6999997496604919,vishing_523_17,,
,,0.000625,6.004218,5.432136,mfcc,,,0.142864,segment,1,0.428593,,,0.9999996423721313,2,0.6999997496604919,vishing_523_17,,
,,0.000625,5.896198,5.348021,mfcc,,,0.143489,segment,1,0.404063,,,0.9999996423721313,3,0.6999997496604919,vishing_523_17,,
,,0.000468,5.896614,5.368594,mfcc,,,0.136771,segment,1,0.390781,,,0.9999996423721313,4,0.6999997496604919,vishing_523_17,,
,,0.000677,5.812657,5.284687,mfcc,,,0.137084,segment,1,0.390209,,,0.9999996423721313,5,0.6999997496604919,vishing_523_17,,
,,0.000573,6.204844,5.672969,mfcc,,,0.133594,segment,1,0.397708,,,0.9999996423721313,6,0.6999997496604919,vishing_523_17,,
,,0.000625,5.720469,5.205469,mfcc,,,0.138281,segment,1,0.376094,,,0.9999996423721313,7,0.6999997496604919,vishing_523_17,,
,,0.000729,5.617604,5.073177,mfcc,,,0.172344,segment,1,0.371354,,,0.9999996423721313,8,0.6999997496604919,vishing_523_17,,
,,0.000781,5.522709,5.003541,mfcc,,,0.13448,segment,1,0.383907,,,0.9999996423721313,9,0.6999997496604919,vishing_523_17,,
,,0.002187,16.697812,8.185572,mfcc,,,0.615938,segment,1,7.894115,,,0.9999982118606567,0,0.6999987483024597,vishing_520_4,,
,,0.001145,8.966145,8.018125,mfcc,,,0.224063,segment,1,0.722812,,,0.9999982118606567,1,0.6999987483024597,vishing_520_4,,
,,0.00073,8.529375,7.745261,mfcc,,,0.198645,segment,1,0.584739,,,0.9999982118606567,2,0.6999987483024597,vishing_520_4,,
,,0.000885,8.479323,7.750313,mfcc,,,0.166875,segment,1,0.56125,,,0.9999982118606567,3,0.6999987483024597,vishing_520_4,,
,,0.000729,8.426354,7.720469,mfcc,,,0.163854,segment,1,0.541302,,,0.9999982118606567,4,0.6999987483024597,vishing_520_4,,
,,0.000572,8.979218,8.250573,mfcc,,,0.193542,segment,1,0.534531,,,0.9999982118606567,5,0.6999987483024597,vishing_520_4,,
,,0.000678,8.520417,7.773802,mfcc,,,0.167552,segment,1,0.578385,,,0.9999982118606567,6,0.6999987483024597,vishing_520_4,,
,,0.000573,8.477344,7.77776,mfcc,,,0.166563,segment,1,0.532448,,,0.9999982118606567,7,0.6999987483024597,vishing_520_4,,
,,0.000573,8.224792,7.523125,mfcc,,,0.159688,segment,1,0.541406,,,0.9999982118606567,8,0.6999987483024597,vishing_520_4,,
,,0.000573,8.061041,7.373802,mfcc,,,0.169271,segment,1,0.517395,,,0.9999982118606567,9,0.6999987483024597,vishing_520_4,,
,,0.001667,8.543333,1.960365,mfcc,,,0.242812,segment,1,6.338489,,,0.9999994039535522,0,0.6999995827674865,vishing_304_26,,
,,0.000781,2.354167,1.908593,mfcc,,,0.169011,segment,1,0.275782,,,0.9999994039535522,1,0.6999995827674865,vishing_304_26,,
,,0.000677,2.200833,1.864531,mfcc,,,0.145573,segment,1,0.190052,,,0.9999994039535522,2,0.6999995827674865,vishing_304_26,,
,,0.000625,2.193281,1.873177,mfcc,,,0.144323,segment,1,0.175156,,,0.9999994039535522,3,0.6999995827674865,vishing_304_26,,
,,0.000521,2.169687,1.875261,mfcc,,,0.117395,segment,1,0.17651,,,0.9999994039535522,4,0.6999995827674865,vishing_304_26,,
,,0.000625,2.014792,1.732396,mfcc,,,0.133542,segment,1,0.148229,,,0.9999994039535522,5,0.6999995827674865,vishing_304_26,,
,,0.000677,2.035364,1.762708,mfcc,,,0.116771,segment,1,0.155208,,,0.9999994039535522,6,0.6999995827674865,vishing_304_26,,
,,0.000573,1.990416,1.718438,mfcc,,,0.120572,segment,1,0.150833,,,0.9999994039535522,7,0.6999995827674865,vishing_304_26,,
,,0.000469,2.074063,1.803802,mfcc,,,0.119531,segment,1,0.150261,,,0.9999994039535522,8,0.6999995827674865,vishing_304_26,,
,,0.000521,2.011042,1.710469,mfcc,,,0.153438,segment,1,0.146614,,,0.9999994039535522,9,0.6999995827674865,vishing_304_26,,
,,0.001719,13.496354,6.413177,mfcc,,,0.259427,segment,0,6.822031,,,0.546089231967926,0,0.3822624623775482,d04j18s016060_51,,
,,0.000885,6.847812,6.062604,mfcc,,,0.190677,segment,0,0.593646,,,0.546089231967926,1,0.3822624623775482,d04j18s016060_51,,
,,0.000729,6.227969,5.623437,mfcc,,,0.145417,segment,0,0.458386,,,0.546089231967926,2,0.3822624623775482,d04j18s016060_51,,
,,0.000834,6.069011,5.514115,mfcc,,,0.144166,segment,0,0.409896,,,0.546089231967926,3,0.3822624623775482,d04j18s016060_51,,
,,0.000573,6.126823,5.55677,mfcc,,,0.144271,segment,0,0.425209,,,0.546089231967926,4,0.3822624623775482,d04j18s016060_51,,
,,0.000625,6.12125,5.533281,mfcc,,,0.176979,segment,0,0.410365,,,0.546089231967926,5,0.3822624623775482,d04j18s016060_51,,
,,0.000833,6.168958,5.60401,mfcc,,,0.143021,segment,0,0.421094,,,0.546089231967926,6,0.3822624623775482,d04j18s016060_51,,
,,0.000625,6.209844,5.658542,mfcc,,,0.140729,segment,0,0.409948,,,0.546089231967926,7,0.3822624623775482,d04j18s016060_51,,
,,0.000833,6.306406,5.710156,mfcc,,,0.179271,segment,0,0.416146,,,0.546089231967926,8,0.3822624623775482,d04j18s016060_51,,
,,0.000573,6.150573,5.599271,mfcc,,,0.144114,segment,0,0.406615,,,0.546089231967926,9,0.3822624623775482,d04j18s016060_51,,
,,0.001354,12.881198,4.74651,mfcc,,,0.169792,segment,1,7.963542,,,0.9999470710754395,0,0.6999629497528076,vishing_432_11,,
,,0.000677,5.475834,4.876614,mfcc,,,0.16349,segment,1,0.435053,,,0.9999470710754395,1,0.6999629497528076,vishing_432_11,,
,,0.000677,5.237239,4.652187,mfcc,,,0.154896,segment,1,0.429479,,,0.9999470710754395,2,0.6999629497528076,vishing_432_11,,
,,0.000677,5.171302,4.551666,mfcc,,,0.251042,segment,1,0.367917,,,0.9999470710754395,3,0.6999629497528076,vishing_432_11,,
,,0.000469,5.058802,4.538072,mfcc,,,0.137292,segment,1,0.382969,,,0.9999470710754395,4,0.6999629497528076,vishing_432_11,,
,,0.000573,4.703021,4.242292,mfcc,,,0.131146,segment,1,0.32901,,,0.9999470710754395,5,0.6999629497528076,vishing_432_11,,
,,0.000573,4.853594,4.349791,mfcc,,,0.131198,segment,1,0.372032,,,0.9999470710754395,6,0.6999629497528076,vishing_432_11,,
,,0.000573,4.867865,4.403593,mfcc,,,0.131771,segment,1,0.331928,,,0.9999470710754395,7,0.6999629497528076,vishing_432_11,,
,,0.000625,4.939114,4.460521,mfcc,,,0.138385,segment,1,0.339583,,,0.9999470710754395,8,0.6999629497528076,vishing_432_11,,
,,0.000573,4.937031,4.452812,mfcc,,,0.142083,segment,1,0.341563,,,0.9999470710754395,9,0.6999629497528076,vishing_432_11,,
,,0.001042,11.382812,2.163645,mfcc,,,0.146875,segment,1,9.07125,,,1.0,0,0.7,vishing_564_81,,
,,0.000573,2.457344,2.129114,mfcc,,,0.135052,segment,1,0.192605,,,1.0,1,0.7,vishing_564_81,,
,,0.000573,2.373489,2.083698,mfcc,,,0.116406,segment,1,0.172812,,,1.0,2,0.7,vishing_564_81,,
,,0.000521,2.363907,2.067031,mfcc,,,0.119011,segment,1,0.177344,,,1.0,3,0.7,vishing_564_81,,
,,0.000573,2.370938,2.087969,mfcc,,,0.11875,segment,1,0.163646,,,1.0,4,0.7,vishing_564_81,,
,,0.000469,2.380573,2.062865,mfcc,,,0.143437,segment,1,0.173802,,,1.0,5,0.7,vishing_564_81,,
,,0.000521,2.268437,1.990521,mfcc,,,0.118697,segment,1,0.158698,,,1.0,6,0.7,vishing_564_81,,
,,0.000469,2.297031,2.016146,mfcc,,,0.119739,segment,1,0.160677,,,1.0,7,0.7,vishing_564_81,,
,,0.000573,2.291093,2.023698,mfcc,,,0.108125,segment,1,0.158697,,,1.0,8,0.7,vishing_564_81,,
,,0.000521,2.837604,2.000469,mfcc,,,0.676458,segment,1,0.160156,,,1.0,9,0.7,vishing_564_81,,
,,0.000885,6.078021,4.873333,mfcc,,,0.174584,segment,1,1.029219,,,0.9965466856956482,0,0.6975826799869537,vishing_368_82,,
,,0.000521,5.087969,4.578854,mfcc,,,0.133594,segment,1,0.375,,,0.9965466856956482,1,0.6975826799869537,vishing_368_82,,
,,0.000468,5.018177,4.543385,mfcc,,,0.130365,segment,1,0.343959,,,0.9965466856956482,2,0.6975826799869537,vishing_368_82,,
,,0.000573,5.014896,4.54302,mfcc,,,0.135157,segment,1,0.336146,,,0.9965466856956482,3,0.6975826799869537,vishing_368_82,,
,,0.00052,5.042031,4.569896,mfcc,,,0.134844,segment,1,0.336771,,,0.9965466856956482,4,0.6975826799869537,vishing_368_82,,
,,0.000625,6.15526,4.48776,mfcc,,,1.33875,segment,1,0.328125,,,0.9965466856956482,5,0.6975826799869537,vishing_368_82,,
,,0.000677,5.669688,4.663021,mfcc,,,0.652083,segment,1,0.353907,,,0.9965466856956482,6,0.6975826799869537,vishing_368_82,,
,,0.000521,5.302708,4.823437,mfcc,,,0.127396,segment,1,0.351354,,,0.9965466856956482,7,0.6975826799869537,vishing_368_82,,
,,0.000573,5.356667,4.821355,mfcc,,,0.171979,segment,1,0.36276,,,0.9965466856956482,8,0.6975826799869537,vishing_368_82,,
,,0.000573,5.491771,4.94599,mfcc,,,0.180937,segment,1,0.364271,,,0.9965466856956482,9,0.6975826799869537,vishing_368_82,,
,,0.001614,13.435312,7.497031,mfcc,,,0.17625,segment,0,5.760417,,,0.5757567882537842,0,0.4030297517776489,d02j05s005801_28,,
,,0.000886,8.084115,7.320312,mfcc,,,0.171875,segment,0,0.591042,,,0.5757567882537842,1,0.4030297517776489,d02j05s005801_28,,
,,0.000729,7.868906,7.192656,mfcc,,,0.156875,segment,0,0.518646,,,0.5757567882537842,2,0.4030297517776489,d02j05s005801_28,,
,,0.000833,7.474062,6.813073,mfcc,,,0.155833,segment,0,0.504323,,,0.5757567882537842,3,0.4030297517776489,d02j05s005801_28,,
,,0.000625,7.391928,6.745573,mfcc,,,0.166719,segment,0,0.479011,,,0.5757567882537842,4,0.4030297517776489,d02j05s005801_28,,
,,0.000677,7.460729,6.735208,mfcc,,,0.159375,segment,0,0.565469,,,0.5757567882537842,5,0.4030297517776489,d02j05s005801_28,,
,,0.000469,7.454427,6.812448,mfcc,,,0.157083,segment,0,0.484427,,,0.5757567882537842,6,0.4030297517776489,d02j05s005801_28,,
,,0.000729,7.481979,6.828907,mfcc,,,0.152812,segment,0,0.499531,,,0.5757567882537842,7,0.4030297517776489,d02j05s005801_28,,
,,0.000625,7.462448,6.821562,mfcc,,,0.160157,segment,0,0.480104,,,0.5757567882537842,8,0.4030297517776489,d02j05s005801_28,,
,,0.000625,7.892344,7.226146,mfcc,,,0.161146,segment,0,0.504427,,,0.5757567882537842,9,0.4030297517776489,d02j05s005801_28,,
,,0.002656,17.195469,8.131459,mfcc,,,1.456406,segment,0,7.604948,,,0.8219929933547974,0,0.5753950953483581,d02j12s000857_2,,
,,0.000834,8.997813,8.007969,mfcc,,,0.239479,segment,0,0.749531,,,0.8219929933547974,1,0.5753950953483581,d02j12s000857_2,,
,,0.000886,8.938021,8.159427,mfcc,,,0.176614,segment,0,0.601094,,,0.8219929933547974,2,0.5753950953483581,d02j12s000857_2,,
,,0.000989,8.651354,7.901041,mfcc,,,0.174584,segment,0,0.57474,,,0.8219929933547974,3,0.5753950953483581,d02j12s000857_2,,
,,0.000729,8.189635,7.498333,mfcc,,,0.145834,segment,0,0.544739,,,0.8219929933547974,4,0.5753950953483581,d02j12s000857_2,,
,,0.001302,8.046198,7.35474,mfcc,,,0.181719,segment,0,0.508437,,,0.8219929933547974,5,0.5753950953483581,d02j12s000857_2,,
,,0.000833,10.170885,8.156407,mfcc,,,1.418333,segment,0,0.595312,,,0.8219929933547974,6,0.5753950953483581,d02j12s000857_2,,
,,0.000677,8.425625,7.664635,mfcc,,,0.204219,segment,0,0.556094,,,0.8219929933547974,7,0.5753950953483581,d02j12s000857_2,,
,,0.000677,8.863282,8.125625,mfcc,,,0.173438,segment,0,0.563542,,,0.8219929933547974,8,0.5753950953483581,d02j12s000857_2,,
,,0.000833,8.653593,7.881459,mfcc,,,0.192135,segment,0,0.579166,,,0.8219929933547974,9,0.5753950953483581,d02j12s000857_2,,
,,0.000937,8.827656,2.228907,mfcc,,,0.134635,segment,0,6.463177,,,0.28927093744277954,0,0.20248965620994566,d04j18s012642_7,,
,,0.000625,2.580364,2.240313,mfcc,,,0.151041,segment,0,0.188385,,,0.28927093744277954,1,0.20248965620994566,d04j18s012642_7,,
,,0.000573,2.558958,2.227865,mfcc,,,0.139739,segment,0,0.190781,,,0.28927093744277954,2,0.20248965620994566,d04j18s012642_7,,
,,0.000625,2.531563,2.207135,mfcc,,,0.139844,segment,0,0.183959,,,0.28927093744277954,3,0.20248965620994566,d04j18s012642_7,,
,,0.000573,2.570104,2.26401,mfcc,,,0.121771,segment,0,0.18375,,,0.28927093744277954,4,0.20248965620994566,d04j18s012642_7,,
,,0.000417,2.404011,2.09625,mfcc,,,0.142188,segment,0,0.165156,,,0.28927093744277954,5,0.20248965620994566,d04j18s012642_7,,
,,0.000521,2.384219,2.092292,mfcc,,,0.12526,segment,0,0.166146,,,0.28927093744277954,6,0.20248965620994566,d04j18s012642_7,,
,,0.000468,2.429895,2.150677,mfcc,,,0.114844,segment,0,0.163906,,,0.28927093744277954,7,0.20248965620994566,d04j18s012642_7,,
,,0.000469,2.394011,2.108542,mfcc,,,0.122344,segment,0,0.162656,,,0.28927093744277954,8,0.20248965620994566,d04j18s012642_7,,
,,0.000469,2.412448,2.12875,mfcc,,,0.119062,segment,0,0.164167,,,0.28927093744277954,9,0.20248965620994566,d04j18s012642_7,,
,,0.00323,27.265625,14.331094,mfcc,,,0.810989,segment,1,12.120312,,,0.9999940395355225,0,0.6999958276748657,vishing_575_24,,
,,0.002032,11.288178,9.577917,mfcc,,,0.627968,segment,1,1.080261,,,0.9999940395355225,1,0.6999958276748657,vishing_575_24,,
,,0.000885,8.019844,7.150937,mfcc,,,0.169636,segment,1,0.698386,,,0.9999940395355225,2,0.6999958276748657,vishing_575_24,,
,,0.000833,7.631875,6.940833,mfcc,,,0.149688,segment,1,0.540521,,,0.9999940395355225,3,0.6999958276748657,vishing_575_24,,
,,0.000885,7.257396,6.620989,mfcc,,,0.148334,segment,1,0.487188,,,0.9999940395355225,4,0.6999958276748657,vishing_575_24,,
,,0.00073,7.360417,6.698854,mfcc,,,0.18401,segment,1,0.476823,,,0.9999940395355225,5,0.6999958276748657,vishing_575_24,,
,,0.000729,7.444948,6.778437,mfcc,,,0.158803,segment,1,0.506979,,,0.9999940395355225,6,0.6999958276748657,vishing_575_24,,
,,0.000572,7.692604,7.054062,mfcc,,,0.156407,segment,1,0.481563,,,0.9999940395355225,7,0.6999958276748657,vishing_575_24,,
,,0.000625,7.816354,7.167031,mfcc,,,0.150416,segment,1,0.498282,,,0.9999940395355225,8,0.6999958276748657,vishing_575_24,,
,,0.000677,7.770573,7.135989,mfcc,,,0.157136,segment,1,0.476771,,,0.9999940395355225,9,0.6999958276748657,vishing_575_24,,
,,0.001042,10.515208,3.252448,mfcc,,,0.169583,segment,1,7.092135,,,0.9999817609786987,0,0.6999872326850891,vishing_523_1,,
,,0.000625,3.538125,3.090781,mfcc,,,0.197292,segment,1,0.249427,,,0.9999817609786987,1,0.6999872326850891,vishing_523_1,,
,,0.000625,3.394323,3.018958,mfcc,,,0.137813,segment,1,0.236927,,,0.9999817609786987,2,0.6999872326850891,vishing_523_1,,
,,0.000625,3.390365,3.057031,mfcc,,,0.136615,segment,1,0.196094,,,0.9999817609786987,3,0.6999872326850891,vishing_523_1,,
,,0.000469,3.540521,3.213073,mfcc,,,0.129062,segment,1,0.197917,,,0.9999817609786987,4,0.6999872326850891,vishing_523_1,,
,,0.000469,3.446094,3.121979,mfcc,,,0.124427,segment,1,0.199219,,,0.9999817609786987,5,0.6999872326850891,vishing_523_1,,
,,0.00052,3.452031,3.132604,mfcc,,,0.12448,segment,1,0.194427,,,0.9999817609786987,6,0.6999872326850891,vishing_523_1,,
,,0.000468,3.420104,3.106094,mfcc,,,0.124219,segment,1,0.189323,,,0.9999817609786987,7,0.6999872326850891,vishing_523_1,,
,,0.000573,3.439375,3.138125,mfcc,,,0.115469,segment,1,0.185208,,,0.9999817609786987,8,0.6999872326850891,vishing_523_1,,
,,0.00052,3.392604,3.082396,mfcc,,,0.123334,segment,1,0.186354,,,0.9999817609786987,9,0.6999872326850891,vishing_523_1,,
,,0.001406,11.725781,6.064635,mfcc,,,0.159948,segment,0,5.499792,,,0.5235471725463867,0,0.3664830207824707,d04j18s016060_28,,
,,0.000573,6.434323,5.745312,mfcc,,,0.157813,segment,0,0.530625,,,0.5235471725463867,1,0.3664830207824707,d04j18s016060_28,,
,,0.000729,6.736823,6.116094,mfcc,,,0.144896,segment,0,0.475104,,,0.5235471725463867,2,0.3664830207824707,d04j18s016060_28,,
,,0.000625,6.606615,6.013698,mfcc,,,0.157396,segment,0,0.434896,,,0.5235471725463867,3,0.3664830207824707,d04j18s016060_28,,
,,0.000625,7.002865,6.412709,mfcc,,,0.158594,segment,0,0.430937,,,0.5235471725463867,4,0.3664830207824707,d04j18s016060_28,,
,,0.000677,6.684792,6.060625,mfcc,,,0.142656,segment,0,0.480834,,,0.5235471725463867,5,0.3664830207824707,d04j18s016060_28,,
,,0.000729,6.665417,6.08474,mfcc,,,0.149115,segment,0,0.430833,,,0.5235471725463867,6,0.3664830207824707,d04j18s016060_28,,
,,0.000625,6.78026,6.124792,mfcc,,,0.145,segment,0,0.509843,,,0.5235471725463867,7,0.3664830207824707,d04j18s016060_28,,
,,0.00052,6.731198,6.162709,mfcc,,,0.137396,segment,0,0.430573,,,0.5235471725463867,8,0.3664830207824707,d04j18s016060_28,,
,,0.000677,6.238021,5.68875,mfcc,,,0.142292,segment,0,0.406302,,,0.5235471725463867,9,0.3664830207824707,d04j18s016060_28,,
,,0.000885,7.147812,1.385052,mfcc,,,0.148282,segment,1,5.613593,,,0.9999986886978149,0,0.6999990820884704,vishing_575_0,,
,,0.000677,1.632292,1.342552,mfcc,,,0.127084,segment,1,0.161979,,,0.9999986886978149,1,0.6999990820884704,vishing_575_0,,
,,0.000573,1.615052,1.331458,mfcc,,,0.134323,segment,1,0.148698,,,0.9999986886978149,2,0.6999990820884704,vishing_575_0,,
,,0.000625,1.576093,1.303281,mfcc,,,0.122083,segment,1,0.150104,,,0.9999986886978149,3,0.6999990820884704,vishing_575_0,,
,,0.000573,1.589375,1.325313,mfcc,,,0.122656,segment,1,0.140833,,,0.9999986886978149,4,0.6999990820884704,vishing_575_0,,
,,0.000521,1.543958,1.266093,mfcc,,,0.13875,segment,1,0.138594,,,0.9999986886978149,5,0.6999990820884704,vishing_575_0,,
,,0.000573,1.584792,1.329011,mfcc,,,0.116406,segment,1,0.138802,,,0.9999986886978149,6,0.6999990820884704,vishing_575_0,,
,,0.000625,1.529844,1.277187,mfcc,,,0.11323,segment,1,0.138802,,,0.9999986886978149,7,0.6999990820884704,vishing_575_0,,
,,0.000468,1.518489,1.268541,mfcc,,,0.110157,segment,1,0.139323,,,0.9999986886978149,8,0.6999990820884704,vishing_575_0,,
,,0.000521,1.577604,1.328854,mfcc,,,0.111666,segment,1,0.136563,,,0.9999986886978149,9,0.6999990820884704,vishing_575_0,,
,,0.001042,4.303334,3.366198,mfcc,,,0.169583,segment,1,0.766511,,,0.999988317489624,0,0.6999918222427368,vishing_304_322,,
,,0.000677,4.942136,3.109583,mfcc,,,1.617917,segment,1,0.213959,,,0.999988317489624,1,0.6999918222427368,vishing_304_322,,
,,0.000781,3.603438,3.234583,mfcc,,,0.139063,segment,1,0.229011,,,0.999988317489624,2,0.6999918222427368,vishing_304_322,,
,,0.000625,3.501718,3.166667,mfcc,,,0.125729,segment,1,0.208697,,,0.999988317489624,3,0.6999918222427368,vishing_304_322,,
,,0.000625,3.51224,3.078281,mfcc,,,0.234792,segment,1,0.198542,,,0.999988317489624,4,0.6999918222427368,vishing_304_322,,
,,0.000625,3.425312,3.09349,mfcc,,,0.129166,segment,1,0.202031,,,0.999988317489624,5,0.6999918222427368,vishing_304_322,,
,,0.000521,4.015156,3.160365,mfcc,,,0.647812,segment,1,0.206458,,,0.999988317489624,6,0.6999918222427368,vishing_304_322,,
,,0.000781,4.124479,3.174948,mfcc,,,0.739427,segment,1,0.209323,,,0.999988317489624,7,0.6999918222427368,vishing_304_322,,
,,0.000833,4.780886,3.291459,mfcc,,,1.261094,segment,1,0.2275,,,0.999988317489624,8,0.6999918222427368,vishing_304_322,,
,,0.000729,4.333958,3.536615,mfcc,,,0.534062,segment,1,0.262552,,,0.999988317489624,9,0.6999918222427368,vishing_304_322,,
,,0.000834,4.494688,2.206511,mfcc,,,0.141145,segment,1,2.146198,,,0.9979293346405029,0,0.698550534248352,vishing_327_8,,
,,0.000573,2.47448,2.172552,mfcc,,,0.115,segment,1,0.186355,,,0.9979293346405029,1,0.698550534248352,vishing_327_8,,
,,0.000573,2.52948,2.207552,mfcc,,,0.151094,segment,1,0.170261,,,0.9979293346405029,2,0.698550534248352,vishing_327_8,,
,,0.000573,2.545729,2.220469,mfcc,,,0.145156,segment,1,0.179531,,,0.9979293346405029,3,0.698550534248352,vishing_327_8,,
,,0.000573,2.538385,2.222917,mfcc,,,0.134531,segment,1,0.180364,,,0.9979293346405029,4,0.698550534248352,vishing_327_8,,
,,0.000521,2.446875,2.152031,mfcc,,,0.122448,segment,1,0.171875,,,0.9979293346405029,5,0.698550534248352,vishing_327_8,,
,,0.000625,2.503282,2.201406,mfcc,,,0.129115,segment,1,0.172136,,,0.9979293346405029,6,0.698550534248352,vishing_327_8,,
,,0.000468,2.466562,2.175156,mfcc,,,0.115521,segment,1,0.175417,,,0.9979293346405029,7,0.698550534248352,vishing_327_8,,
,,0.000521,2.52151,2.194427,mfcc,,,0.154219,segment,1,0.172343,,,0.9979293346405029,8,0.698550534248352,vishing_327_8,,
,,0.00052,2.468281,2.170365,mfcc,,,0.128125,segment,1,0.169271,,,0.9979293346405029,9,0.698550534248352,vishing_327_8,,
,,0.001458,7.570833,6.017865,mfcc,,,0.251302,segment,0,1.300208,,,0.4105495512485504,0,0.28738468587398525,d01j020s006622_1,,
,,0.000729,6.044479,5.332292,mfcc,,,0.212917,segment,0,0.498541,,,0.4105495512485504,1,0.28738468587398525,d01j020s006622_1,,
,,0.000625,6.470729,5.133229,mfcc,,,0.902708,segment,0,0.434167,,,0.4105495512485504,2,0.28738468587398525,d01j020s006622_1,,
,,0.00099,6.444479,5.379688,mfcc,,,0.621041,segment,0,0.44276,,,0.4105495512485504,3,0.28738468587398525,d01j020s006622_1,,
,,0.000677,5.925156,5.289166,mfcc,,,0.165573,segment,0,0.46974,,,0.4105495512485504,4,0.28738468587398525,d01j020s006622_1,,
,,0.000625,5.855834,5.241458,mfcc,,,0.182396,segment,0,0.431355,,,0.4105495512485504,5,0.28738468587398525,d01j020s006622_1,,
,,0.000469,5.80974,5.214792,mfcc,,,0.149062,segment,0,0.445417,,,0.4105495512485504,6,0.28738468587398525,d01j020s006622_1,,
,,0.000573,5.65349,5.098542,mfcc,,,0.146875,segment,0,0.4075,,,0.4105495512485504,7,0.28738468587398525,d01j020s006622_1,,
,,0.000833,5.65625,5.107812,mfcc,,,0.173959,segment,0,0.373646,,,0.4105495512485504,8,0.28738468587398525,d01j020s006622_1,,
,,0.000677,5.892396,5.288386,mfcc,,,0.192917,segment,0,0.410416,,,0.4105495512485504,9,0.28738468587398525,d01j020s006622_1,,
,,0.002083,13.281406,6.626822,mfcc,,,0.234688,segment,1,6.417813,,,0.9997355341911316,0,0.699814873933792,vishing_368_109,,
,,0.000677,7.011614,6.276666,mfcc,,,0.162448,segment,1,0.571823,,,0.9997355341911316,1,0.699814873933792,vishing_368_109,,
,,0.00073,6.787917,6.138802,mfcc,,,0.174791,segment,1,0.473594,,,0.9997355341911316,2,0.699814873933792,vishing_368_109,,
,,0.000677,6.976719,6.3025,mfcc,,,0.188281,segment,1,0.485261,,,0.9997355341911316,3,0.699814873933792,vishing_368_109,,
,,0.00073,6.822865,6.144635,mfcc,,,0.191406,segment,1,0.486094,,,0.9997355341911316,4,0.699814873933792,vishing_368_109,,
,,0.000833,7.159375,6.286511,mfcc,,,0.396875,segment,1,0.475156,,,0.9997355341911316,5,0.699814873933792,vishing_368_109,,
,,0.000885,6.800885,6.177135,mfcc,,,0.155313,segment,1,0.467552,,,0.9997355341911316,6,0.699814873933792,vishing_368_109,,
,,0.000521,6.588803,6.002448,mfcc,,,0.149584,segment,1,0.43625,,,0.9997355341911316,7,0.699814873933792,vishing_368_109,,
,,0.000677,6.853802,6.251354,mfcc,,,0.162031,segment,1,0.43974,,,0.9997355341911316,8,0.699814873933792,vishing_368_109,,
,,0.000885,7.197656,6.534115,mfcc,,,0.160521,segment,1,0.502135,,,0.9997355341911316,9,0.699814873933792,vishing_368_109,,
,,0.000937,14.548177,8.026302,mfcc,,,0.197084,segment,1,6.323854,,,0.9995099306106567,0,0.6996569514274597,vishing_597_21,,
,,0.000833,8.62599,7.806093,mfcc,,,0.223386,segment,1,0.595678,,,0.9995099306106567,1,0.6996569514274597,vishing_597_21,,
,,0.000833,8.861979,8.006875,mfcc,,,0.183438,segment,1,0.670833,,,0.9995099306106567,2,0.6996569514274597,vishing_597_21,,
,,0.000989,8.07125,7.340469,mfcc,,,0.15349,segment,1,0.576302,,,0.9995099306106567,3,0.6996569514274597,vishing_597_21,,
,,0.000521,8.2525,7.570417,mfcc,,,0.13802,segment,1,0.543542,,,0.9995099306106567,4,0.6996569514274597,vishing_597_21,,
,,0.000729,8.035729,7.383593,mfcc,,,0.143021,segment,1,0.508386,,,0.9995099306106567,5,0.6996569514274597,vishing_597_21,,
,,0.000938,8.720469,8.024479,mfcc,,,0.146927,segment,1,0.548125,,,0.9995099306106567,6,0.6996569514274597,vishing_597_21,,
,,0.000833,8.240625,7.550156,mfcc,,,0.162813,segment,1,0.526823,,,0.9995099306106567,7,0.6996569514274597,vishing_597_21,,
,,0.000729,8.23474,7.546771,mfcc,,,0.147761,segment,1,0.539479,,,0.9995099306106567,8,0.6996569514274597,vishing_597_21,,
,,0.000834,8.719167,8.003177,mfcc,,,0.166146,segment,1,0.54901,,,0.9995099306106567,9,0.6996569514274597,vishing_597_21,,
,,0.00125,9.553177,5.903802,mfcc,,,0.207136,segment,0,3.440989,,,0.29286816716194153,0,0.20500771701335907,d02j08s004829_9,,
,,0.000625,6.525469,5.897083,mfcc,,,0.157604,segment,0,0.470157,,,0.29286816716194153,1,0.20500771701335907,d02j08s004829_9,,
,,0.000625,6.86651,6.271979,mfcc,,,0.148021,segment,0,0.445885,,,0.29286816716194153,2,0.20500771701335907,d02j08s004829_9,,
,,0.000729,6.752239,6.161614,mfcc,,,0.154115,segment,0,0.435781,,,0.29286816716194153,3,0.20500771701335907,d02j08s004829_9,,
,,0.000573,6.755104,6.153594,mfcc,,,0.150052,segment,0,0.450885,,,0.29286816716194153,4,0.20500771701335907,d02j08s004829_9,,
,,0.000677,6.726302,6.144167,mfcc,,,0.156823,segment,0,0.424635,,,0.29286816716194153,5,0.20500771701335907,d02j08s004829_9,,
,,0.000625,7.214687,6.552083,mfcc,,,0.204896,segment,0,0.457083,,,0.29286816716194153,6,0.20500771701335907,d02j08s004829_9,,
,,0.000625,6.733854,6.118541,mfcc,,,0.155886,segment,0,0.458802,,,0.29286816716194153,7,0.20500771701335907,d02j08s004829_9,,
,,0.000677,6.828489,6.222031,mfcc,,,0.155,segment,0,0.450781,,,0.29286816716194153,8,0.20500771701335907,d02j08s004829_9,,
,,0.000573,7.048645,6.439166,mfcc,,,0.158854,segment,0,0.450052,,,0.29286816716194153,9,0.20500771701335907,d02j08s004829_9,,
,,0.000833,5.499688,1.507916,mfcc,,,0.134532,segment,0,3.856407,,,0.29423582553863525,0,0.20596507787704466,d01j020s006667_29,,
,,0.000521,1.694584,1.425469,mfcc,,,0.116354,segment,0,0.15224,,,0.29423582553863525,1,0.20596507787704466,d01j020s006667_29,,
,,0.000469,1.703594,1.427396,mfcc,,,0.121354,segment,0,0.154375,,,0.29423582553863525,2,0.20596507787704466,d01j020s006667_29,,
,,0.000469,1.697031,1.425625,mfcc,,,0.126094,segment,0,0.144843,,,0.29423582553863525,3,0.20596507787704466,d01j020s006667_29,,
,,0.000521,1.699167,1.429323,mfcc,,,0.1275,segment,0,0.141823,,,0.29423582553863525,4,0.20596507787704466,d01j020s006667_29,,
,,0.000469,1.739896,1.466823,mfcc,,,0.126875,segment,0,0.145729,,,0.29423582553863525,5,0.20596507787704466,d01j020s006667_29,,
,,0.000469,1.679479,1.416667,mfcc,,,0.125156,segment,0,0.137187,,,0.29423582553863525,6,0.20596507787704466,d01j020s006667_29,,
,,0.000625,1.642605,1.38125,mfcc,,,0.120417,segment,0,0.140313,,,0.29423582553863525,7,0.20596507787704466,d01j020s006667_29,,
,,0.000416,1.687552,1.429792,mfcc,,,0.116042,segment,0,0.141302,,,0.29423582553863525,8,0.20596507787704466,d01j020s006667_29,,
,,0.000573,1.65099,1.380885,mfcc,,,0.127396,segment,0,0.142136,,,0.29423582553863525,9,0.20596507787704466,d01j020s006667_29,,
,,0.000989,8.699895,6.076562,mfcc,,,0.161615,segment,1,2.460729,,,0.9999877214431763,0,0.6999914050102234,vishing_523_77,,
,,0.000573,6.351198,5.747032,mfcc,,,0.142864,segment,1,0.460729,,,0.9999877214431763,1,0.6999914050102234,vishing_523_77,,
,,0.000833,6.592552,6.014896,mfcc,,,0.164271,segment,1,0.412552,,,0.9999877214431763,2,0.6999914050102234,vishing_523_77,,
,,0.000625,6.283698,5.649167,mfcc,,,0.137031,segment,1,0.496875,,,0.9999877214431763,3,0.6999914050102234,vishing_523_77,,
,,0.001041,7.589739,6.963594,mfcc,,,0.21125,segment,1,0.413854,,,0.9999877214431763,4,0.6999914050102234,vishing_523_77,,
,,0.000885,8.431146,7.591927,mfcc,,,0.266667,segment,1,0.571667,,,0.9999877214431763,5,0.6999914050102234,vishing_523_77,,
,,0.001094,9.280677,7.675937,mfcc,,,1.009011,segment,1,0.594635,,,0.9999877214431763,6,0.6999914050102234,vishing_523_77,,
,,0.000782,8.126146,6.994011,mfcc,,,0.311614,segment,1,0.819739,,,0.9999877214431763,7,0.6999914050102234,vishing_523_77,,
,,0.000782,7.926771,7.024583,mfcc,,,0.26276,segment,1,0.638646,,,0.9999877214431763,8,0.6999914050102234,vishing_523_77,,
,,0.001145,7.86026,6.953333,mfcc,,,0.305782,segment,1,0.6,,,0.9999877214431763,9,0.6999914050102234,vishing_523_77,,
,,0.000781,3.623021,2.321094,mfcc,,,0.140625,segment,0,1.160521,,,0.3288666903972626,0,0.23020668327808377,d01j01s000551_9,,
,,0.000573,2.636302,2.301302,mfcc,,,0.132396,segment,0,0.202031,,,0.3288666903972626,1,0.23020668327808377,d01j01s000551_9,,
,,0.000521,2.540209,2.24698,mfcc,,,0.118229,segment,0,0.174479,,,0.3288666903972626,2,0.23020668327808377,d01j01s000551_9,,
,,0.000573,2.509271,2.21349,mfcc,,,0.123906,segment,0,0.171302,,,0.3288666903972626,3,0.23020668327808377,d01j01s000551_9,,
,,0.000729,2.566615,2.275417,mfcc,,,0.12,segment,0,0.170469,,,0.3288666903972626,4,0.23020668327808377,d01j01s000551_9,,
,,0.000625,2.957864,2.304323,mfcc,,,0.471198,segment,0,0.181718,,,0.3288666903972626,5,0.23020668327808377,d01j01s000551_9,,
,,0.000573,2.562448,2.253125,mfcc,,,0.135573,segment,0,0.173177,,,0.3288666903972626,6,0.23020668327808377,d01j01s000551_9,,
,,0.000521,2.612864,2.311667,mfcc,,,0.127135,segment,0,0.173541,,,0.3288666903972626,7,0.23020668327808377,d01j01s000551_9,,
,,0.000469,2.617396,2.319375,mfcc,,,0.12375,segment,0,0.173802,,,0.3288666903972626,8,0.23020668327808377,d01j01s000551_9,,
,,0.00052,2.608125,2.306563,mfcc,,,0.124115,segment,0,0.176927,,,0.3288666903972626,9,0.23020668327808377,d01j01s000551_9,,
,,0.000937,12.551875,4.945312,mfcc,,,1.372709,segment,0,6.232917,,,0.3378083407878876,0,0.23646583855152128,d02j08s000640_2,,
,,0.00073,5.940209,5.328229,mfcc,,,0.180677,segment,0,0.430573,,,0.3378083407878876,1,0.23646583855152128,d02j08s000640_2,,
,,0.000833,5.657031,5.067917,mfcc,,,0.163125,segment,0,0.425156,,,0.3378083407878876,2,0.23646583855152128,d02j08s000640_2,,
,,0.000625,5.853854,5.295573,mfcc,,,0.162292,segment,0,0.395364,,,0.3378083407878876,3,0.23646583855152128,d02j08s000640_2,,
,,0.000729,5.783073,5.137292,mfcc,,,0.202083,segment,0,0.442969,,,0.3378083407878876,4,0.23646583855152128,d02j08s000640_2,,
,,0.000625,5.664687,5.115782,mfcc,,,0.14776,segment,0,0.40052,,,0.3378083407878876,5,0.23646583855152128,d02j08s000640_2,,
,,0.000625,5.249427,4.736875,mfcc,,,0.140313,segment,0,0.371614,,,0.3378083407878876,6,0.23646583855152128,d02j08s000640_2,,
,,0.000625,5.371302,4.876042,mfcc,,,0.139687,segment,0,0.354948,,,0.3378083407878876,7,0.23646583855152128,d02j08s000640_2,,
,,0.000625,5.501719,4.989375,mfcc,,,0.149792,segment,0,0.361927,,,0.3378083407878876,8,0.23646583855152128,d02j08s000640_2,,
,,0.000625,5.312135,4.815,mfcc,,,0.139219,segment,0,0.357291,,,0.3378083407878876,9,0.23646583855152128,d02j08s000640_2,,
,,0.000938,10.460052,3.16526,mfcc,,,0.141979,segment,0,7.151875,,,0.3041975796222687,0,0.21293830573558806,d01j020s003787_31,,
,,0.000625,3.289531,2.942552,mfcc,,,0.128958,segment,0,0.217396,,,0.3041975796222687,1,0.21293830573558806,d01j020s003787_31,,
,,0.000677,3.433906,3.098854,mfcc,,,0.12849,segment,0,0.205885,,,0.3041975796222687,2,0.21293830573558806,d01j020s003787_31,,
,,0.000625,3.440989,3.120365,mfcc,,,0.131562,segment,0,0.188437,,,0.3041975796222687,3,0.21293830573558806,d01j020s003787_31,,
,,0.00052,3.405885,3.08875,mfcc,,,0.129167,segment,0,0.187448,,,0.3041975796222687,4,0.21293830573558806,d01j020s003787_31,,
,,0.000521,3.465885,3.150937,mfcc,,,0.126302,segment,0,0.188125,,,0.3041975796222687,5,0.21293830573558806,d01j020s003787_31,,
,,0.00052,3.496875,3.178542,mfcc,,,0.124688,segment,0,0.193125,,,0.3041975796222687,6,0.21293830573558806,d01j020s003787_31,,
,,0.000521,3.447396,3.13974,mfcc,,,0.118906,segment,0,0.188229,,,0.3041975796222687,7,0.21293830573558806,d01j020s003787_31,,
,,0.000469,3.433907,3.121823,mfcc,,,0.12375,segment,0,0.187865,,,0.3041975796222687,8,0.21293830573558806,d01j020s003787_31,,
,,0.000625,3.380677,3.065833,mfcc,,,0.126979,segment,0,0.18724,,,0.3041975796222687,9,0.21293830573558806,d01j020s003787_31,,
,,0.001407,17.371771,7.567448,mfcc,,,0.149583,segment,0,9.653333,,,0.40224042534828186,0,0.28156829774379727,d02j09s004760_3,,
,,0.000938,8.003125,7.29198,mfcc,,,0.180989,segment,0,0.529218,,,0.40224042534828186,1,0.28156829774379727,d02j09s004760_3,,
,,0.000729,8.933177,7.925052,mfcc,,,0.237448,segment,0,0.769948,,,0.40224042534828186,2,0.28156829774379727,d02j09s004760_3,,
,,0.001303,9.2375,7.23927,mfcc,,,1.393177,segment,0,0.60375,,,0.40224042534828186,3,0.28156829774379727,d02j09s004760_3,,
,,0.000938,8.279219,7.342187,mfcc,,,0.230625,segment,0,0.705469,,,0.40224042534828186,4,0.28156829774379727,d02j09s004760_3,,
,,0.000886,7.858282,7.060208,mfcc,,,0.185156,segment,0,0.612032,,,0.40224042534828186,5,0.28156829774379727,d02j09s004760_3,,
,,0.000729,7.646979,6.948646,mfcc,,,0.157292,segment,0,0.540312,,,0.40224042534828186,6,0.28156829774379727,d02j09s004760_3,,
,,0.000729,7.411823,6.750156,mfcc,,,0.177969,segment,0,0.482969,,,0.40224042534828186,7,0.28156829774379727,d02j09s004760_3,,
,,0.000885,7.42599,6.72125,mfcc,,,0.189688,segment,0,0.514167,,,0.40224042534828186,8,0.28156829774379727,d02j09s004760_3,,
,,0.000989,7.532552,6.802187,mfcc,,,0.215053,segment,0,0.514323,,,0.40224042534828186,9,0.28156829774379727,d02j09s004760_3,,
,,0.00125,13.762864,5.826198,mfcc,,,0.15427,segment,0,7.781146,,,0.22873003780841827,0,0.1601110264658928,d01j020s004061_28,,
,,0.000729,6.52375,5.895521,mfcc,,,0.148646,segment,0,0.478854,,,0.22873003780841827,1,0.1601110264658928,d01j020s004061_28,,
,,0.000625,6.686823,6.124375,mfcc,,,0.145677,segment,0,0.416146,,,0.22873003780841827,2,0.1601110264658928,d01j020s004061_28,,
,,0.000781,6.597969,5.990833,mfcc,,,0.177292,segment,0,0.429063,,,0.22873003780841827,3,0.1601110264658928,d01j020s004061_28,,
,,0.000573,6.613542,6.026771,mfcc,,,0.152292,segment,0,0.433906,,,0.22873003780841827,4,0.1601110264658928,d01j020s004061_28,,
,,0.00052,6.680312,6.089219,mfcc,,,0.150261,segment,0,0.440312,,,0.22873003780841827,5,0.1601110264658928,d01j020s004061_28,,
,,0.00073,6.557084,5.985677,mfcc,,,0.148593,segment,0,0.422084,,,0.22873003780841827,6,0.1601110264658928,d01j020s004061_28,,
,,0.000625,6.621823,6.047448,mfcc,,,0.146667,segment,0,0.427083,,,0.22873003780841827,7,0.1601110264658928,d01j020s004061_28,,
,,0.000781,6.535364,5.968802,mfcc,,,0.139375,segment,0,0.426406,,,0.22873003780841827,8,0.1601110264658928,d01j020s004061_28,,
,,0.000573,6.087032,5.522344,mfcc,,,0.138542,segment,0,0.425573,,,0.22873003780841827,9,0.1601110264658928,d01j020s004061_28,,
,,0.001146,2.628594,1.324115,mfcc,,,0.129427,segment,1,1.173906,,,0.9998558759689331,0,0.6998991131782532,vishing_653_28,,
,,0.000521,1.515312,1.241458,mfcc,,,0.126979,segment,1,0.146354,,,0.9998558759689331,1,0.6998991131782532,vishing_653_28,,
,,0.000625,1.551354,1.293593,mfcc,,,0.12224,segment,1,0.134896,,,0.9998558759689331,2,0.6998991131782532,vishing_653_28,,
,,0.000521,1.51026,1.251718,mfcc,,,0.124375,segment,1,0.133646,,,0.9998558759689331,3,0.6998991131782532,vishing_653_28,,
,,0.000521,1.505989,1.245208,mfcc,,,0.123489,segment,1,0.136771,,,0.9998558759689331,4,0.6998991131782532,vishing_653_28,,
,,0.00052,1.530468,1.285313,mfcc,,,0.114896,segment,1,0.129739,,,0.9998558759689331,5,0.6998991131782532,vishing_653_28,,
,,0.000469,1.524844,1.271354,mfcc,,,0.119479,segment,1,0.133542,,,0.9998558759689331,6,0.6998991131782532,vishing_653_28,,
,,0.000625,1.535364,1.237813,mfcc,,,0.167864,segment,1,0.129062,,,0.9998558759689331,7,0.6998991131782532,vishing_653_28,,
,,0.000521,1.512136,1.261458,mfcc,,,0.119636,segment,1,0.130521,,,0.9998558759689331,8,0.6998991131782532,vishing_653_28,,
,,0.000469,1.528854,1.274219,mfcc,,,0.12302,segment,1,0.131146,,,0.9998558759689331,9,0.6998991131782532,vishing_653_28,,
,,0.00125,10.504739,4.629843,mfcc,,,0.135052,segment,0,5.738594,,,0.7393833994865417,0,0.5175683796405792,d02j12s000074_1,,
,,0.000678,5.127709,4.618437,mfcc,,,0.145156,segment,0,0.363438,,,0.7393833994865417,1,0.5175683796405792,d02j12s000074_1,,
,,0.000677,5.320573,4.814167,mfcc,,,0.138542,segment,0,0.367187,,,0.7393833994865417,2,0.5175683796405792,d02j12s000074_1,,
,,0.000625,5.234115,4.719584,mfcc,,,0.148021,segment,0,0.365885,,,0.7393833994865417,3,0.5175683796405792,d02j12s000074_1,,
,,0.000573,5.250833,4.75776,mfcc,,,0.138021,segment,0,0.354479,,,0.7393833994865417,4,0.5175683796405792,d02j12s000074_1,,
,,0.000521,5.394896,4.921198,mfcc,,,0.130469,segment,0,0.342708,,,0.7393833994865417,5,0.5175683796405792,d02j12s000074_1,,
,,0.000573,5.141614,4.670677,mfcc,,,0.130364,segment,0,0.34,,,0.7393833994865417,6,0.5175683796405792,d02j12s000074_1,,
,,0.000625,5.183959,4.71099,mfcc,,,0.13224,segment,0,0.340104,,,0.7393833994865417,7,0.5175683796405792,d02j12s000074_1,,
,,0.000729,5.205729,4.704688,mfcc,,,0.154427,segment,0,0.345885,,,0.7393833994865417,8,0.5175683796405792,d02j12s000074_1,,
,,0.000886,5.824427,4.996875,mfcc,,,0.452187,segment,0,0.374479,,,0.7393833994865417,9,0.5175683796405792,d02j12s000074_1,,
,,0.000833,9.938958,1.838959,mfcc,,,0.79,segment,1,7.309166,,,0.9998385906219482,0,0.6998870134353637,vishing_552_17,,
,,0.000782,2.687136,1.757188,mfcc,,,0.756562,segment,1,0.172604,,,0.9998385906219482,1,0.6998870134353637,vishing_552_17,,
,,0.000573,2.036927,1.751771,mfcc,,,0.129896,segment,1,0.154687,,,0.9998385906219482,2,0.6998870134353637,vishing_552_17,,
,,0.000469,2.008073,1.734896,mfcc,,,0.120417,segment,1,0.152291,,,0.9998385906219482,3,0.6998870134353637,vishing_552_17,,
,,0.000573,2.076875,1.819115,mfcc,,,0.109531,segment,1,0.147656,,,0.9998385906219482,4,0.6998870134353637,vishing_552_17,,
,,0.00052,2.064583,1.786979,mfcc,,,0.127136,segment,1,0.149948,,,0.9998385906219482,5,0.6998870134353637,vishing_552_17,,
,,0.000625,2.075261,1.813229,mfcc,,,0.115365,segment,1,0.146042,,,0.9998385906219482,6,0.6998870134353637,vishing_552_17,,
,,0.000521,2.029948,1.746927,mfcc,,,0.123125,segment,1,0.159375,,,0.9998385906219482,7,0.6998870134353637,vishing_552_17,,
,,0.000521,2.029896,1.771094,mfcc,,,0.111094,segment,1,0.147187,,,0.9998385906219482,8,0.6998870134353637,vishing_552_17,,
,,0.000625,2.049166,1.756875,mfcc,,,0.14177,segment,1,0.149896,,,0.9998385906219482,9,0.6998870134353637,vishing_552_17,,
,,0.001302,8.217448,2.315833,mfcc,,,0.148646,segment,1,5.751667,,,0.9936961531639099,0,0.6955873072147369,vishing_304_63,,
,,0.000625,2.600625,2.27526,mfcc,,,0.129688,segment,1,0.195052,,,0.9936961531639099,1,0.6955873072147369,vishing_304_63,,
,,0.000521,2.514375,2.195156,mfcc,,,0.134636,segment,1,0.184062,,,0.9936961531639099,2,0.6955873072147369,vishing_304_63,,
,,0.000573,2.436458,2.134739,mfcc,,,0.123698,segment,1,0.177448,,,0.9936961531639099,3,0.6955873072147369,vishing_304_63,,
,,0.00052,2.460937,2.163594,mfcc,,,0.1275,segment,1,0.169323,,,0.9936961531639099,4,0.6955873072147369,vishing_304_63,,
,,0.000521,2.408125,2.124219,mfcc,,,0.115416,segment,1,0.167969,,,0.9936961531639099,5,0.6955873072147369,vishing_304_63,,
,,0.000625,2.5075,2.195938,mfcc,,,0.114948,segment,1,0.195989,,,0.9936961531639099,6,0.6955873072147369,vishing_304_63,,
,,0.000521,2.415364,2.140469,mfcc,,,0.110416,segment,1,0.163958,,,0.9936961531639099,7,0.6955873072147369,vishing_304_63,,
,,0.000469,2.398125,2.122969,mfcc,,,0.111354,segment,1,0.163333,,,0.9936961531639099,8,0.6955873072147369,vishing_304_63,,
,,0.000625,2.392344,2.117344,mfcc,,,0.11125,segment,1,0.163125,,,0.9936961531639099,9,0.6955873072147369,vishing_304_63,,
,,0.000885,12.78802,1.715573,mfcc,,,0.273958,segment,1,10.797604,,,0.9999454021453857,0,0.69996178150177,vishing_617_72,,
,,0.000729,1.905989,1.623333,mfcc,,,0.118594,segment,1,0.163333,,,0.9999454021453857,1,0.69996178150177,vishing_617_72,,
,,0.000469,1.840677,1.570521,mfcc,,,0.121146,segment,1,0.148541,,,0.9999454021453857,2,0.69996178150177,vishing_617_72,,
,,0.000573,1.897865,1.584844,mfcc,,,0.168125,segment,1,0.144323,,,0.9999454021453857,3,0.69996178150177,vishing_617_72,,
,,0.000468,1.858697,1.594218,mfcc,,,0.123907,segment,1,0.140104,,,0.9999454021453857,4,0.69996178150177,vishing_617_72,,
,,0.000469,1.903021,1.616562,mfcc,,,0.139531,segment,1,0.146459,,,0.9999454021453857,5,0.69996178150177,vishing_617_72,,
,,0.000521,1.837761,1.582083,mfcc,,,0.109792,segment,1,0.145365,,,0.9999454021453857,6,0.69996178150177,vishing_617_72,,
,,0.00052,1.830468,1.566666,mfcc,,,0.120886,segment,1,0.142396,,,0.9999454021453857,7,0.69996178150177,vishing_617_72,,
,,0.000625,1.835156,1.581927,mfcc,,,0.111406,segment,1,0.141198,,,0.9999454021453857,8,0.69996178150177,vishing_617_72,,
,,0.000521,1.812916,1.564844,mfcc,,,0.10776,segment,1,0.139791,,,0.9999454021453857,9,0.69996178150177,vishing_617_72,,
,,0.001615,17.261406,7.255469,mfcc,,,0.271666,segment,0,9.732656,,,0.7182797789573669,0,0.5027958452701569,d02j12s000857_15,,
,,0.001198,8.087812,7.219011,mfcc,,,0.269791,segment,0,0.597812,,,0.7182797789573669,1,0.5027958452701569,d02j12s000857_15,,
,,0.00099,7.764792,6.932239,mfcc,,,0.264167,segment,0,0.567396,,,0.7182797789573669,2,0.5027958452701569,d02j12s000857_15,,
,,0.001354,8.302084,6.955417,mfcc,,,0.769896,segment,0,0.575417,,,0.7182797789573669,3,0.5027958452701569,d02j12s000857_15,,
,,0.000834,7.814011,6.840938,mfcc,,,0.405885,segment,0,0.566354,,,0.7182797789573669,4,0.5027958452701569,d02j12s000857_15,,
,,0.001563,7.601094,6.784271,mfcc,,,0.257864,segment,0,0.557396,,,0.7182797789573669,5,0.5027958452701569,d02j12s000857_15,,
,,0.000937,7.352968,6.556458,mfcc,,,0.245417,segment,0,0.550156,,,0.7182797789573669,6,0.5027958452701569,d02j12s000857_15,,
,,0.001146,7.591146,6.760052,mfcc,,,0.248594,segment,0,0.581354,,,0.7182797789573669,7,0.5027958452701569,d02j12s000857_15,,
,,0.000886,7.577136,6.747761,mfcc,,,0.249843,segment,0,0.578646,,,0.7182797789573669,8,0.5027958452701569,d02j12s000857_15,,
,,0.00099,7.517344,6.704531,mfcc,,,0.257656,segment,0,0.554167,,,0.7182797789573669,9,0.5027958452701569,d02j12s000857_15,,
,,0.001354,13.434062,6.414167,mfcc,,,0.269427,segment,0,6.749114,,,0.4732668697834015,0,0.331286808848381,d04j18s020386_2,,
,,0.000729,6.284844,5.566354,mfcc,,,0.190834,segment,0,0.526927,,,0.4732668697834015,1,0.331286808848381,d04j18s020386_2,,
,,0.000573,6.209271,5.58552,mfcc,,,0.154896,segment,0,0.468282,,,0.4732668697834015,2,0.331286808848381,d04j18s020386_2,,
,,0.000573,5.896614,5.30224,mfcc,,,0.153437,segment,0,0.440364,,,0.4732668697834015,3,0.331286808848381,d04j18s020386_2,,
,,0.000677,5.993334,5.425417,mfcc,,,0.144323,segment,0,0.422917,,,0.4732668697834015,4,0.331286808848381,d04j18s020386_2,,
,,0.000625,6.015886,5.419427,mfcc,,,0.178021,segment,0,0.417813,,,0.4732668697834015,5,0.331286808848381,d04j18s020386_2,,
,,0.000521,5.922761,5.393489,mfcc,,,0.12599,segment,0,0.402761,,,0.4732668697834015,6,0.331286808848381,d04j18s020386_2,,
,,0.000573,5.74526,5.224063,mfcc,,,0.136093,segment,0,0.384531,,,0.4732668697834015,7,0.331286808848381,d04j18s020386_2,,
,,0.000625,6.198646,5.338958,mfcc,,,0.478646,segment,0,0.380417,,,0.4732668697834015,8,0.331286808848381,d04j18s020386_2,,
,,0.000729,5.854687,5.32302,mfcc,,,0.144115,segment,0,0.386823,,,0.4732668697834015,9,0.331286808848381,d04j18s020386_2,,
,,0.003593,13.04302,5.178073,mfcc,,,0.251875,segment,0,7.609479,,,0.4470779597759247,0,0.31295457184314723,d01j04s006561_3,,
,,0.000938,5.57099,4.902084,mfcc,,,0.156562,segment,0,0.511406,,,0.4470779597759247,1,0.31295457184314723,d01j04s006561_3,,
,,0.000573,5.376355,4.783333,mfcc,,,0.209532,segment,0,0.382917,,,0.4470779597759247,2,0.31295457184314723,d01j04s006561_3,,
,,0.000573,5.410313,4.824271,mfcc,,,0.18625,segment,0,0.399219,,,0.4470779597759247,3,0.31295457184314723,d01j04s006561_3,,
,,0.000625,5.229739,4.717708,mfcc,,,0.135781,segment,0,0.375625,,,0.4470779597759247,4,0.31295457184314723,d01j04s006561_3,,
,,0.000573,5.209636,4.707448,mfcc,,,0.133958,segment,0,0.367657,,,0.4470779597759247,5,0.31295457184314723,d01j04s006561_3,,
,,0.000521,5.423542,4.88177,mfcc,,,0.179636,segment,0,0.361615,,,0.4470779597759247,6,0.31295457184314723,d01j04s006561_3,,
,,0.000625,5.631458,5.112344,mfcc,,,0.133958,segment,0,0.384531,,,0.4470779597759247,7,0.31295457184314723,d01j04s006561_3,,
,,0.000573,5.581927,5.070156,mfcc,,,0.139219,segment,0,0.371979,,,0.4470779597759247,8,0.31295457184314723,d01j04s006561_3,,
,,0.000521,5.624323,5.108698,mfcc,,,0.135625,segment,0,0.379479,,,0.4470779597759247,9,0.31295457184314723,d01j04s006561_3,,
,,0.004948,28.29349,13.62849,mfcc,,,1.179583,segment,1,13.480469,,,0.9999967813491821,0,0.6999977469444274,vishing_575_22,,
,,0.002604,12.243854,10.007917,mfcc,,,0.710677,segment,1,1.522656,,,0.9999967813491821,1,0.6999977469444274,vishing_575_22,,
,,0.001042,10.964792,9.404635,mfcc,,,0.586823,segment,1,0.972292,,,0.9999967813491821,2,0.6999977469444274,vishing_575_22,,
,,0.000781,8.464062,7.188021,mfcc,,,0.594948,segment,1,0.680312,,,0.9999967813491821,3,0.6999977469444274,vishing_575_22,,
,,0.000625,7.802709,7.088125,mfcc,,,0.17099,segment,1,0.542969,,,0.9999967813491821,4,0.6999977469444274,vishing_575_22,,
,,0.000678,7.722084,7.04349,mfcc,,,0.158072,segment,1,0.519844,,,0.9999967813491821,5,0.6999977469444274,vishing_575_22,,
,,0.000573,7.747553,7.076822,mfcc,,,0.155105,segment,1,0.515053,,,0.9999967813491821,6,0.6999977469444274,vishing_575_22,,
,,0.000521,7.69125,7.035573,mfcc,,,0.146354,segment,1,0.508802,,,0.9999967813491821,7,0.6999977469444274,vishing_575_22,,
,,0.000625,7.725,7.054166,mfcc,,,0.154688,segment,1,0.515521,,,0.9999967813491821,8,0.6999977469444274,vishing_575_22,,
,,0.000521,7.689167,6.999375,mfcc,,,0.186041,segment,1,0.50323,,,0.9999967813491821,9,0.6999977469444274,vishing_575_22,,
,,0.001458,8.900312,3.653438,mfcc,,,0.131302,segment,0,5.114114,,,0.40016305446624756,0,0.28011413812637326,d02j09s002121_3,,
,,0.000625,3.896094,3.459428,mfcc,,,0.124583,segment,0,0.311458,,,0.40016305446624756,1,0.28011413812637326,d02j09s002121_3,,
,,0.000521,3.829218,3.419323,mfcc,,,0.126979,segment,0,0.282395,,,0.40016305446624756,2,0.28011413812637326,d02j09s002121_3,,
,,0.000573,3.826823,3.431198,mfcc,,,0.119791,segment,0,0.275261,,,0.40016305446624756,3,0.28011413812637326,d02j09s002121_3,,
,,0.000573,3.800105,3.403386,mfcc,,,0.120521,segment,0,0.275625,,,0.40016305446624756,4,0.28011413812637326,d02j09s002121_3,,
,,0.000573,3.754584,3.340677,mfcc,,,0.145521,segment,0,0.267813,,,0.40016305446624756,5,0.28011413812637326,d02j09s002121_3,,
,,0.000521,3.891927,3.457656,mfcc,,,0.155261,segment,0,0.278489,,,0.40016305446624756,6,0.28011413812637326,d02j09s002121_3,,
,,0.000573,3.751302,3.343333,mfcc,,,0.124219,segment,0,0.283177,,,0.40016305446624756,7,0.28011413812637326,d02j09s002121_3,,
,,0.000521,3.789167,3.337865,mfcc,,,0.122031,segment,0,0.32875,,,0.40016305446624756,8,0.28011413812637326,d02j09s002121_3,,
,,0.000677,3.764375,3.368125,mfcc,,,0.124062,segment,0,0.271511,,,0.40016305446624756,9,0.28011413812637326,d02j09s002121_3,,
,,0.001198,11.641094,5.381563,mfcc,,,0.152708,segment,0,6.105625,,,0.5530403852462769,0,0.3871282696723938,d01j04s006561_7,,
,,0.000625,6.068229,5.479687,mfcc,,,0.148854,segment,0,0.439063,,,0.5530403852462769,1,0.3871282696723938,d01j04s006561_7,,
,,0.000469,5.82599,5.278802,mfcc,,,0.135521,segment,0,0.411198,,,0.5530403852462769,2,0.3871282696723938,d01j04s006561_7,,
,,0.000468,5.810364,5.2775,mfcc,,,0.131511,segment,0,0.400885,,,0.5530403852462769,3,0.3871282696723938,d01j04s006561_7,,
,,0.000573,5.759688,5.195521,mfcc,,,0.176406,segment,0,0.387188,,,0.5530403852462769,4,0.3871282696723938,d01j04s006561_7,,
,,0.000625,5.825677,5.27,mfcc,,,0.135521,segment,0,0.419531,,,0.5530403852462769,5,0.3871282696723938,d01j04s006561_7,,
,,0.00073,5.6825,5.161458,mfcc,,,0.137135,segment,0,0.383177,,,0.5530403852462769,6,0.3871282696723938,d01j04s006561_7,,
,,0.000729,5.663698,5.111198,mfcc,,,0.163906,segment,0,0.387865,,,0.5530403852462769,7,0.3871282696723938,d01j04s006561_7,,
,,0.000678,5.673698,5.139895,mfcc,,,0.136875,segment,0,0.39625,,,0.5530403852462769,8,0.3871282696723938,d01j04s006561_7,,
,,0.000573,5.589427,5.065156,mfcc,,,0.134792,segment,0,0.388906,,,0.5530403852462769,9,0.3871282696723938,d01j04s006561_7,,
,,0.00125,7.898646,2.060521,mfcc,,,0.127344,segment,1,5.709531,,,0.9999967813491821,0,0.6999977469444274,vishing_307_89,,
,,0.000573,2.311146,1.996458,mfcc,,,0.130365,segment,1,0.18375,,,0.9999967813491821,1,0.6999977469444274,vishing_307_89,,
,,0.000573,2.254115,1.966667,mfcc,,,0.122813,segment,1,0.164062,,,0.9999967813491821,2,0.6999977469444274,vishing_307_89,,
,,0.000521,2.274375,1.971198,mfcc,,,0.122136,segment,1,0.18052,,,0.9999967813491821,3,0.6999977469444274,vishing_307_89,,
,,0.000573,2.357135,2.076719,mfcc,,,0.120989,segment,1,0.158854,,,0.9999967813491821,4,0.6999977469444274,vishing_307_89,,
,,0.000573,2.366302,2.047604,mfcc,,,0.157239,segment,1,0.160886,,,0.9999967813491821,5,0.6999977469444274,vishing_307_89,,
,,0.000573,2.333125,2.055104,mfcc,,,0.11625,segment,1,0.161198,,,0.9999967813491821,6,0.6999977469444274,vishing_307_89,,
,,0.000573,2.312344,2.029427,mfcc,,,0.121667,segment,1,0.160677,,,0.9999967813491821,7,0.6999977469444274,vishing_307_89,,
,,0.000677,2.423906,2.138281,mfcc,,,0.123438,segment,1,0.16151,,,0.9999967813491821,8,0.6999977469444274,vishing_307_89,,
,,0.000729,2.351771,2.073177,mfcc,,,0.115886,segment,1,0.161979,,,0.9999967813491821,9,0.6999977469444274,vishing_307_89,,
,,0.001615,5.554688,1.254688,mfcc,,,0.121927,segment,1,4.176458,,,0.9999715089797974,0,0.6999800562858581,vishing_653_121,,
,,0.000469,1.393229,1.146666,mfcc,,,0.11,segment,1,0.136094,,,0.9999715089797974,1,0.6999800562858581,vishing_653_121,,
,,0.000521,1.40974,1.1675,mfcc,,,0.116406,segment,1,0.125313,,,0.9999715089797974,2,0.6999800562858581,vishing_653_121,,
,,0.00052,1.388593,1.147344,mfcc,,,0.112917,segment,1,0.127812,,,0.9999715089797974,3,0.6999800562858581,vishing_653_121,,
,,0.000468,1.384739,1.138385,mfcc,,,0.119063,segment,1,0.126823,,,0.9999715089797974,4,0.6999800562858581,vishing_653_121,,
,,0.000417,1.417136,1.177968,mfcc,,,0.11224,segment,1,0.126511,,,0.9999715089797974,5,0.6999800562858581,vishing_653_121,,
,,0.000469,1.414479,1.175782,mfcc,,,0.108333,segment,1,0.129895,,,0.9999715089797974,6,0.6999800562858581,vishing_653_121,,
,,0.000573,1.460104,1.187448,mfcc,,,0.14177,segment,1,0.130313,,,0.9999715089797974,7,0.6999800562858581,vishing_653_121,,
,,0.000573,1.445052,1.199114,mfcc,,,0.115365,segment,1,0.13,,,0.9999715089797974,8,0.6999800562858581,vishing_653_121,,
,,0.000417,1.420209,1.180052,mfcc,,,0.112292,segment,1,0.127448,,,0.9999715089797974,9,0.6999800562858581,vishing_653_121,,
,,0.00099,8.421719,2.505833,mfcc,,,0.131562,segment,1,5.783334,,,0.9999364614486694,0,0.6999555230140686,vishing_366_6,,
,,0.000573,2.754219,2.41875,mfcc,,,0.12974,segment,1,0.205156,,,0.9999364614486694,1,0.6999555230140686,vishing_366_6,,
,,0.000625,2.65698,2.346875,mfcc,,,0.125938,segment,1,0.183542,,,0.9999364614486694,2,0.6999555230140686,vishing_366_6,,
,,0.00052,2.639531,2.325364,mfcc,,,0.126407,segment,1,0.18724,,,0.9999364614486694,3,0.6999555230140686,vishing_366_6,,
,,0.000573,2.673281,2.358594,mfcc,,,0.12651,segment,1,0.187604,,,0.9999364614486694,4,0.6999555230140686,vishing_366_6,,
,,0.000521,2.671354,2.358177,mfcc,,,0.130625,segment,1,0.182031,,,0.9999364614486694,5,0.6999555230140686,vishing_366_6,,
,,0.00052,2.62427,2.31651,mfcc,,,0.128907,segment,1,0.178333,,,0.9999364614486694,6,0.6999555230140686,vishing_366_6,,
,,0.000469,2.68948,2.385521,mfcc,,,0.12125,segment,1,0.18224,,,0.9999364614486694,7,0.6999555230140686,vishing_366_6,,
,,0.000521,2.608854,2.318021,mfcc,,,0.117604,segment,1,0.172708,,,0.9999364614486694,8,0.6999555230140686,vishing_366_6,,
,,0.000625,2.615416,2.323698,mfcc,,,0.118489,segment,1,0.172604,,,0.9999364614486694,9,0.6999555230140686,vishing_366_6,,
,,0.002239,12.951771,2.534218,mfcc,,,0.273907,segment,1,10.141407,,,0.9988941550254822,0,0.6992259085178375,vishing_327_33,,
,,0.000729,2.6625,2.216823,mfcc,,,0.151302,segment,1,0.293646,,,0.9988941550254822,1,0.6992259085178375,vishing_327_33,,
,,0.000833,2.569011,2.223958,mfcc,,,0.137917,segment,1,0.206303,,,0.9988941550254822,2,0.6992259085178375,vishing_327_33,,
,,0.000521,2.535834,2.21474,mfcc,,,0.129844,segment,1,0.190729,,,0.9988941550254822,3,0.6992259085178375,vishing_327_33,,
,,0.000573,2.494219,2.177344,mfcc,,,0.136562,segment,1,0.17974,,,0.9988941550254822,4,0.6992259085178375,vishing_327_33,,
,,0.000521,2.54151,2.239948,mfcc,,,0.120104,segment,1,0.180937,,,0.9988941550254822,5,0.6992259085178375,vishing_327_33,,
,,0.000573,2.395573,2.115469,mfcc,,,0.114896,segment,1,0.164635,,,0.9988941550254822,6,0.6992259085178375,vishing_327_33,,
,,0.00052,2.409843,2.108698,mfcc,,,0.117552,segment,1,0.183073,,,0.9988941550254822,7,0.6992259085178375,vishing_327_33,,
,,0.00052,2.424062,2.138229,mfcc,,,0.118907,segment,1,0.166406,,,0.9988941550254822,8,0.6992259085178375,vishing_327_33,,
,,0.000469,2.451927,2.127032,mfcc,,,0.158854,segment,1,0.165572,,,0.9988941550254822,9,0.6992259085178375,vishing_327_33,,
,,0.00125,6.806979,1.325104,mfcc,,,0.132604,segment,1,5.348021,,,0.9985828399658203,0,0.6990079879760742,vishing_368_68,,
,,0.000573,1.538854,1.268334,mfcc,,,0.122239,segment,1,0.147708,,,0.9985828399658203,1,0.6990079879760742,vishing_368_68,,
,,0.000521,1.546094,1.290729,mfcc,,,0.1175,segment,1,0.137344,,,0.9985828399658203,2,0.6990079879760742,vishing_368_68,,
,,0.000625,1.524792,1.27651,mfcc,,,0.113698,segment,1,0.133959,,,0.9985828399658203,3,0.6990079879760742,vishing_368_68,,
,,0.00052,1.544218,1.291927,mfcc,,,0.115261,segment,1,0.13651,,,0.9985828399658203,4,0.6990079879760742,vishing_368_68,,
,,0.000469,1.510261,1.256771,mfcc,,,0.117813,segment,1,0.135208,,,0.9985828399658203,5,0.6990079879760742,vishing_368_68,,
,,0.000521,1.521823,1.274375,mfcc,,,0.112969,segment,1,0.133958,,,0.9985828399658203,6,0.6990079879760742,vishing_368_68,,
,,0.000521,1.525104,1.280468,mfcc,,,0.109427,segment,1,0.134688,,,0.9985828399658203,7,0.6990079879760742,vishing_368_68,,
,,0.00052,1.545833,1.299583,mfcc,,,0.113386,segment,1,0.132344,,,0.9985828399658203,8,0.6990079879760742,vishing_368_68,,
,,0.00052,1.573645,1.324792,mfcc,,,0.113021,segment,1,0.135312,,,0.9985828399658203,9,0.6990079879760742,vishing_368_68,,
,,0.002604,8.602552,3.007812,mfcc,,,0.774948,segment,0,4.817188,,,0.41578081250190735,0,0.2910465687513351,d02j12s005273_7,,
,,0.002031,3.516354,2.817969,mfcc,,,0.332135,segment,0,0.364219,,,0.41578081250190735,1,0.2910465687513351,d02j12s005273_7,,
,,0.002344,3.884375,2.971354,mfcc,,,0.563646,segment,0,0.347031,,,0.41578081250190735,2,0.2910465687513351,d02j12s005273_7,,
,,0.001615,3.349375,2.62849,mfcc,,,0.230104,segment,0,0.489166,,,0.41578081250190735,3,0.2910465687513351,d02j12s005273_7,,
,,0.001718,3.190156,2.632344,mfcc,,,0.233959,segment,0,0.322135,,,0.41578081250190735,4,0.2910465687513351,d02j12s005273_7,,
,,0.001719,3.226354,2.696354,mfcc,,,0.233437,segment,0,0.294844,,,0.41578081250190735,5,0.2910465687513351,d02j12s005273_7,,
,,0.000885,3.568385,3.132291,mfcc,,,0.148178,segment,0,0.287031,,,0.41578081250190735,6,0.2910465687513351,d02j12s005273_7,,
,,0.000937,2.425573,2.051302,mfcc,,,0.132865,segment,0,0.240469,,,0.41578081250190735,7,0.2910465687513351,d02j12s005273_7,,
,,0.001094,2.15,1.833854,mfcc,,,0.137448,segment,0,0.177604,,,0.41578081250190735,8,0.2910465687513351,d02j12s005273_7,,
,,0.000729,2.155625,1.866407,mfcc,,,0.120052,segment,0,0.168437,,,0.41578081250190735,9,0.2910465687513351,d02j12s005273_7,,
,,0.002448,14.33401,8.51,mfcc,,,1.553229,segment,1,4.268333,,,0.9999864101409912,0,0.6999904870986938,vishing_368_161,,
,,0.000937,9.29849,8.329583,mfcc,,,0.224115,segment,1,0.743855,,,0.9999864101409912,1,0.6999904870986938,vishing_368_161,,
,,0.000885,9.005,8.12151,mfcc,,,0.223803,segment,1,0.658802,,,0.9999864101409912,2,0.6999904870986938,vishing_368_161,,
,,0.000885,10.065625,8.689791,mfcc,,,0.695834,segment,1,0.679115,,,0.9999864101409912,3,0.6999904870986938,vishing_368_161,,
,,0.001303,9.900261,8.451458,mfcc,,,0.526927,segment,1,0.920573,,,0.9999864101409912,4,0.6999904870986938,vishing_368_161,,
,,0.000781,9.340833,8.439791,mfcc,,,0.216094,segment,1,0.684167,,,0.9999864101409912,5,0.6999904870986938,vishing_368_161,,
,,0.000625,8.949584,8.139375,mfcc,,,0.204584,segment,1,0.605,,,0.9999864101409912,6,0.6999904870986938,vishing_368_161,,
,,0.000625,8.943698,8.134635,mfcc,,,0.185469,segment,1,0.622969,,,0.9999864101409912,7,0.6999904870986938,vishing_368_161,,
,,0.000677,8.627135,7.855886,mfcc,,,0.190989,segment,1,0.579583,,,0.9999864101409912,8,0.6999904870986938,vishing_368_161,,
,,0.000677,8.78,7.971198,mfcc,,,0.206823,segment,1,0.601302,,,0.9999864101409912,9,0.6999904870986938,vishing_368_161,,
,,0.000938,12.42349,5.399947,mfcc,,,0.154271,segment,0,6.868334,,,0.4986394941806793,0,0.3490476459264755,d01j01s000122_3,,
,,0.000677,5.914896,5.330521,mfcc,,,0.151094,segment,0,0.432604,,,0.4986394941806793,1,0.3490476459264755,d01j01s000122_3,,
,,0.000573,5.831354,5.263646,mfcc,,,0.14651,segment,0,0.420625,,,0.4986394941806793,2,0.3490476459264755,d01j01s000122_3,,
,,0.000677,5.820364,5.279844,mfcc,,,0.141302,segment,0,0.398541,,,0.4986394941806793,3,0.3490476459264755,d01j01s000122_3,,
,,0.000573,5.796875,5.258906,mfcc,,,0.138594,segment,0,0.398802,,,0.4986394941806793,4,0.3490476459264755,d01j01s000122_3,,
,,0.00052,5.894687,5.356406,mfcc,,,0.140261,segment,0,0.3975,,,0.4986394941806793,5,0.3490476459264755,d01j01s000122_3,,
,,0.000729,5.82526,5.278541,mfcc,,,0.132917,segment,0,0.413073,,,0.4986394941806793,6,0.3490476459264755,d01j01s000122_3,,
,,0.000625,5.703489,5.167552,mfcc,,,0.141562,segment,0,0.39375,,,0.4986394941806793,7,0.3490476459264755,d01j01s000122_3,,
,,0.000885,5.803229,5.254219,mfcc,,,0.139479,segment,0,0.408646,,,0.4986394941806793,8,0.3490476459264755,d01j01s000122_3,,
,,0.000729,5.763125,5.209844,mfcc,,,0.151146,segment,0,0.401406,,,0.4986394941806793,9,0.3490476459264755,d01j01s000122_3,,
,,0.00125,7.290208,1.679375,mfcc,,,0.137292,segment,0,5.472291,,,0.21870233118534088,0,0.15309163182973862,d01j020s000577_15,,
,,0.000573,1.922292,1.634115,mfcc,,,0.12625,segment,0,0.161354,,,0.21870233118534088,1,0.15309163182973862,d01j020s000577_15,,
,,0.00052,1.896823,1.620937,mfcc,,,0.122813,segment,0,0.152553,,,0.21870233118534088,2,0.15309163182973862,d01j020s000577_15,,
,,0.000521,1.915469,1.645625,mfcc,,,0.11974,segment,0,0.149583,,,0.21870233118534088,3,0.15309163182973862,d01j020s000577_15,,
,,0.000521,1.943959,1.670104,mfcc,,,0.113021,segment,0,0.160313,,,0.21870233118534088,4,0.15309163182973862,d01j020s000577_15,,
,,0.000521,1.937709,1.666979,mfcc,,,0.120469,segment,0,0.14974,,,0.21870233118534088,5,0.15309163182973862,d01j020s000577_15,,
,,0.000677,1.899063,1.633177,mfcc,,,0.113646,segment,0,0.151563,,,0.21870233118534088,6,0.15309163182973862,d01j020s000577_15,,
,,0.000625,1.937708,1.672552,mfcc,,,0.117135,segment,0,0.147396,,,0.21870233118534088,7,0.15309163182973862,d01j020s000577_15,,
,,0.000417,1.908073,1.641979,mfcc,,,0.117761,segment,0,0.147916,,,0.21870233118534088,8,0.15309163182973862,d01j020s000577_15,,
,,0.000469,1.952917,1.689062,mfcc,,,0.117969,segment,0,0.145417,,,0.21870233118534088,9,0.15309163182973862,d01j020s000577_15,,
,,0.000833,11.005052,6.091198,mfcc,,,0.161771,segment,1,4.75125,,,0.9986034035682678,0,0.6990223824977875,vishing_602_13,,
,,0.000572,6.590312,5.963542,mfcc,,,0.147136,segment,1,0.479062,,,0.9986034035682678,1,0.6990223824977875,vishing_602_13,,
,,0.000625,6.128698,5.54125,mfcc,,,0.143698,segment,1,0.443125,,,0.9986034035682678,2,0.6990223824977875,vishing_602_13,,
,,0.000886,6.427761,5.571354,mfcc,,,0.433489,segment,1,0.422032,,,0.9986034035682678,3,0.6990223824977875,vishing_602_13,,
,,0.000625,6.391719,5.753906,mfcc,,,0.160677,segment,1,0.476511,,,0.9986034035682678,4,0.6990223824977875,vishing_602_13,,
,,0.000573,6.169167,5.534427,mfcc,,,0.190417,segment,1,0.44375,,,0.9986034035682678,5,0.6990223824977875,vishing_602_13,,
,,0.001146,6.478178,5.878593,mfcc,,,0.187709,segment,1,0.41073,,,0.9986034035682678,6,0.6990223824977875,vishing_602_13,,
,,0.000782,6.719011,6.028438,mfcc,,,0.224635,segment,1,0.465156,,,0.9986034035682678,7,0.6990223824977875,vishing_602_13,,
,,0.000625,6.666928,5.961615,mfcc,,,0.210625,segment,1,0.494063,,,0.9986034035682678,8,0.6990223824977875,vishing_602_13,,
,,0.000885,6.3525,5.667708,mfcc,,,0.181667,segment,1,0.50224,,,0.9986034035682678,9,0.6990223824977875,vishing_602_13,,
,,0.001198,13.587448,2.555,mfcc,,,0.179218,segment,0,10.852032,,,0.26216715574264526,0,0.18351700901985168,d02j08s004829_15,,
,,0.000625,2.667968,2.304583,mfcc,,,0.135885,segment,0,0.226875,,,0.26216715574264526,1,0.18351700901985168,d02j08s004829_15,,
,,0.000677,2.62125,2.312917,mfcc,,,0.122917,segment,0,0.184739,,,0.26216715574264526,2,0.18351700901985168,d02j08s004829_15,,
,,0.000521,2.530052,2.233282,mfcc,,,0.112239,segment,0,0.18401,,,0.26216715574264526,3,0.18351700901985168,d02j08s004829_15,,
,,0.000521,2.532032,2.244375,mfcc,,,0.112917,segment,0,0.174219,,,0.26216715574264526,4,0.18351700901985168,d02j08s004829_15,,
,,0.000677,2.560521,2.279896,mfcc,,,0.108073,segment,0,0.171875,,,0.26216715574264526,5,0.18351700901985168,d02j08s004829_15,,
,,0.000469,2.529479,2.241823,mfcc,,,0.110364,segment,0,0.176823,,,0.26216715574264526,6,0.18351700901985168,d02j08s004829_15,,
,,0.000573,2.570208,2.290833,mfcc,,,0.106302,segment,0,0.1725,,,0.26216715574264526,7,0.18351700901985168,d02j08s004829_15,,
,,0.000417,2.518125,2.217031,mfcc,,,0.129427,segment,0,0.17125,,,0.26216715574264526,8,0.18351700901985168,d02j08s004829_15,,
,,0.000469,2.525573,2.239531,mfcc,,,0.11276,segment,0,0.172813,,,0.26216715574264526,9,0.18351700901985168,d02j08s004829_15,,
,,0.000885,8.658958,2.350938,mfcc,,,0.132083,segment,0,6.175052,,,0.18678222596645355,0,0.13074755817651748,d04j18s014737_4,,
,,0.000572,2.626875,2.305833,mfcc,,,0.120157,segment,0,0.200313,,,0.18678222596645355,1,0.13074755817651748,d04j18s014737_4,,
,,0.000521,2.615208,2.31625,mfcc,,,0.118698,segment,0,0.179739,,,0.18678222596645355,2,0.13074755817651748,d04j18s014737_4,,
,,0.000677,2.595052,2.288072,mfcc,,,0.126563,segment,0,0.17974,,,0.18678222596645355,3,0.13074755817651748,d04j18s014737_4,,
,,0.000625,2.636979,2.334687,mfcc,,,0.126458,segment,0,0.175209,,,0.18678222596645355,4,0.13074755817651748,d04j18s014737_4,,
,,0.000469,2.71,2.343334,mfcc,,,0.136927,segment,0,0.22927,,,0.18678222596645355,5,0.13074755817651748,d04j18s014737_4,,
,,0.000521,2.586875,2.271927,mfcc,,,0.139115,segment,0,0.175312,,,0.18678222596645355,6,0.13074755817651748,d04j18s014737_4,,
,,0.000469,2.602187,2.302813,mfcc,,,0.127291,segment,0,0.171614,,,0.18678222596645355,7,0.13074755817651748,d04j18s014737_4,,
,,0.000469,2.60625,2.318542,mfcc,,,0.118489,segment,0,0.16875,,,0.18678222596645355,8,0.13074755817651748,d04j18s014737_4,,
,,0.000521,2.556406,2.267813,mfcc,,,0.120677,segment,0,0.167395,,,0.18678222596645355,9,0.13074755817651748,d04j18s014737_4,,
,,0.000833,7.866719,1.869948,mfcc,,,0.128177,segment,0,5.867761,,,0.25290748476982117,0,0.1770352393388748,d02j12s000857_17,,
,,0.000469,2.13349,1.842135,mfcc,,,0.126302,segment,0,0.164584,,,0.25290748476982117,1,0.1770352393388748,d02j12s000857_17,,
,,0.000521,2.094948,1.819427,mfcc,,,0.118333,segment,0,0.156667,,,0.25290748476982117,2,0.1770352393388748,d02j12s000857_17,,
,,0.000573,2.158334,1.877865,mfcc,,,0.124427,segment,0,0.155469,,,0.25290748476982117,3,0.1770352393388748,d02j12s000857_17,,
,,0.000521,2.146562,1.838073,mfcc,,,0.153125,segment,0,0.154843,,,0.25290748476982117,4,0.1770352393388748,d02j12s000857_17,,
,,0.000416,2.126041,1.848958,mfcc,,,0.122344,segment,0,0.154323,,,0.25290748476982117,5,0.1770352393388748,d02j12s000857_17,,
,,0.000573,2.103281,1.829739,mfcc,,,0.119688,segment,0,0.153281,,,0.25290748476982117,6,0.1770352393388748,d02j12s000857_17,,
,,0.000625,2.143282,1.844271,mfcc,,,0.119792,segment,0,0.178594,,,0.25290748476982117,7,0.1770352393388748,d02j12s000857_17,,
,,0.000521,2.123542,1.860417,mfcc,,,0.110729,segment,0,0.151875,,,0.25290748476982117,8,0.1770352393388748,d02j12s000857_17,,
,,0.000521,2.079375,1.805521,mfcc,,,0.119791,segment,0,0.153542,,,0.25290748476982117,9,0.1770352393388748,d02j12s000857_17,,
,,0.001302,10.857969,4.113698,mfcc,,,0.232709,segment,1,6.51026,,,0.999994158744812,0,0.6999959111213684,vishing_304_129,,
,,0.000677,4.180313,3.701302,mfcc,,,0.133906,segment,1,0.344428,,,0.999994158744812,1,0.6999959111213684,vishing_304_129,,
,,0.000625,4.321042,3.853281,mfcc,,,0.162604,segment,1,0.304532,,,0.999994158744812,2,0.6999959111213684,vishing_304_129,,
,,0.000678,4.316719,3.850469,mfcc,,,0.134218,segment,1,0.331354,,,0.999994158744812,3,0.6999959111213684,vishing_304_129,,
,,0.000625,4.25625,3.724896,mfcc,,,0.232812,segment,1,0.297917,,,0.999994158744812,4,0.6999959111213684,vishing_304_129,,
,,0.000469,4.126667,3.705781,mfcc,,,0.130521,segment,1,0.289896,,,0.999994158744812,5,0.6999959111213684,vishing_304_129,,
,,0.000625,4.163698,3.703594,mfcc,,,0.165885,segment,1,0.293594,,,0.999994158744812,6,0.6999959111213684,vishing_304_129,,
,,0.000781,4.217136,3.78349,mfcc,,,0.147448,segment,1,0.285417,,,0.999994158744812,7,0.6999959111213684,vishing_304_129,,
,,0.000573,4.226875,3.762448,mfcc,,,0.147604,segment,1,0.31625,,,0.999994158744812,8,0.6999959111213684,vishing_304_129,,
,,0.000625,4.254114,3.804322,mfcc,,,0.130625,segment,1,0.318542,,,0.999994158744812,9,0.6999959111213684,vishing_304_129,,
,,0.000938,7.08323,2.009271,mfcc,,,0.132552,segment,1,4.940469,,,0.999994158744812,0,0.6999959111213684,vishing_432_29,,
,,0.000572,2.361458,2.053386,mfcc,,,0.114792,segment,1,0.192708,,,0.999994158744812,1,0.6999959111213684,vishing_432_29,,
,,0.000625,2.205365,1.922448,mfcc,,,0.117031,segment,1,0.165261,,,0.999994158744812,2,0.6999959111213684,vishing_432_29,,
,,0.000573,2.206719,1.941094,mfcc,,,0.108333,segment,1,0.156719,,,0.999994158744812,3,0.6999959111213684,vishing_432_29,,
,,0.000468,2.184322,1.918125,mfcc,,,0.111302,segment,1,0.154427,,,0.999994158744812,4,0.6999959111213684,vishing_432_29,,
,,0.000573,2.19224,1.926771,mfcc,,,0.1075,segment,1,0.157396,,,0.999994158744812,5,0.6999959111213684,vishing_432_29,,
,,0.000469,2.213906,1.943593,mfcc,,,0.111354,segment,1,0.15849,,,0.999994158744812,6,0.6999959111213684,vishing_432_29,,
,,0.000572,2.191562,1.922239,mfcc,,,0.112136,segment,1,0.156615,,,0.999994158744812,7,0.6999959111213684,vishing_432_29,,
,,0.000469,2.303281,2.032135,mfcc,,,0.110833,segment,1,0.159844,,,0.999994158744812,8,0.6999959111213684,vishing_432_29,,
,,0.000625,2.196927,1.922343,mfcc,,,0.11349,segment,1,0.160469,,,0.999994158744812,9,0.6999959111213684,vishing_432_29,,
,,0.000782,11.397292,5.421614,mfcc,,,0.131354,segment,1,5.843542,,,0.9999994039535522,0,0.6999995827674865,vishing_564_32,,
,,0.000625,5.972448,5.432761,mfcc,,,0.145833,segment,1,0.393229,,,0.9999994039535522,1,0.6999995827674865,vishing_564_32,,
,,0.000468,6.018437,5.454583,mfcc,,,0.147761,segment,1,0.415625,,,0.9999994039535522,2,0.6999995827674865,vishing_564_32,,
,,0.000521,6.245989,5.714635,mfcc,,,0.125521,segment,1,0.405312,,,0.9999994039535522,3,0.6999995827674865,vishing_564_32,,
,,0.000573,5.396407,4.89224,mfcc,,,0.14,segment,1,0.363594,,,0.9999994039535522,4,0.6999995827674865,vishing_564_32,,
,,0.000469,5.383334,4.882708,mfcc,,,0.137448,segment,1,0.362709,,,0.9999994039535522,5,0.6999995827674865,vishing_564_32,,
,,0.000521,5.389271,4.902916,mfcc,,,0.131771,segment,1,0.354063,,,0.9999994039535522,6,0.6999995827674865,vishing_564_32,,
,,0.000521,5.474792,4.946666,mfcc,,,0.134323,segment,1,0.393282,,,0.9999994039535522,7,0.6999995827674865,vishing_564_32,,
,,0.000521,5.643802,5.134218,mfcc,,,0.152344,segment,1,0.356719,,,0.9999994039535522,8,0.6999995827674865,vishing_564_32,,
,,0.000521,5.991875,5.455885,mfcc,,,0.148021,segment,1,0.387448,,,0.9999994039535522,9,0.6999995827674865,vishing_564_32,,
,,0.001198,13.315833,6.105364,mfcc,,,0.169323,segment,0,7.039948,,,0.4414536952972412,0,0.30901758670806884,d02j12s005273_1,,
,,0.00099,7.664948,6.88974,mfcc,,,0.222864,segment,0,0.551354,,,0.4414536952972412,1,0.30901758670806884,d02j12s005273_1,,
,,0.000678,7.586771,6.833542,mfcc,,,0.159114,segment,0,0.593437,,,0.4414536952972412,2,0.30901758670806884,d02j12s005273_1,,
,,0.000677,7.161458,6.527708,mfcc,,,0.141875,segment,0,0.491198,,,0.4414536952972412,3,0.30901758670806884,d02j12s005273_1,,
,,0.000573,6.821615,6.155729,mfcc,,,0.160834,segment,0,0.504479,,,0.4414536952972412,4,0.30901758670806884,d02j12s005273_1,,
,,0.000573,6.877969,6.252865,mfcc,,,0.1575,segment,0,0.467031,,,0.4414536952972412,5,0.30901758670806884,d02j12s005273_1,,
,,0.000677,6.454375,5.829635,mfcc,,,0.143438,segment,0,0.480625,,,0.4414536952972412,6,0.30901758670806884,d02j12s005273_1,,
,,0.000625,6.451354,5.885469,mfcc,,,0.144583,segment,0,0.420677,,,0.4414536952972412,7,0.30901758670806884,d02j12s005273_1,,
,,0.000521,6.4625,5.898021,mfcc,,,0.14125,segment,0,0.422708,,,0.4414536952972412,8,0.30901758670806884,d02j12s005273_1,,
,,0.000677,6.441041,5.86948,mfcc,,,0.152916,segment,0,0.417968,,,0.4414536952972412,9,0.30901758670806884,d02j12s005273_1,,
,,0.000781,12.972083,5.126822,mfcc,,,0.166407,segment,0,7.678073,,,0.40126627683639526,0,0.28088639378547664,d02j11s001550_16,,
,,0.000782,5.664427,5.099479,mfcc,,,0.139166,segment,0,0.425,,,0.40126627683639526,1,0.28088639378547664,d02j11s001550_16,,
,,0.000781,5.705208,5.165677,mfcc,,,0.145469,segment,0,0.393281,,,0.40126627683639526,2,0.28088639378547664,d02j11s001550_16,,
,,0.000781,5.712656,5.146302,mfcc,,,0.18474,segment,0,0.380833,,,0.40126627683639526,3,0.28088639378547664,d02j11s001550_16,,
,,0.000573,5.686459,5.138646,mfcc,,,0.136771,segment,0,0.410469,,,0.40126627683639526,4,0.28088639378547664,d02j11s001550_16,,
,,0.000677,5.569115,5.054271,mfcc,,,0.136198,segment,0,0.377969,,,0.40126627683639526,5,0.28088639378547664,d02j11s001550_16,,
,,0.000573,5.72526,5.214063,mfcc,,,0.132083,segment,0,0.378541,,,0.40126627683639526,6,0.28088639378547664,d02j11s001550_16,,
,,0.000625,5.637968,5.111406,mfcc,,,0.139583,segment,0,0.386354,,,0.40126627683639526,7,0.28088639378547664,d02j11s001550_16,,
,,0.000573,5.631563,5.124584,mfcc,,,0.128073,segment,0,0.378333,,,0.40126627683639526,8,0.28088639378547664,d02j11s001550_16,,
,,0.000573,5.627136,5.120313,mfcc,,,0.131979,segment,0,0.374271,,,0.40126627683639526,9,0.28088639378547664,d02j11s001550_16,,
,,0.001094,14.143177,6.404323,mfcc,,,0.144114,segment,1,7.593646,,,0.9999915361404419,0,0.6999940752983093,vishing_368_33,,
,,0.000833,7.104166,6.440208,mfcc,,,0.151354,segment,1,0.511771,,,0.9999915361404419,1,0.6999940752983093,vishing_368_33,,
,,0.000729,6.866823,6.255209,mfcc,,,0.1475,segment,1,0.463385,,,0.9999915361404419,2,0.6999940752983093,vishing_368_33,,
,,0.000625,7.112708,6.52125,mfcc,,,0.14,segment,1,0.450833,,,0.9999915361404419,3,0.6999940752983093,vishing_368_33,,
,,0.000573,6.954844,6.365052,mfcc,,,0.141771,segment,1,0.447448,,,0.9999915361404419,4,0.6999940752983093,vishing_368_33,,
,,0.000729,7.273281,6.667865,mfcc,,,0.141615,segment,1,0.463072,,,0.9999915361404419,5,0.6999940752983093,vishing_368_33,,
,,0.000625,7.111562,6.448334,mfcc,,,0.144635,segment,1,0.517968,,,0.9999915361404419,6,0.6999940752983093,vishing_368_33,,
,,0.000625,7.083959,6.46849,mfcc,,,0.140469,segment,1,0.474375,,,0.9999915361404419,7,0.6999940752983093,vishing_368_33,,
,,0.000521,7.140521,6.534583,mfcc,,,0.14125,segment,1,0.464167,,,0.9999915361404419,8,0.6999940752983093,vishing_368_33,,
,,0.000625,7.034271,6.381614,mfcc,,,0.192292,segment,1,0.45974,,,0.9999915361404419,9,0.6999940752983093,vishing_368_33,,
,,0.002448,9.373594,4.35,mfcc,,,0.136615,segment,0,4.884531,,,0.4455646276473999,0,0.3118952393531799,d02j11s001550_2,,
,,0.000573,4.676407,4.168907,mfcc,,,0.133229,segment,0,0.373698,,,0.4455646276473999,1,0.3118952393531799,d02j11s001550_2,,
,,0.000469,4.654896,4.189167,mfcc,,,0.133698,segment,0,0.331562,,,0.4455646276473999,2,0.3118952393531799,d02j11s001550_2,,
,,0.000625,4.560833,4.110937,mfcc,,,0.129479,segment,0,0.319792,,,0.4455646276473999,3,0.3118952393531799,d02j11s001550_2,,
,,0.000521,4.653177,4.212604,mfcc,,,0.11776,segment,0,0.322292,,,0.4455646276473999,4,0.3118952393531799,d02j11s001550_2,,
,,0.000729,4.635156,4.194687,mfcc,,,0.124271,segment,0,0.315469,,,0.4455646276473999,5,0.3118952393531799,d02j11s001550_2,,
,,0.000573,4.620938,4.166562,mfcc,,,0.131042,segment,0,0.322761,,,0.4455646276473999,6,0.3118952393531799,d02j11s001550_2,,
,,0.000469,4.586615,4.135886,mfcc,,,0.130833,segment,0,0.319427,,,0.4455646276473999,7,0.3118952393531799,d02j11s001550_2,,
,,0.000521,4.694167,4.20927,mfcc,,,0.166459,segment,0,0.317917,,,0.4455646276473999,8,0.3118952393531799,d02j11s001550_2,,
,,0.000573,4.772552,4.309062,mfcc,,,0.130104,segment,0,0.332813,,,0.4455646276473999,9,0.3118952393531799,d02j11s001550_2,,
,,0.00099,15.529375,5.605521,mfcc,,,0.153385,segment,0,9.769479,,,0.506348729133606,0,0.35444411039352414,d04j18s013482_13,,
,,0.000833,6.401666,5.769115,mfcc,,,0.166458,segment,0,0.46526,,,0.506348729133606,1,0.35444411039352414,d04j18s013482_13,,
,,0.000885,6.487396,5.818958,mfcc,,,0.218334,segment,0,0.449219,,,0.506348729133606,2,0.35444411039352414,d04j18s013482_13,,
,,0.000468,6.612343,6.011094,mfcc,,,0.144375,segment,0,0.456406,,,0.506348729133606,3,0.35444411039352414,d04j18s013482_13,,
,,0.000625,6.427552,5.855937,mfcc,,,0.140261,segment,0,0.430729,,,0.506348729133606,4,0.35444411039352414,d04j18s013482_13,,
,,0.000573,6.410052,5.838125,mfcc,,,0.138646,segment,0,0.432708,,,0.506348729133606,5,0.35444411039352414,d04j18s013482_13,,
,,0.000625,6.505521,5.840469,mfcc,,,0.141823,segment,0,0.522604,,,0.506348729133606,6,0.35444411039352414,d04j18s013482_13,,
,,0.000625,6.405364,5.835781,mfcc,,,0.14026,segment,0,0.428698,,,0.506348729133606,7,0.35444411039352414,d04j18s013482_13,,
,,0.000573,6.495,5.923854,mfcc,,,0.14474,segment,0,0.425833,,,0.506348729133606,8,0.35444411039352414,d04j18s013482_13,,
,,0.000573,6.396875,5.830105,mfcc,,,0.139166,segment,0,0.427031,,,0.506348729133606,9,0.35444411039352414,d04j18s013482_13,,
,,0.001459,12.025469,3.857292,mfcc,,,0.244062,segment,1,7.922656,,,0.9999961853027344,0,0.699997329711914,vishing_597_16,,
,,0.000677,4.070938,3.521719,mfcc,,,0.159479,segment,1,0.389063,,,0.9999961853027344,1,0.699997329711914,vishing_597_16,,
,,0.000677,4.013229,3.547916,mfcc,,,0.139063,segment,1,0.325573,,,0.9999961853027344,2,0.699997329711914,vishing_597_16,,
,,0.000521,3.930417,3.499323,mfcc,,,0.133489,segment,1,0.297084,,,0.9999961853027344,3,0.699997329711914,vishing_597_16,,
,,0.000625,4.032396,3.619115,mfcc,,,0.133333,segment,1,0.279323,,,0.9999961853027344,4,0.699997329711914,vishing_597_16,,
,,0.000521,4.015521,3.613125,mfcc,,,0.122968,segment,1,0.278907,,,0.9999961853027344,5,0.699997329711914,vishing_597_16,,
,,0.000573,4.016094,3.598542,mfcc,,,0.128177,segment,1,0.288802,,,0.9999961853027344,6,0.699997329711914,vishing_597_16,,
,,0.000677,3.910521,3.501302,mfcc,,,0.13151,segment,1,0.277032,,,0.9999961853027344,7,0.699997329711914,vishing_597_16,,
,,0.000573,3.852552,3.453386,mfcc,,,0.12776,segment,1,0.270833,,,0.9999961853027344,8,0.699997329711914,vishing_597_16,,
,,0.000468,3.882343,3.486146,mfcc,,,0.122865,segment,1,0.272864,,,0.9999961853027344,9,0.699997329711914,vishing_597_16,,
,,0.00151,9.988333,2.475209,mfcc,,,0.138437,segment,0,7.373177,,,0.24802857637405396,0,0.17362000346183776,d02j10s005177_33,,
,,0.000625,2.760833,2.408282,mfcc,,,0.139739,segment,0,0.212187,,,0.24802857637405396,1,0.17362000346183776,d02j10s005177_33,,
,,0.000573,2.701406,2.375364,mfcc,,,0.1325,segment,0,0.192969,,,0.24802857637405396,2,0.17362000346183776,d02j10s005177_33,,
,,0.000521,2.842865,2.494063,mfcc,,,0.161979,segment,0,0.186302,,,0.24802857637405396,3,0.17362000346183776,d02j10s005177_33,,
,,0.000573,2.797239,2.476094,mfcc,,,0.13625,segment,0,0.184322,,,0.24802857637405396,4,0.17362000346183776,d02j10s005177_33,,
,,0.000469,2.859531,2.547552,mfcc,,,0.125781,segment,0,0.185729,,,0.24802857637405396,5,0.17362000346183776,d02j10s005177_33,,
,,0.000521,2.782552,2.48724,mfcc,,,0.120781,segment,0,0.17401,,,0.24802857637405396,6,0.17362000346183776,d02j10s005177_33,,
,,0.000573,2.734687,2.433073,mfcc,,,0.127864,segment,0,0.173177,,,0.24802857637405396,7,0.17362000346183776,d02j10s005177_33,,
,,0.000573,2.748646,2.452083,mfcc,,,0.121719,segment,0,0.174271,,,0.24802857637405396,8,0.17362000346183776,d02j10s005177_33,,
,,0.000625,2.728958,2.439219,mfcc,,,0.117135,segment,0,0.171979,,,0.24802857637405396,9,0.17362000346183776,d02j10s005177_33,,
,,0.00125,7.295782,3.231667,mfcc,,,0.130521,segment,1,3.932344,,,0.9999995231628418,0,0.6999996662139892,vishing_601_10,,
,,0.000677,3.395521,3.033021,mfcc,,,0.132657,segment,1,0.229166,,,0.9999995231628418,1,0.6999996662139892,vishing_601_10,,
,,0.000625,3.439688,3.067709,mfcc,,,0.172708,segment,1,0.198646,,,0.9999995231628418,2,0.6999996662139892,vishing_601_10,,
,,0.00052,3.405677,3.073906,mfcc,,,0.131928,segment,1,0.199323,,,0.9999995231628418,3,0.6999996662139892,vishing_601_10,,
,,0.000521,3.480886,3.148854,mfcc,,,0.125833,segment,1,0.205678,,,0.9999995231628418,4,0.6999996662139892,vishing_601_10,,
,,0.000625,3.38625,3.069115,mfcc,,,0.123854,segment,1,0.192656,,,0.9999995231628418,5,0.6999996662139892,vishing_601_10,,
,,0.000468,3.367395,3.055,mfcc,,,0.1225,segment,1,0.189427,,,0.9999995231628418,6,0.6999996662139892,vishing_601_10,,
,,0.000468,3.529271,3.215729,mfcc,,,0.12224,segment,1,0.190834,,,0.9999995231628418,7,0.6999996662139892,vishing_601_10,,
,,0.000625,3.404375,3.08099,mfcc,,,0.128385,segment,1,0.194375,,,0.9999995231628418,8,0.6999996662139892,vishing_601_10,,
,,0.000469,3.474219,3.058021,mfcc,,,0.129062,segment,1,0.286667,,,0.9999995231628418,9,0.6999996662139892,vishing_601_10,,
,,0.0025,8.379739,1.919531,mfcc,,,0.263281,segment,1,6.194427,,,0.9957922697067261,0,0.6970545887947082,vishing_597_100,,
,,0.000677,2.037917,1.646927,mfcc,,,0.142188,segment,1,0.248125,,,0.9957922697067261,1,0.6970545887947082,vishing_597_100,,
,,0.000521,1.908125,1.608802,mfcc,,,0.134063,segment,1,0.164739,,,0.9957922697067261,2,0.6970545887947082,vishing_597_100,,
,,0.000573,1.980104,1.688646,mfcc,,,0.137187,segment,1,0.153698,,,0.9957922697067261,3,0.6970545887947082,vishing_597_100,,
,,0.000573,1.937031,1.641406,mfcc,,,0.135573,segment,1,0.159479,,,0.9957922697067261,4,0.6970545887947082,vishing_597_100,,
,,0.000521,1.935208,1.640208,mfcc,,,0.137344,segment,1,0.157135,,,0.9957922697067261,5,0.6970545887947082,vishing_597_100,,
,,0.000573,1.899375,1.62073,mfcc,,,0.125989,segment,1,0.152083,,,0.9957922697067261,6,0.6970545887947082,vishing_597_100,,
,,0.000469,1.939271,1.645677,mfcc,,,0.140937,segment,1,0.152188,,,0.9957922697067261,7,0.6970545887947082,vishing_597_100,,
,,0.000625,1.885469,1.610104,mfcc,,,0.124532,segment,1,0.150208,,,0.9957922697067261,8,0.6970545887947082,vishing_597_100,,
,,0.000521,1.950052,1.666354,mfcc,,,0.12875,segment,1,0.154427,,,0.9957922697067261,9,0.6970545887947082,vishing_597_100,,
,,0.004427,18.125,7.14724,mfcc,,,2.17401,segment,1,8.799323,,,0.9999994039535522,0,0.6999995827674865,vishing_558_3,,
,,0.004687,16.71401,13.440938,mfcc,,,1.721927,segment,1,1.546458,,,0.9999994039535522,1,0.6999995827674865,vishing_558_3,,
,,0.002292,14.219792,11.651511,mfcc,,,1.429739,segment,1,1.13625,,,0.9999994039535522,2,0.6999995827674865,vishing_558_3,,
,,0.001146,8.712396,7.792084,mfcc,,,0.19401,segment,1,0.725156,,,0.9999994039535522,3,0.6999995827674865,vishing_558_3,,
,,0.000834,7.540209,6.773072,mfcc,,,0.1625,segment,1,0.603803,,,0.9999994039535522,4,0.6999995827674865,vishing_558_3,,
,,0.001198,7.40776,6.719479,mfcc,,,0.170885,segment,1,0.516198,,,0.9999994039535522,5,0.6999995827674865,vishing_558_3,,
,,0.000833,7.751354,7.040521,mfcc,,,0.161927,segment,1,0.548073,,,0.9999994039535522,6,0.6999995827674865,vishing_558_3,,
,,0.001927,7.188958,6.542813,mfcc,,,0.139583,segment,1,0.504635,,,0.9999994039535522,7,0.6999995827674865,vishing_558_3,,
,,0.000625,6.971302,6.373542,mfcc,,,0.13151,segment,1,0.465625,,,0.9999994039535522,8,0.6999995827674865,vishing_558_3,,
,,0.000729,7.111198,6.508907,mfcc,,,0.147864,segment,1,0.453698,,,0.9999994039535522,9,0.6999995827674865,vishing_558_3,,
0.3,vishing_257,,,,mfcc,0.9999176887248897,7.1025,,call,1,,8,7.093802,,,,,0.3,36.335
0.3,vishing_44,,,,mfcc,0.9996525623152821,6.290886,,call,1,,8,12.88875,,,,,0.3,48.15599
0.3,vishing_304,,,,mfcc,0.9999970079470263,2.940572,,call,1,,353,14.138854,,,,,0.3,1683.74703
0.3,vishing_617,,,,mfcc,0.9999979824112497,18.00474,,call,1,,357,10.794531,,,,,0.3,1666.079843
0.3,vishing_366,,,,mfcc,0.9999915883373172,17.282083,,call,1,,66,11.454374,,,,,0.3,351.529427
0.3,vishing_552,,,,mfcc,0.9980070970015569,5.334635,,call,1,,50,8.542552,,,,,0.3,232.558906
0.3,vishing_457,,,,mfcc,0.9975644514334201,8.539063,,call,1,,5,7.900052,,,,,0.3,32.384063
0.3,vishing_234,,,,mfcc,0.9953907650936245,7.529688,,call,1,,7,7.847135,,,,,0.3,47.187708
0.3,vishing_168,,,,mfcc,0.9997811493899107,6.489791,,call,1,,7,9.366927,,,,,0.3,47.250156
0.3,vishing_479,,,,mfcc,0.7964670007792234,8.140573,,call,1,,7,7.898542,,,,,0.3,43.615938
0.3,vishing_228,,,,mfcc,0.9918988001227378,6.519948,,call,1,,4,6.271823,,,,,0.3,21.118594
0.3,vishing_248,,,,mfcc,0.9999766450363488,7.891406,,call,1,,11,7.715781,,,,,0.3,42.037031
0.3,vishing_445,,,,mfcc,0.9317327494412506,6.554427,,call,1,,28,10.656927,,,,,0.3,181.230313
0.3,vishing_178,,,,mfcc,0.9999981480978425,7.461875,,call,1,,22,6.848541,,,,,0.3,66.126042
0.3,vishing_679,,,,mfcc,0.9927109642773164,6.665156,,call,1,,11,7.87849,,,,,0.3,66.272708
0.3,vishing_601,,,,mfcc,0.9999977082575986,8.041718,,call,1,,34,7.703489,,,,,0.3,126.559166
0.3,vishing_211,,,,mfcc,0.9997797913122652,7.434792,,call,1,,7,9.680208,,,,,0.3,45.745364
0.3,vishing_453,,,,mfcc,0.9992557417932242,3.680729,,call,1,,108,7.15401,,,,,0.3,357.129635
0.3,vishing_432,,,,mfcc,0.9999923588342922,5.022604,,call,1,,30,10.54474,,,,,0.3,105.56151
0.3,vishing_88,,,,mfcc,0.9948726191602735,5.142552,,call,1,,18,8.512135,,,,,0.3,74.373334
0.3,vishing_255,,,,mfcc,0.9665096010380283,5.400729,,call,1,,10,7.377865,,,,,0.3,29.768698
0.3,vishing_434,,,,mfcc,0.9986720354382574,8.903125,,call,1,,7,8.729532,,,,,0.3,37.416979
0.3,vishing_208,,,,mfcc,0.9999457665543305,7.121354,,call,1,,11,7.613906,,,,,0.3,49.133333
0.3,vishing_615,,,,mfcc,0.9999953587392516,1.789219,,call,1,,29,13.875417,,,,,0.3,109.305052
0.3,vishing_393,,,,mfcc,0.9946308000945823,2.329114,,call,1,,26,8.662136,,,,,0.3,104.214479
0.3,vishing_375,,,,mfcc,0.999424054817112,11.607865,,call,1,,33,12.207916,,,,,0.3,172.929532
0.3,vishing_542,,,,mfcc,0.6256477199792861,9.326927,,call,1,,3,8.105365,,,,,0.3,17.402083
0.3,vishing_112,,,,mfcc,0.9999812032136651,6.295937,,call,1,,12,10.889583,,,,,0.3,80.3325
0.3,vishing_602,,,,mfcc,0.9999656969597952,4.464323,,call,1,,41,12.970781,,,,,0.3,179.311719
0.3,vishing_118,,,,mfcc,0.9638952518286532,8.757396,,call,1,,15,8.454271,,,,,0.3,65.466614
0.3,vishing_82,,,,mfcc,0.9991517930518388,2.617604,,call,1,,6,7.102343,,,,,0.3,20.556198
0.3,vishing_217,,,,mfcc,0.9999994407419939,4.914323,,call,1,,12,8.288854,,,,,0.3,71.962761
0.3,vishing_226,,,,mfcc,0.9997581544722138,8.828281,,call,1,,7,8.68875,,,,,0.3,50.208698
0.3,vishing_417,,,,mfcc,0.9999996912936178,10.319531,,call,1,,17,11.705729,,,,,0.3,115.211823
0.3,vishing_520,,,,mfcc,0.9999894837477217,9.442136,,call,1,,90,11.583906,,,,,0.3,459.349479
0.3,vishing_338,,,,mfcc,0.9999876110218775,5.923125,,call,1,,38,8.661927,,,,,0.3,228.172135
0.3,vishing_575,,,,mfcc,0.9999928964880237,3.799896,,call,1,,40,8.947083,,,,,0.3,227.798698
0.3,vishing_600,,,,mfcc,0.909977068901062,9.720365,,call,1,,2,7.941198,,,,,0.3,13.735052
0.3,vishing_446,,,,mfcc,0.9974503086762975,1.562031,,call,1,,17,9.205625,,,,,0.3,55.939375
0.3,vishing_444,,,,mfcc,0.999978018877841,5.611927,,call,1,,9,11.262604,,,,,0.3,52.978281
0.3,vishing_597,,,,mfcc,0.9998812254132181,7.502135,,call,1,,104,12.952968,,,,,0.3,572.680729
0.3,vishing_368,,,,mfcc,0.9998240240471186,8.129115,,call,1,,222,13.555052,,,,,0.3,1122.298125
0.3,vishing_360,,,,mfcc,0.9999999678496225,12.727604,,call,1,,31,12.357552,,,,,0.3,199.018854
0.3,vishing_173,,,,mfcc,0.9950146842089487,10.042604,,call,1,,14,8.628333,,,,,0.3,53.824948
0.3,vishing_671,,,,mfcc,0.9729952527284621,6.502865,,call,1,,3,7.400833,,,,,0.3,20.367552
0.3,vishing_53,,,,mfcc,0.9098735618591308,7.959688,,call,1,,2,13.95151,,,,,0.3,21.919688
0.3,vishing_653,,,,mfcc,0.9999613442730391,6.464427,,call,1,,131,13.63875,,,,,0.3,667.418281
0.3,vishing_242,,,,mfcc,0.9997437692058861,11.585885,,call,1,,7,9.177448,,,,,0.3,43.922812
0.3,vishing_86,,,,mfcc,0.996016446852684,7.743958,,call,1,,5,10.508906,,,,,0.3,40.85724
0.3,vishing_192,,,,mfcc,0.9997115637406824,5.33573,,call,1,,7,8.80224,,,,,0.3,44.397136
,,0.001406,0.935,0.013334,egemaps,,,0.616458,segment,0,0.303802,,,0.007897627539932728,0,0.005528339277952909,d02j12s000857_29,,
,,0.000468,0.840416,0.008177,egemaps,,,0.634219,segment,0,0.197552,,,0.007897627539932728,1,0.005528339277952909,d02j12s000857_29,,
,,0.00052,0.205468,0.006667,egemaps,,,0.051042,segment,0,0.147239,,,0.007897627539932728,2,0.005528339277952909,d02j12s000857_29,,
,,0.000416,0.173437,0.005677,egemaps,,,0.041823,segment,0,0.125521,,,0.007897627539932728,3,0.005528339277952909,d02j12s000857_29,,
,,0.000365,0.160886,0.005625,egemaps,,,0.038229,segment,0,0.116667,,,0.007897627539932728,4,0.005528339277952909,d02j12s000857_29,,
,,0.000261,0.155521,0.005,egemaps,,,0.037031,segment,0,0.113229,,,0.007897627539932728,5,0.005528339277952909,d02j12s000857_29,,
,,0.000312,0.154479,0.005,egemaps,,,0.036615,segment,0,0.112552,,,0.007897627539932728,6,0.005528339277952909,d02j12s000857_29,,
,,0.000313,0.149219,0.005156,egemaps,,,0.035156,segment,0,0.108594,,,0.007897627539932728,7,0.005528339277952909,d02j12s000857_29,,
,,0.000313,0.147188,0.004948,egemaps,,,0.03526,segment,0,0.106667,,,0.007897627539932728,8,0.005528339277952909,d02j12s000857_29,,
,,0.000312,0.1475,0.004948,egemaps,,,0.035209,segment,0,0.107031,,,0.007897627539932728,9,0.005528339277952909,d02j12s000857_29,,
,,0.000365,0.542552,0.00651,egemaps,,,0.053125,segment,1,0.482552,,,1.0,0,0.7,vishing_366_52,,
,,0.000313,0.506458,0.005781,egemaps,,,0.045625,segment,1,0.454739,,,1.0,1,0.7,vishing_366_52,,
,,0.000364,0.439271,0.005209,egemaps,,,0.044375,segment,1,0.389323,,,1.0,2,0.7,vishing_366_52,,
,,0.000313,0.464792,0.005469,egemaps,,,0.046614,segment,1,0.412396,,,1.0,3,0.7,vishing_366_52,,
,,0.000365,0.430573,0.005416,egemaps,,,0.043802,segment,1,0.38099,,,1.0,4,0.7,vishing_366_52,,
,,0.000416,0.44151,0.005312,egemaps,,,0.043282,segment,1,0.3925,,,1.0,5,0.7,vishing_366_52,,
,,0.000261,0.455938,0.005417,egemaps,,,0.042187,segment,1,0.408073,,,1.0,6,0.7,vishing_366_52,,
,,0.000365,0.439583,0.005261,egemaps,,,0.043541,segment,1,0.390416,,,1.0,7,0.7,vishing_366_52,,
,,0.000313,0.443281,0.005416,egemaps,,,0.043125,segment,1,0.394427,,,1.0,8,0.7,vishing_366_52,,
,,0.000365,0.448021,0.005364,egemaps,,,0.044531,segment,1,0.397761,,,1.0,9,0.7,vishing_366_52,,
,,0.000365,0.412344,0.006927,egemaps,,,0.046198,segment,0,0.358854,,,0.001933300169184804,0,0.0013533101184293626,d01j020s006622_3,,
,,0.000312,0.349427,0.005261,egemaps,,,0.04125,segment,0,0.302604,,,0.001933300169184804,1,0.0013533101184293626,d01j020s006622_3,,
,,0.000364,0.316667,0.005313,egemaps,,,0.040625,segment,0,0.270365,,,0.001933300169184804,2,0.0013533101184293626,d01j020s006622_3,,
,,0.000364,0.318385,0.005469,egemaps,,,0.04224,segment,0,0.270312,,,0.001933300169184804,3,0.0013533101184293626,d01j020s006622_3,,
,,0.000729,0.312448,0.005208,egemaps,,,0.040417,segment,0,0.266094,,,0.001933300169184804,4,0.0013533101184293626,d01j020s006622_3,,
,,0.000364,0.316198,0.005157,egemaps,,,0.041302,segment,0,0.269375,,,0.001933300169184804,5,0.0013533101184293626,d01j020s006622_3,,
,,0.000364,0.312031,0.005417,egemaps,,,0.039479,segment,0,0.266771,,,0.001933300169184804,6,0.0013533101184293626,d01j020s006622_3,,
,,0.000364,0.312239,0.005104,egemaps,,,0.040261,segment,0,0.26651,,,0.001933300169184804,7,0.0013533101184293626,d01j020s006622_3,,
,,0.000312,0.309635,0.005,egemaps,,,0.039688,segment,0,0.264635,,,0.001933300169184804,8,0.0013533101184293626,d01j020s006622_3,,
,,0.00026,0.318333,0.005261,egemaps,,,0.044375,segment,0,0.268437,,,0.001933300169184804,9,0.0013533101184293626,d01j020s006622_3,,
,,0.000938,0.638177,0.010625,egemaps,,,0.049218,segment,0,0.577396,,,0.009204394184052944,0,0.006443075928837061,d04j18s014737_2,,
,,0.000364,0.60526,0.00599,egemaps,,,0.04599,segment,0,0.552916,,,0.009204394184052944,1,0.006443075928837061,d04j18s014737_2,,
,,0.000364,0.537239,0.005468,egemaps,,,0.053855,segment,0,0.477552,,,0.009204394184052944,2,0.006443075928837061,d04j18s014737_2,,
,,0.000364,0.481927,0.005365,egemaps,,,0.043802,segment,0,0.432396,,,0.009204394184052944,3,0.006443075928837061,d04j18s014737_2,,
,,0.00026,0.460937,0.00526,egemaps,,,0.043125,segment,0,0.412292,,,0.009204394184052944,4,0.006443075928837061,d04j18s014737_2,,
,,0.000365,0.462188,0.005469,egemaps,,,0.042135,segment,0,0.414219,,,0.009204394184052944,5,0.006443075928837061,d04j18s014737_2,,
,,0.000313,0.463594,0.005157,egemaps,,,0.042239,segment,0,0.415885,,,0.009204394184052944,6,0.006443075928837061,d04j18s014737_2,,
,,0.000313,0.459688,0.005208,egemaps,,,0.041927,segment,0,0.41224,,,0.009204394184052944,7,0.006443075928837061,d04j18s014737_2,,
,,0.000417,0.47474,0.005312,egemaps,,,0.05349,segment,0,0.415521,,,0.009204394184052944,8,0.006443075928837061,d04j18s014737_2,,
,,0.000312,0.48526,0.005156,egemaps,,,0.041459,segment,0,0.438333,,,0.009204394184052944,9,0.006443075928837061,d04j18s014737_2,,
,,0.000365,0.376771,0.006407,egemaps,,,0.043385,segment,1,0.326614,,,1.0,0,0.7,vishing_304_49,,
,,0.000364,0.371979,0.005625,egemaps,,,0.041563,segment,1,0.324427,,,1.0,1,0.7,vishing_304_49,,
,,0.000364,0.316666,0.005104,egemaps,,,0.039219,segment,1,0.271979,,,1.0,2,0.7,vishing_304_49,,
,,0.000365,0.316667,0.005104,egemaps,,,0.040156,segment,1,0.271042,,,1.0,3,0.7,vishing_304_49,,
,,0.000365,0.313698,0.005104,egemaps,,,0.038438,segment,1,0.269791,,,1.0,4,0.7,vishing_304_49,,
,,0.000417,0.311042,0.005,egemaps,,,0.038281,segment,1,0.267344,,,1.0,5,0.7,vishing_304_49,,
,,0.000365,0.311354,0.005105,egemaps,,,0.039062,segment,1,0.266822,,,1.0,6,0.7,vishing_304_49,,
,,0.000416,0.312448,0.005157,egemaps,,,0.038802,segment,1,0.268073,,,1.0,7,0.7,vishing_304_49,,
,,0.000312,0.310937,0.005261,egemaps,,,0.038802,segment,1,0.266562,,,1.0,8,0.7,vishing_304_49,,
,,0.000313,0.311094,0.005104,egemaps,,,0.03901,segment,1,0.266667,,,1.0,9,0.7,vishing_304_49,,
,,0.000364,0.533125,0.00651,egemaps,,,0.077084,segment,0,0.449167,,,0.007334965281188488,0,0.005134475696831941,d02j12s000074_6,,
,,0.000364,0.531198,0.005417,egemaps,,,0.073073,segment,0,0.452344,,,0.007334965281188488,1,0.005134475696831941,d02j12s000074_6,,
,,0.000365,0.414011,0.005156,egemaps,,,0.042448,segment,0,0.366042,,,0.007334965281188488,2,0.005134475696831941,d02j12s000074_6,,
,,0.000312,0.403802,0.005417,egemaps,,,0.041198,segment,0,0.356875,,,0.007334965281188488,3,0.005134475696831941,d02j12s000074_6,,
,,0.000364,0.400208,0.005312,egemaps,,,0.040261,segment,0,0.354271,,,0.007334965281188488,4,0.005134475696831941,d02j12s000074_6,,
,,0.000365,0.40349,0.00526,egemaps,,,0.041094,segment,0,0.356771,,,0.007334965281188488,5,0.005134475696831941,d02j12s000074_6,,
,,0.000365,0.402136,0.005208,egemaps,,,0.04099,segment,0,0.355573,,,0.007334965281188488,6,0.005134475696831941,d02j12s000074_6,,
,,0.000313,0.403125,0.005729,egemaps,,,0.040208,segment,0,0.356875,,,0.007334965281188488,7,0.005134475696831941,d02j12s000074_6,,
,,0.000313,0.401563,0.005156,egemaps,,,0.040729,segment,0,0.355365,,,0.007334965281188488,8,0.005134475696831941,d02j12s000074_6,,
,,0.000365,0.399115,0.005052,egemaps,,,0.040052,segment,0,0.353646,,,0.007334965281188488,9,0.005134475696831941,d02j12s000074_6,,
,,0.000313,0.267136,0.009063,egemaps,,,0.041614,segment,1,0.216146,,,0.9999992847442627,0,0.6999994993209838,vishing_653_85,,
,,0.000261,0.185781,0.005052,egemaps,,,0.03677,segment,1,0.143698,,,0.9999992847442627,1,0.6999994993209838,vishing_653_85,,
,,0.00026,0.195052,0.005157,egemaps,,,0.03625,segment,1,0.153385,,,0.9999992847442627,2,0.6999994993209838,vishing_653_85,,
,,0.000261,0.177709,0.004948,egemaps,,,0.035677,segment,1,0.136823,,,0.9999992847442627,3,0.6999994993209838,vishing_653_85,,
,,0.000313,0.174428,0.004948,egemaps,,,0.035833,segment,1,0.133334,,,0.9999992847442627,4,0.6999994993209838,vishing_653_85,,
,,0.000365,0.176875,0.005052,egemaps,,,0.035677,segment,1,0.135781,,,0.9999992847442627,5,0.6999994993209838,vishing_653_85,,
,,0.000365,0.17474,0.005053,egemaps,,,0.035364,segment,1,0.133958,,,0.9999992847442627,6,0.6999994993209838,vishing_653_85,,
,,0.000312,0.175,0.004896,egemaps,,,0.035417,segment,1,0.134375,,,0.9999992847442627,7,0.6999994993209838,vishing_653_85,,
,,0.000312,0.172968,0.004948,egemaps,,,0.035156,segment,1,0.132552,,,0.9999992847442627,8,0.6999994993209838,vishing_653_85,,
,,0.000313,0.171979,0.005,egemaps,,,0.034739,segment,1,0.131927,,,0.9999992847442627,9,0.6999994993209838,vishing_653_85,,
,,0.00026,0.383333,0.006563,egemaps,,,0.04375,segment,0,0.33276,,,0.013470297679305077,0,0.009429208375513552,d01j04s006795_22,,
,,0.000417,0.44,0.00526,egemaps,,,0.110417,segment,0,0.323906,,,0.013470297679305077,1,0.009429208375513552,d01j04s006795_22,,
,,0.000313,0.329896,0.005156,egemaps,,,0.038854,segment,0,0.285573,,,0.013470297679305077,2,0.009429208375513552,d01j04s006795_22,,
,,0.000364,0.326562,0.005261,egemaps,,,0.03875,segment,0,0.282187,,,0.013470297679305077,3,0.009429208375513552,d01j04s006795_22,,
,,0.000364,0.324219,0.005156,egemaps,,,0.037969,segment,0,0.28073,,,0.013470297679305077,4,0.009429208375513552,d01j04s006795_22,,
,,0.000625,0.341458,0.006198,egemaps,,,0.044948,segment,0,0.289687,,,0.013470297679305077,5,0.009429208375513552,d01j04s006795_22,,
,,0.000469,0.406302,0.029791,egemaps,,,0.0425,segment,0,0.333542,,,0.013470297679305077,6,0.009429208375513552,d01j04s006795_22,,
,,0.000417,0.328438,0.005156,egemaps,,,0.039844,segment,0,0.283021,,,0.013470297679305077,7,0.009429208375513552,d01j04s006795_22,,
,,0.000313,0.322969,0.005208,egemaps,,,0.039323,segment,0,0.278125,,,0.013470297679305077,8,0.009429208375513552,d01j04s006795_22,,
,,0.000312,0.323281,0.005052,egemaps,,,0.03974,segment,0,0.278177,,,0.013470297679305077,9,0.009429208375513552,d01j04s006795_22,,
,,0.000312,0.412656,0.00625,egemaps,,,0.042448,segment,1,0.363646,,,1.0,0,0.7,vishing_617_334,,
,,0.000416,0.822395,0.005052,egemaps,,,0.486354,segment,1,0.330573,,,1.0,1,0.7,vishing_617_334,,
,,0.000365,0.398177,0.005365,egemaps,,,0.085885,segment,1,0.306562,,,1.0,2,0.7,vishing_617_334,,
,,0.000365,0.351771,0.005209,egemaps,,,0.040937,segment,1,0.30526,,,1.0,3,0.7,vishing_617_334,,
,,0.000365,0.404583,0.005261,egemaps,,,0.097447,segment,1,0.30151,,,1.0,4,0.7,vishing_617_334,,
,,0.000417,0.346146,0.005157,egemaps,,,0.04026,segment,1,0.300312,,,1.0,5,0.7,vishing_617_334,,
,,0.000312,0.359271,0.005313,egemaps,,,0.040521,segment,1,0.313125,,,1.0,6,0.7,vishing_617_334,,
,,0.000313,0.346146,0.005156,egemaps,,,0.039739,segment,1,0.300938,,,1.0,7,0.7,vishing_617_334,,
,,0.000364,0.346718,0.005052,egemaps,,,0.039844,segment,1,0.301458,,,1.0,8,0.7,vishing_617_334,,
,,0.000364,0.344583,0.00526,egemaps,,,0.039271,segment,1,0.299688,,,1.0,9,0.7,vishing_617_334,,
,,0.000416,0.680312,0.006979,egemaps,,,0.083386,segment,0,0.589531,,,0.005989294033497572,0,0.0041925058234483,d01j021s007425_1,,
,,0.000417,0.684115,0.005417,egemaps,,,0.128333,segment,0,0.549948,,,0.005989294033497572,1,0.0041925058234483,d01j021s007425_1,,
,,0.000364,0.552448,0.005677,egemaps,,,0.070313,segment,0,0.476094,,,0.005989294033497572,2,0.0041925058234483,d01j021s007425_1,,
,,0.000417,0.545105,0.005729,egemaps,,,0.065104,segment,0,0.473855,,,0.005989294033497572,3,0.0041925058234483,d01j021s007425_1,,
,,0.000364,0.550833,0.005886,egemaps,,,0.066875,segment,0,0.477708,,,0.005989294033497572,4,0.0041925058234483,d01j021s007425_1,,
,,0.000364,0.558541,0.005729,egemaps,,,0.063594,segment,0,0.488854,,,0.005989294033497572,5,0.0041925058234483,d01j021s007425_1,,
,,0.000417,0.543542,0.005677,egemaps,,,0.063021,segment,0,0.474427,,,0.005989294033497572,6,0.0041925058234483,d01j021s007425_1,,
,,0.000364,0.557083,0.005729,egemaps,,,0.067865,segment,0,0.483125,,,0.005989294033497572,7,0.0041925058234483,d01j021s007425_1,,
,,0.000365,0.536979,0.005833,egemaps,,,0.061979,segment,0,0.468802,,,0.005989294033497572,8,0.0041925058234483,d01j021s007425_1,,
,,0.000417,0.54276,0.005573,egemaps,,,0.06302,segment,0,0.47375,,,0.005989294033497572,9,0.0041925058234483,d01j021s007425_1,,
,,0.000365,0.210834,0.008386,egemaps,,,0.04151,segment,1,0.160573,,,0.9999895095825195,0,0.6999926567077637,vishing_453_5,,
,,0.000364,0.145208,0.005052,egemaps,,,0.036771,segment,1,0.103021,,,0.9999895095825195,1,0.6999926567077637,vishing_453_5,,
,,0.000312,0.139062,0.005053,egemaps,,,0.034635,segment,1,0.099062,,,0.9999895095825195,2,0.6999926567077637,vishing_453_5,,
,,0.000312,0.155781,0.004896,egemaps,,,0.053229,segment,1,0.097344,,,0.9999895095825195,3,0.6999926567077637,vishing_453_5,,
,,0.000365,0.139219,0.004948,egemaps,,,0.035052,segment,1,0.098854,,,0.9999895095825195,4,0.6999926567077637,vishing_453_5,,
,,0.000312,0.135416,0.004896,egemaps,,,0.033802,segment,1,0.096406,,,0.9999895095825195,5,0.6999926567077637,vishing_453_5,,
,,0.000364,0.134792,0.004792,egemaps,,,0.033542,segment,1,0.096094,,,0.9999895095825195,6,0.6999926567077637,vishing_453_5,,
,,0.000313,0.133646,0.004895,egemaps,,,0.033073,segment,1,0.095365,,,0.9999895095825195,7,0.6999926567077637,vishing_453_5,,
,,0.000365,0.134271,0.004844,egemaps,,,0.033385,segment,1,0.095677,,,0.9999895095825195,8,0.6999926567077637,vishing_453_5,,
,,0.000313,0.133594,0.004792,egemaps,,,0.032656,segment,1,0.095833,,,0.9999895095825195,9,0.6999926567077637,vishing_453_5,,
,,0.000364,0.441666,0.007136,egemaps,,,0.0425,segment,1,0.391666,,,1.0,0,0.7,vishing_44_0,,
,,0.00052,0.416041,0.005208,egemaps,,,0.040261,segment,1,0.370052,,,1.0,1,0.7,vishing_44_0,,
,,0.000312,0.376458,0.005208,egemaps,,,0.039636,segment,1,0.331302,,,1.0,2,0.7,vishing_44_0,,
,,0.000364,0.374271,0.005052,egemaps,,,0.040417,segment,1,0.328438,,,1.0,3,0.7,vishing_44_0,,
,,0.00026,0.370729,0.005261,egemaps,,,0.039896,segment,1,0.325312,,,1.0,4,0.7,vishing_44_0,,
,,0.000365,0.375209,0.00526,egemaps,,,0.040052,segment,1,0.329532,,,1.0,5,0.7,vishing_44_0,,
,,0.000313,0.370417,0.005156,egemaps,,,0.039167,segment,1,0.325781,,,1.0,6,0.7,vishing_44_0,,
,,0.000312,0.414114,0.005208,egemaps,,,0.040938,segment,1,0.367656,,,1.0,7,0.7,vishing_44_0,,
,,0.000364,0.371146,0.005521,egemaps,,,0.039167,segment,1,0.326094,,,1.0,8,0.7,vishing_44_0,,
,,0.000365,0.376146,0.005209,egemaps,,,0.040833,segment,1,0.329739,,,1.0,9,0.7,vishing_44_0,,
,,0.000313,0.599532,0.007656,egemaps,,,0.075156,segment,0,0.516407,,,0.04739344120025635,0,0.03317540884017944,d01j021s006287_3,,
,,0.000416,0.553541,0.005573,egemaps,,,0.079427,segment,0,0.468125,,,0.04739344120025635,1,0.03317540884017944,d01j021s006287_3,,
,,0.000313,0.483021,0.005364,egemaps,,,0.056198,segment,0,0.421146,,,0.04739344120025635,2,0.03317540884017944,d01j021s006287_3,,
,,0.000365,0.461406,0.005468,egemaps,,,0.043125,segment,0,0.412448,,,0.04739344120025635,3,0.03317540884017944,d01j021s006287_3,,
,,0.00026,0.457187,0.005313,egemaps,,,0.041979,segment,0,0.409635,,,0.04739344120025635,4,0.03317540884017944,d01j021s006287_3,,
,,0.000365,0.472813,0.005312,egemaps,,,0.057969,segment,0,0.409167,,,0.04739344120025635,5,0.03317540884017944,d01j021s006287_3,,
,,0.000364,0.455729,0.005365,egemaps,,,0.041563,segment,0,0.408437,,,0.04739344120025635,6,0.03317540884017944,d01j021s006287_3,,
,,0.000365,0.456354,0.005312,egemaps,,,0.042344,segment,0,0.408333,,,0.04739344120025635,7,0.03317540884017944,d01j021s006287_3,,
,,0.000365,0.461823,0.005364,egemaps,,,0.041302,segment,0,0.414792,,,0.04739344120025635,8,0.03317540884017944,d01j021s006287_3,,
,,0.000417,0.455209,0.005209,egemaps,,,0.041979,segment,0,0.407604,,,0.04739344120025635,9,0.03317540884017944,d01j021s006287_3,,
,,0.000417,0.765573,0.006615,egemaps,,,0.11375,segment,0,0.644791,,,0.06840783357620239,0,0.04788548350334167,d04j18s003763_13,,
,,0.000312,0.700208,0.006198,egemaps,,,0.067396,segment,0,0.626302,,,0.06840783357620239,1,0.04788548350334167,d04j18s003763_13,,
,,0.000417,0.635157,0.005885,egemaps,,,0.063594,segment,0,0.565261,,,0.06840783357620239,2,0.04788548350334167,d04j18s003763_13,,
,,0.000417,0.607188,0.006303,egemaps,,,0.067708,segment,0,0.53276,,,0.06840783357620239,3,0.04788548350334167,d04j18s003763_13,,
,,0.000365,0.600365,0.005677,egemaps,,,0.064062,segment,0,0.530261,,,0.06840783357620239,4,0.04788548350334167,d04j18s003763_13,,
,,0.000416,0.619948,0.005312,egemaps,,,0.066667,segment,0,0.547553,,,0.06840783357620239,5,0.04788548350334167,d04j18s003763_13,,
,,0.000365,0.604584,0.00552,egemaps,,,0.064219,segment,0,0.53448,,,0.06840783357620239,6,0.04788548350334167,d04j18s003763_13,,
,,0.000364,0.601093,0.005417,egemaps,,,0.062969,segment,0,0.532343,,,0.06840783357620239,7,0.04788548350334167,d04j18s003763_13,,
,,0.000417,0.599062,0.005625,egemaps,,,0.063489,segment,0,0.529531,,,0.06840783357620239,8,0.04788548350334167,d04j18s003763_13,,
,,0.000364,0.633281,0.005886,egemaps,,,0.073802,segment,0,0.553229,,,0.06840783357620239,9,0.04788548350334167,d04j18s003763_13,,
,,0.000313,0.589375,0.006823,egemaps,,,0.066458,segment,0,0.515781,,,0.000826105650048703,0,0.000578273955034092,d01j020s003787_1,,
,,0.000365,0.548021,0.005677,egemaps,,,0.062656,segment,0,0.479323,,,0.000826105650048703,1,0.000578273955034092,d01j020s003787_1,,
,,0.000313,0.504531,0.005417,egemaps,,,0.057135,segment,0,0.441666,,,0.000826105650048703,2,0.000578273955034092,d01j020s003787_1,,
,,0.000365,0.503907,0.005521,egemaps,,,0.057864,segment,0,0.440157,,,0.000826105650048703,3,0.000578273955034092,d01j020s003787_1,,
,,0.000365,0.478333,0.005677,egemaps,,,0.042239,segment,0,0.430052,,,0.000826105650048703,4,0.000578273955034092,d01j020s003787_1,,
,,0.000312,0.547448,0.005625,egemaps,,,0.06474,segment,0,0.476771,,,0.000826105650048703,5,0.000578273955034092,d01j020s003787_1,,
,,0.000313,0.604531,0.00599,egemaps,,,0.070833,segment,0,0.527395,,,0.000826105650048703,6,0.000578273955034092,d01j020s003787_1,,
,,0.000365,0.518542,0.005469,egemaps,,,0.058281,segment,0,0.454427,,,0.000826105650048703,7,0.000578273955034092,d01j020s003787_1,,
,,0.000364,0.507396,0.005364,egemaps,,,0.058959,segment,0,0.442709,,,0.000826105650048703,8,0.000578273955034092,d01j020s003787_1,,
,,0.000365,0.478542,0.005364,egemaps,,,0.042917,segment,0,0.429896,,,0.000826105650048703,9,0.000578273955034092,d01j020s003787_1,,
,,0.000417,0.658542,0.006719,egemaps,,,0.06901,segment,1,0.582396,,,1.0,0,0.7,vishing_558_27,,
,,0.000364,0.602135,0.005885,egemaps,,,0.05974,segment,1,0.536146,,,1.0,1,0.7,vishing_558_27,,
,,0.000364,0.570573,0.005677,egemaps,,,0.061354,segment,1,0.503178,,,1.0,2,0.7,vishing_558_27,,
,,0.000364,0.566927,0.005729,egemaps,,,0.060573,segment,1,0.500261,,,1.0,3,0.7,vishing_558_27,,
,,0.000365,0.568386,0.005729,egemaps,,,0.064271,segment,1,0.498021,,,1.0,4,0.7,vishing_558_27,,
,,0.000364,0.553021,0.005417,egemaps,,,0.06099,segment,1,0.48625,,,1.0,5,0.7,vishing_558_27,,
,,0.000417,0.550156,0.005365,egemaps,,,0.062083,segment,1,0.482291,,,1.0,6,0.7,vishing_558_27,,
,,0.000417,0.552032,0.005729,egemaps,,,0.05875,segment,1,0.487136,,,1.0,7,0.7,vishing_558_27,,
,,0.000364,0.543958,0.005313,egemaps,,,0.059531,segment,1,0.47875,,,1.0,8,0.7,vishing_558_27,,
,,0.000313,0.544167,0.005365,egemaps,,,0.061718,segment,1,0.476771,,,1.0,9,0.7,vishing_558_27,,
,,0.000364,0.596354,0.006041,egemaps,,,0.069532,segment,0,0.520417,,,0.006196791771799326,0,0.004337754240259528,d01j020s006667_1,,
,,0.000261,0.511979,0.005364,egemaps,,,0.059479,segment,0,0.446875,,,0.006196791771799326,1,0.004337754240259528,d01j020s006667_1,,
,,0.000313,0.456979,0.005416,egemaps,,,0.043177,segment,0,0.408073,,,0.006196791771799326,2,0.004337754240259528,d01j020s006667_1,,
,,0.000313,0.448959,0.005312,egemaps,,,0.041979,segment,0,0.401355,,,0.006196791771799326,3,0.004337754240259528,d01j020s006667_1,,
,,0.000364,0.452031,0.005208,egemaps,,,0.043646,segment,0,0.402813,,,0.006196791771799326,4,0.004337754240259528,d01j020s006667_1,,
,,0.000365,0.450469,0.005312,egemaps,,,0.041979,segment,0,0.402813,,,0.006196791771799326,5,0.004337754240259528,d01j020s006667_1,,
,,0.000365,0.47474,0.005417,egemaps,,,0.067083,segment,0,0.401875,,,0.006196791771799326,6,0.004337754240259528,d01j020s006667_1,,
,,0.000365,0.453125,0.005469,egemaps,,,0.043437,segment,0,0.403854,,,0.006196791771799326,7,0.004337754240259528,d01j020s006667_1,,
,,0.000364,0.471302,0.005677,egemaps,,,0.047396,segment,0,0.417865,,,0.006196791771799326,8,0.004337754240259528,d01j020s006667_1,,
,,0.000312,0.450104,0.005468,egemaps,,,0.043334,segment,0,0.40099,,,0.006196791771799326,9,0.004337754240259528,d01j020s006667_1,,
,,0.000313,0.336458,0.006093,egemaps,,,0.041979,segment,1,0.288073,,,1.0,0,0.7,vishing_617_336,,
,,0.000365,0.293542,0.005365,egemaps,,,0.039218,segment,1,0.248594,,,1.0,1,0.7,vishing_617_336,,
,,0.000312,0.272864,0.005209,egemaps,,,0.03875,segment,1,0.228593,,,1.0,2,0.7,vishing_617_336,,
,,0.000312,0.270573,0.005052,egemaps,,,0.038125,segment,1,0.227084,,,1.0,3,0.7,vishing_617_336,,
,,0.000365,0.271354,0.005104,egemaps,,,0.038906,segment,1,0.226979,,,1.0,4,0.7,vishing_617_336,,
,,0.000312,0.274375,0.007292,egemaps,,,0.039375,segment,1,0.227396,,,1.0,5,0.7,vishing_617_336,,
,,0.000312,0.271562,0.00526,egemaps,,,0.038542,segment,1,0.227448,,,1.0,6,0.7,vishing_617_336,,
,,0.000364,0.269843,0.005052,egemaps,,,0.03849,segment,1,0.225937,,,1.0,7,0.7,vishing_617_336,,
,,0.000313,0.268646,0.004948,egemaps,,,0.037916,segment,1,0.225469,,,1.0,8,0.7,vishing_617_336,,
,,0.000313,0.267813,0.005052,egemaps,,,0.037448,segment,1,0.225,,,1.0,9,0.7,vishing_617_336,,
,,0.000417,0.575104,0.007188,egemaps,,,0.070937,segment,1,0.496562,,,1.0,0,0.7,vishing_205_2,,
,,0.000312,0.585729,0.005781,egemaps,,,0.065261,segment,1,0.514375,,,1.0,1,0.7,vishing_205_2,,
,,0.000365,0.45401,0.005625,egemaps,,,0.044843,segment,1,0.403177,,,1.0,2,0.7,vishing_205_2,,
,,0.000313,0.446458,0.005416,egemaps,,,0.04375,segment,1,0.396979,,,1.0,3,0.7,vishing_205_2,,
,,0.000313,0.443438,0.005625,egemaps,,,0.042656,segment,1,0.394844,,,1.0,4,0.7,vishing_205_2,,
,,0.000313,0.444063,0.005417,egemaps,,,0.041198,segment,1,0.397135,,,1.0,5,0.7,vishing_205_2,,
,,0.000313,0.439115,0.005364,egemaps,,,0.041302,segment,1,0.392136,,,1.0,6,0.7,vishing_205_2,,
,,0.000365,0.436875,0.005312,egemaps,,,0.041302,segment,1,0.389896,,,1.0,7,0.7,vishing_205_2,,
,,0.000365,0.452136,0.005261,egemaps,,,0.055781,segment,1,0.390729,,,1.0,8,0.7,vishing_205_2,,
,,0.000417,0.438802,0.005573,egemaps,,,0.042604,segment,1,0.390208,,,1.0,9,0.7,vishing_205_2,,
,,0.00052,0.723802,0.007604,egemaps,,,0.072032,segment,1,0.643646,,,1.0,0,0.7,vishing_360_8,,
,,0.000365,0.695625,0.006146,egemaps,,,0.066562,segment,1,0.622552,,,1.0,1,0.7,vishing_360_8,,
,,0.000416,0.570521,0.005313,egemaps,,,0.0625,segment,1,0.502292,,,1.0,2,0.7,vishing_360_8,,
,,0.000417,0.570886,0.005521,egemaps,,,0.063542,segment,1,0.501406,,,1.0,3,0.7,vishing_360_8,,
,,0.000416,0.573333,0.005781,egemaps,,,0.065834,segment,1,0.501302,,,1.0,4,0.7,vishing_360_8,,
,,0.000313,0.587813,0.005625,egemaps,,,0.064583,segment,1,0.517292,,,1.0,5,0.7,vishing_360_8,,
,,0.000365,0.569636,0.005625,egemaps,,,0.0625,segment,1,0.501146,,,1.0,6,0.7,vishing_360_8,,
,,0.000313,0.581823,0.005573,egemaps,,,0.065937,segment,1,0.51,,,1.0,7,0.7,vishing_360_8,,
,,0.000417,0.565938,0.00552,egemaps,,,0.064323,segment,1,0.495678,,,1.0,8,0.7,vishing_360_8,,
,,0.000313,0.566771,0.005573,egemaps,,,0.063593,segment,1,0.497292,,,1.0,9,0.7,vishing_360_8,,
,,0.000938,0.365417,0.00802,egemaps,,,0.041198,segment,1,0.315261,,,1.0,0,0.7,vishing_178_10,,
,,0.000313,0.297084,0.005313,egemaps,,,0.03901,segment,1,0.252448,,,1.0,1,0.7,vishing_178_10,,
,,0.000312,0.264479,0.005312,egemaps,,,0.037865,segment,1,0.22099,,,1.0,2,0.7,vishing_178_10,,
,,0.000364,0.262916,0.005209,egemaps,,,0.037604,segment,1,0.219739,,,1.0,3,0.7,vishing_178_10,,
,,0.00026,0.279062,0.005,egemaps,,,0.039896,segment,1,0.233906,,,1.0,4,0.7,vishing_178_10,,
,,0.000313,0.261875,0.005312,egemaps,,,0.037604,segment,1,0.218646,,,1.0,5,0.7,vishing_178_10,,
,,0.00026,0.260573,0.005052,egemaps,,,0.0375,segment,1,0.217761,,,1.0,6,0.7,vishing_178_10,,
,,0.000313,0.265729,0.007136,egemaps,,,0.040468,segment,1,0.217812,,,1.0,7,0.7,vishing_178_10,,
,,0.000365,0.260833,0.005312,egemaps,,,0.038802,segment,1,0.216354,,,1.0,8,0.7,vishing_178_10,,
,,0.000261,0.260105,0.005052,egemaps,,,0.037083,segment,1,0.217709,,,1.0,9,0.7,vishing_178_10,,
,,0.000417,0.748021,0.007031,egemaps,,,0.082083,segment,0,0.65849,,,0.014848624356091022,0,0.010394037049263715,d04j18s003763_3,,
,,0.000312,0.714531,0.005625,egemaps,,,0.062761,segment,0,0.645833,,,0.014848624356091022,1,0.010394037049263715,d04j18s003763_3,,
,,0.000416,0.610052,0.00552,egemaps,,,0.06573,segment,0,0.538386,,,0.014848624356091022,2,0.010394037049263715,d04j18s003763_3,,
,,0.000365,0.667657,0.005729,egemaps,,,0.066354,segment,0,0.595209,,,0.014848624356091022,3,0.010394037049263715,d04j18s003763_3,,
,,0.000469,0.600052,0.005416,egemaps,,,0.059844,segment,0,0.534323,,,0.014848624356091022,4,0.010394037049263715,d04j18s003763_3,,
,,0.000364,0.622291,0.005781,egemaps,,,0.065417,segment,0,0.550729,,,0.014848624356091022,5,0.010394037049263715,d04j18s003763_3,,
,,0.000312,0.603229,0.005937,egemaps,,,0.064584,segment,0,0.532396,,,0.014848624356091022,6,0.010394037049263715,d04j18s003763_3,,
,,0.000312,0.598333,0.005729,egemaps,,,0.061823,segment,0,0.530469,,,0.014848624356091022,7,0.010394037049263715,d04j18s003763_3,,
,,0.000417,0.594792,0.005625,egemaps,,,0.061666,segment,0,0.527084,,,0.014848624356091022,8,0.010394037049263715,d04j18s003763_3,,
,,0.000417,0.620781,0.005781,egemaps,,,0.083542,segment,0,0.531041,,,0.014848624356091022,9,0.010394037049263715,d04j18s003763_3,,
,,0.000313,0.605469,0.006875,egemaps,,,0.065468,segment,0,0.532813,,,0.010241379030048847,0,0.0071689653210341925,d02j12s000857_27,,
,,0.000416,0.578906,0.005625,egemaps,,,0.064896,segment,0,0.507969,,,0.010241379030048847,1,0.0071689653210341925,d02j12s000857_27,,
,,0.000365,0.524896,0.005469,egemaps,,,0.063229,segment,0,0.455833,,,0.010241379030048847,2,0.0071689653210341925,d02j12s000857_27,,
,,0.000365,0.515209,0.005573,egemaps,,,0.059323,segment,0,0.449948,,,0.010241379030048847,3,0.0071689653210341925,d02j12s000857_27,,
,,0.000417,0.512187,0.005469,egemaps,,,0.05901,segment,0,0.447291,,,0.010241379030048847,4,0.0071689653210341925,d02j12s000857_27,,
,,0.000312,0.51651,0.005416,egemaps,,,0.059063,segment,0,0.451719,,,0.010241379030048847,5,0.0071689653210341925,d02j12s000857_27,,
,,0.000313,0.532084,0.005469,egemaps,,,0.061979,segment,0,0.464323,,,0.010241379030048847,6,0.0071689653210341925,d02j12s000857_27,,
,,0.000364,0.529531,0.005521,egemaps,,,0.060469,segment,0,0.463177,,,0.010241379030048847,7,0.0071689653210341925,d02j12s000857_27,,
,,0.000365,0.531719,0.005573,egemaps,,,0.062604,segment,0,0.463177,,,0.010241379030048847,8,0.0071689653210341925,d02j12s000857_27,,
,,0.000365,0.558073,0.005625,egemaps,,,0.062292,segment,0,0.489791,,,0.010241379030048847,9,0.0071689653210341925,d02j12s000857_27,,
,,0.000365,0.307865,0.007135,egemaps,,,0.042656,segment,1,0.257709,,,1.0,0,0.7,vishing_552_36,,
,,0.000365,0.180261,0.005521,egemaps,,,0.037448,segment,1,0.136927,,,1.0,1,0.7,vishing_552_36,,
,,0.000364,0.157916,0.005052,egemaps,,,0.035365,segment,1,0.117135,,,1.0,2,0.7,vishing_552_36,,
,,0.000365,0.154375,0.004843,egemaps,,,0.034427,segment,1,0.11474,,,1.0,3,0.7,vishing_552_36,,
,,0.000365,0.150833,0.004896,egemaps,,,0.033958,segment,1,0.111614,,,1.0,4,0.7,vishing_552_36,,
,,0.000313,0.153334,0.004792,egemaps,,,0.033593,segment,1,0.114636,,,1.0,5,0.7,vishing_552_36,,
,,0.000312,0.150521,0.004843,egemaps,,,0.034584,segment,1,0.110782,,,1.0,6,0.7,vishing_552_36,,
,,0.000365,0.153282,0.004843,egemaps,,,0.034219,segment,1,0.113855,,,1.0,7,0.7,vishing_552_36,,
,,0.000209,0.154636,0.004844,egemaps,,,0.033958,segment,1,0.115625,,,1.0,8,0.7,vishing_552_36,,
,,0.000312,0.151614,0.004896,egemaps,,,0.034375,segment,1,0.112031,,,1.0,9,0.7,vishing_552_36,,
,,0.000312,0.149687,0.00724,egemaps,,,0.036146,segment,1,0.105989,,,1.0,0,0.7,vishing_368_59,,
,,0.000312,0.126927,0.004792,egemaps,,,0.033229,segment,1,0.088594,,,1.0,1,0.7,vishing_368_59,,
,,0.000313,0.12599,0.004791,egemaps,,,0.032917,segment,1,0.087969,,,1.0,2,0.7,vishing_368_59,,
,,0.000365,0.142396,0.004896,egemaps,,,0.035989,segment,1,0.101146,,,1.0,3,0.7,vishing_368_59,,
,,0.000312,0.124687,0.004948,egemaps,,,0.03349,segment,1,0.085937,,,1.0,4,0.7,vishing_368_59,,
,,0.000312,0.122447,0.004948,egemaps,,,0.032344,segment,1,0.084843,,,1.0,5,0.7,vishing_368_59,,
,,0.000312,0.12375,0.004896,egemaps,,,0.032865,segment,1,0.085677,,,1.0,6,0.7,vishing_368_59,,
,,0.000312,0.125625,0.006771,egemaps,,,0.032604,segment,1,0.085938,,,1.0,7,0.7,vishing_368_59,,
,,0.000261,0.123073,0.004896,egemaps,,,0.033281,segment,1,0.084635,,,1.0,8,0.7,vishing_368_59,,
,,0.000261,0.1225,0.004739,egemaps,,,0.033177,segment,1,0.084323,,,1.0,9,0.7,vishing_368_59,,
,,0.000312,0.231406,0.007812,egemaps,,,0.037553,segment,1,0.185729,,,1.0,0,0.7,vishing_653_19,,
,,0.000312,0.174062,0.004843,egemaps,,,0.034688,segment,1,0.134219,,,1.0,1,0.7,vishing_653_19,,
,,0.000365,0.167969,0.004843,egemaps,,,0.034688,segment,1,0.128073,,,1.0,2,0.7,vishing_653_19,,
,,0.00026,0.1675,0.004844,egemaps,,,0.034375,segment,1,0.128021,,,1.0,3,0.7,vishing_653_19,,
,,0.000313,0.167969,0.004896,egemaps,,,0.034271,segment,1,0.128489,,,1.0,4,0.7,vishing_653_19,,
,,0.000312,0.168854,0.004948,egemaps,,,0.033802,segment,1,0.129792,,,1.0,5,0.7,vishing_653_19,,
,,0.000312,0.169167,0.005,egemaps,,,0.034167,segment,1,0.129688,,,1.0,6,0.7,vishing_653_19,,
,,0.000312,0.167395,0.00474,egemaps,,,0.034427,segment,1,0.127916,,,1.0,7,0.7,vishing_653_19,,
,,0.000312,0.170677,0.005677,egemaps,,,0.034271,segment,1,0.130417,,,1.0,8,0.7,vishing_653_19,,
,,0.000313,0.16724,0.004896,egemaps,,,0.03401,segment,1,0.128021,,,1.0,9,0.7,vishing_653_19,,
,,0.000885,0.53526,0.007969,egemaps,,,0.073021,segment,1,0.453385,,,1.0,0,0.7,vishing_520_21,,
,,0.000313,0.514375,0.006094,egemaps,,,0.063437,segment,1,0.444531,,,1.0,1,0.7,vishing_520_21,,
,,0.000364,0.486823,0.005573,egemaps,,,0.045261,segment,1,0.435625,,,1.0,2,0.7,vishing_520_21,,
,,0.000364,0.415208,0.005261,egemaps,,,0.041979,segment,1,0.367604,,,1.0,3,0.7,vishing_520_21,,
,,0.000364,0.412969,0.005157,egemaps,,,0.041927,segment,1,0.365521,,,1.0,4,0.7,vishing_520_21,,
,,0.000313,0.42099,0.005261,egemaps,,,0.04052,segment,1,0.374896,,,1.0,5,0.7,vishing_520_21,,
,,0.000312,0.418645,0.005469,egemaps,,,0.040729,segment,1,0.372135,,,1.0,6,0.7,vishing_520_21,,
,,0.000313,0.418542,0.005313,egemaps,,,0.040416,segment,1,0.3725,,,1.0,7,0.7,vishing_520_21,,
,,0.000313,0.419688,0.00677,egemaps,,,0.041146,segment,1,0.371459,,,1.0,8,0.7,vishing_520_21,,
,,0.000312,0.412916,0.005104,egemaps,,,0.040469,segment,1,0.367031,,,1.0,9,0.7,vishing_520_21,,
,,0.000364,0.225625,0.006198,egemaps,,,0.038959,segment,0,0.180104,,,0.019161874428391457,0,0.013413312099874019,d01j01s000551_10,,
,,0.000313,0.169532,0.004843,egemaps,,,0.034896,segment,0,0.12948,,,0.019161874428391457,1,0.013413312099874019,d01j01s000551_10,,
,,0.00026,0.150573,0.004844,egemaps,,,0.034323,segment,0,0.111146,,,0.019161874428391457,2,0.013413312099874019,d01j01s000551_10,,
,,0.000313,0.147188,0.004896,egemaps,,,0.035312,segment,0,0.106667,,,0.019161874428391457,3,0.013413312099874019,d01j01s000551_10,,
,,0.000312,0.143697,0.004948,egemaps,,,0.034167,segment,0,0.10427,,,0.019161874428391457,4,0.013413312099874019,d01j01s000551_10,,
,,0.000312,0.146094,0.004687,egemaps,,,0.033542,segment,0,0.107553,,,0.019161874428391457,5,0.013413312099874019,d01j01s000551_10,,
,,0.000313,0.142344,0.004635,egemaps,,,0.033385,segment,0,0.104011,,,0.019161874428391457,6,0.013413312099874019,d01j01s000551_10,,
,,0.000364,0.144218,0.004844,egemaps,,,0.033333,segment,0,0.105677,,,0.019161874428391457,7,0.013413312099874019,d01j01s000551_10,,
,,0.000312,0.144896,0.004791,egemaps,,,0.033334,segment,0,0.106459,,,0.019161874428391457,8,0.013413312099874019,d01j01s000551_10,,
,,0.000313,0.144271,0.004739,egemaps,,,0.033646,segment,0,0.105573,,,0.019161874428391457,9,0.013413312099874019,d01j01s000551_10,,
,,0.000313,0.662708,0.008438,egemaps,,,0.071666,segment,0,0.582291,,,0.023344730958342552,0,0.016341311670839787,d02j08s005679_1,,
,,0.000365,0.620625,0.005729,egemaps,,,0.063125,segment,0,0.551406,,,0.023344730958342552,1,0.016341311670839787,d02j08s005679_1,,
,,0.000312,0.44177,0.005521,egemaps,,,0.041146,segment,0,0.394791,,,0.023344730958342552,2,0.016341311670839787,d02j08s005679_1,,
,,0.000365,0.448229,0.005469,egemaps,,,0.040208,segment,0,0.402187,,,0.023344730958342552,3,0.016341311670839787,d02j08s005679_1,,
,,0.000364,0.434479,0.005313,egemaps,,,0.041094,segment,0,0.387708,,,0.023344730958342552,4,0.016341311670839787,d02j08s005679_1,,
,,0.000365,0.447136,0.005416,egemaps,,,0.040677,segment,0,0.400678,,,0.023344730958342552,5,0.016341311670839787,d02j08s005679_1,,
,,0.000312,0.438802,0.005469,egemaps,,,0.040365,segment,0,0.392656,,,0.023344730958342552,6,0.016341311670839787,d02j08s005679_1,,
,,0.000312,0.444792,0.005416,egemaps,,,0.040105,segment,0,0.398959,,,0.023344730958342552,7,0.016341311670839787,d02j08s005679_1,,
,,0.000417,0.433594,0.005417,egemaps,,,0.040885,segment,0,0.386875,,,0.023344730958342552,8,0.016341311670839787,d02j08s005679_1,,
,,0.000364,0.435208,0.005364,egemaps,,,0.040938,segment,0,0.388542,,,0.023344730958342552,9,0.016341311670839787,d02j08s005679_1,,
,,0.000365,0.884323,0.005782,egemaps,,,0.387864,segment,0,0.490312,,,0.007375572808086872,0,0.00516290096566081,d02j08s004829_18,,
,,0.000365,0.4925,0.005521,egemaps,,,0.057343,segment,0,0.429271,,,0.007375572808086872,1,0.00516290096566081,d02j08s004829_18,,
,,0.000364,0.41427,0.005261,egemaps,,,0.041875,segment,0,0.36677,,,0.007375572808086872,2,0.00516290096566081,d02j08s004829_18,,
,,0.000365,0.443177,0.00552,egemaps,,,0.041667,segment,0,0.395625,,,0.007375572808086872,3,0.00516290096566081,d02j08s004829_18,,
,,0.000365,0.409844,0.005312,egemaps,,,0.04151,segment,0,0.362657,,,0.007375572808086872,4,0.00516290096566081,d02j08s004829_18,,
,,0.000365,0.403542,0.005312,egemaps,,,0.040052,segment,0,0.357813,,,0.007375572808086872,5,0.00516290096566081,d02j08s004829_18,,
,,0.000365,0.416823,0.007552,egemaps,,,0.040573,segment,0,0.368333,,,0.007375572808086872,6,0.00516290096566081,d02j08s004829_18,,
,,0.000313,0.40698,0.00526,egemaps,,,0.038646,segment,0,0.362761,,,0.007375572808086872,7,0.00516290096566081,d02j08s004829_18,,
,,0.000365,0.403021,0.005313,egemaps,,,0.039114,segment,0,0.358229,,,0.007375572808086872,8,0.00516290096566081,d02j08s004829_18,,
,,0.000365,0.405886,0.005261,egemaps,,,0.040312,segment,0,0.359948,,,0.007375572808086872,9,0.00516290096566081,d02j08s004829_18,,
,,0.000313,0.307344,0.006302,egemaps,,,0.041041,segment,0,0.259688,,,0.022012310102581978,0,0.015408617071807384,d04j18s016060_39,,
,,0.00026,0.237656,0.00526,egemaps,,,0.037917,segment,0,0.194219,,,0.022012310102581978,1,0.015408617071807384,d04j18s016060_39,,
,,0.000365,0.19974,0.005208,egemaps,,,0.035833,segment,0,0.158334,,,0.022012310102581978,2,0.015408617071807384,d04j18s016060_39,,
,,0.000313,0.200625,0.005104,egemaps,,,0.03625,segment,0,0.158958,,,0.022012310102581978,3,0.015408617071807384,d04j18s016060_39,,
,,0.000261,0.27375,0.005052,egemaps,,,0.038073,segment,0,0.230364,,,0.022012310102581978,4,0.015408617071807384,d04j18s016060_39,,
,,0.000365,0.201042,0.004792,egemaps,,,0.035885,segment,0,0.16,,,0.022012310102581978,5,0.015408617071807384,d04j18s016060_39,,
,,0.000364,0.199739,0.004896,egemaps,,,0.03599,segment,0,0.158489,,,0.022012310102581978,6,0.015408617071807384,d04j18s016060_39,,
,,0.000365,0.199844,0.004792,egemaps,,,0.03625,segment,0,0.158437,,,0.022012310102581978,7,0.015408617071807384,d04j18s016060_39,,
,,0.000364,0.19875,0.004792,egemaps,,,0.035938,segment,0,0.157656,,,0.022012310102581978,8,0.015408617071807384,d04j18s016060_39,,
,,0.00026,0.200417,0.00474,egemaps,,,0.035677,segment,0,0.15974,,,0.022012310102581978,9,0.015408617071807384,d04j18s016060_39,,
,,0.000365,0.612657,0.006146,egemaps,,,0.078958,segment,0,0.527188,,,0.0023346771486103535,0,0.0016342740040272473,d01j01s000122_8,,
,,0.000365,0.5825,0.005417,egemaps,,,0.062968,segment,0,0.51375,,,0.0023346771486103535,1,0.0016342740040272473,d01j01s000122_8,,
,,0.000365,0.50974,0.005365,egemaps,,,0.070989,segment,0,0.433021,,,0.0023346771486103535,2,0.0016342740040272473,d01j01s000122_8,,
,,0.000312,0.512968,0.005573,egemaps,,,0.066354,segment,0,0.440729,,,0.0023346771486103535,3,0.0016342740040272473,d01j01s000122_8,,
,,0.000312,0.516614,0.005468,egemaps,,,0.067084,segment,0,0.44375,,,0.0023346771486103535,4,0.0016342740040272473,d01j01s000122_8,,
,,0.000312,0.50625,0.005313,egemaps,,,0.060625,segment,0,0.44,,,0.0023346771486103535,5,0.0016342740040272473,d01j01s000122_8,,
,,0.000364,0.489427,0.005364,egemaps,,,0.054792,segment,0,0.428907,,,0.0023346771486103535,6,0.0016342740040272473,d01j01s000122_8,,
,,0.000313,0.504636,0.005782,egemaps,,,0.06276,segment,0,0.435781,,,0.0023346771486103535,7,0.0016342740040272473,d01j01s000122_8,,
,,0.000312,0.467031,0.005416,egemaps,,,0.042709,segment,0,0.418594,,,0.0023346771486103535,8,0.0016342740040272473,d01j01s000122_8,,
,,0.000312,0.464791,0.00526,egemaps,,,0.041719,segment,0,0.4175,,,0.0023346771486103535,9,0.0016342740040272473,d01j01s000122_8,,
,,0.000313,0.690313,0.00625,egemaps,,,0.074218,segment,0,0.609532,,,0.355270653963089,0,0.24868945777416226,d04j18s014894_1,,
,,0.000365,0.677084,0.005937,egemaps,,,0.078229,segment,0,0.592553,,,0.355270653963089,1,0.24868945777416226,d04j18s014894_1,,
,,0.000365,0.565573,0.005677,egemaps,,,0.064531,segment,0,0.495,,,0.355270653963089,2,0.24868945777416226,d04j18s014894_1,,
,,0.000417,0.544636,0.005364,egemaps,,,0.061875,segment,0,0.47698,,,0.355270653963089,3,0.24868945777416226,d04j18s014894_1,,
,,0.000364,0.548854,0.005364,egemaps,,,0.065834,segment,0,0.477292,,,0.355270653963089,4,0.24868945777416226,d04j18s014894_1,,
,,0.000365,0.552917,0.005521,egemaps,,,0.061875,segment,0,0.485156,,,0.355270653963089,5,0.24868945777416226,d04j18s014894_1,,
,,0.000312,0.540521,0.005469,egemaps,,,0.062396,segment,0,0.472344,,,0.355270653963089,6,0.24868945777416226,d04j18s014894_1,,
,,0.000364,0.514791,0.005573,egemaps,,,0.066094,segment,0,0.44276,,,0.355270653963089,7,0.24868945777416226,d04j18s014894_1,,
,,0.000365,0.512344,0.005469,egemaps,,,0.068385,segment,0,0.438125,,,0.355270653963089,8,0.24868945777416226,d04j18s014894_1,,
,,0.000417,0.523594,0.005469,egemaps,,,0.063229,segment,0,0.454479,,,0.355270653963089,9,0.24868945777416226,d04j18s014894_1,,
,,0.000313,0.226667,0.006354,egemaps,,,0.041406,segment,1,0.178594,,,1.0,0,0.7,vishing_617_133,,
,,0.000261,0.153698,0.004948,egemaps,,,0.037187,segment,1,0.111302,,,1.0,1,0.7,vishing_617_133,,
,,0.000313,0.146979,0.004948,egemaps,,,0.035156,segment,1,0.106562,,,1.0,2,0.7,vishing_617_133,,
,,0.000261,0.146354,0.005781,egemaps,,,0.034479,segment,1,0.105833,,,1.0,3,0.7,vishing_617_133,,
,,0.000365,0.141355,0.005573,egemaps,,,0.033594,segment,1,0.101823,,,1.0,4,0.7,vishing_617_133,,
,,0.000312,0.140052,0.004896,egemaps,,,0.033386,segment,1,0.101458,,,1.0,5,0.7,vishing_617_133,,
,,0.000312,0.139895,0.004843,egemaps,,,0.033438,segment,1,0.101302,,,1.0,6,0.7,vishing_617_133,,
,,0.00026,0.142083,0.004792,egemaps,,,0.033646,segment,1,0.103385,,,1.0,7,0.7,vishing_617_133,,
,,0.000313,0.141511,0.00474,egemaps,,,0.033385,segment,1,0.103073,,,1.0,8,0.7,vishing_617_133,,
,,0.000312,0.141823,0.004948,egemaps,,,0.034219,segment,1,0.102344,,,1.0,9,0.7,vishing_617_133,,
,,0.00026,0.180417,0.008542,egemaps,,,0.036667,segment,0,0.134948,,,0.0013915064046159387,0,0.000974054483231157,d04j18s014894_8,,
,,0.000261,0.146042,0.005104,egemaps,,,0.034375,segment,0,0.106302,,,0.0013915064046159387,1,0.000974054483231157,d04j18s014894_8,,
,,0.000312,0.143802,0.004844,egemaps,,,0.033802,segment,0,0.104844,,,0.0013915064046159387,2,0.000974054483231157,d04j18s014894_8,,
,,0.000364,0.14375,0.004739,egemaps,,,0.033594,segment,0,0.105053,,,0.0013915064046159387,3,0.000974054483231157,d04j18s014894_8,,
,,0.00026,0.142135,0.004687,egemaps,,,0.033855,segment,0,0.103333,,,0.0013915064046159387,4,0.000974054483231157,d04j18s014894_8,,
,,0.00026,0.144323,0.004948,egemaps,,,0.034427,segment,0,0.104688,,,0.0013915064046159387,5,0.000974054483231157,d04j18s014894_8,,
,,0.000313,0.142448,0.004688,egemaps,,,0.033541,segment,0,0.103906,,,0.0013915064046159387,6,0.000974054483231157,d04j18s014894_8,,
,,0.000261,0.142709,0.004843,egemaps,,,0.033646,segment,0,0.103959,,,0.0013915064046159387,7,0.000974054483231157,d04j18s014894_8,,
,,0.000313,0.142448,0.004844,egemaps,,,0.033229,segment,0,0.104062,,,0.0013915064046159387,8,0.000974054483231157,d04j18s014894_8,,
,,0.00026,0.142031,0.004844,egemaps,,,0.033542,segment,0,0.103385,,,0.0013915064046159387,9,0.000974054483231157,d04j18s014894_8,,
,,0.000364,0.232291,0.0075,egemaps,,,0.038646,segment,0,0.185781,,,0.16317418217658997,0,0.11422192752361297,d04j18s016060_5,,
,,0.000261,0.25849,0.005313,egemaps,,,0.038906,segment,0,0.21401,,,0.16317418217658997,1,0.11422192752361297,d04j18s016060_5,,
,,0.000364,0.201041,0.004895,egemaps,,,0.036511,segment,0,0.159271,,,0.16317418217658997,2,0.11422192752361297,d04j18s016060_5,,
,,0.000261,0.188282,0.004948,egemaps,,,0.03625,segment,0,0.146823,,,0.16317418217658997,3,0.11422192752361297,d04j18s016060_5,,
,,0.00026,0.186719,0.005052,egemaps,,,0.03599,segment,0,0.145417,,,0.16317418217658997,4,0.11422192752361297,d04j18s016060_5,,
,,0.00026,0.186823,0.005,egemaps,,,0.035104,segment,0,0.146459,,,0.16317418217658997,5,0.11422192752361297,d04j18s016060_5,,
,,0.000365,0.186719,0.005208,egemaps,,,0.035208,segment,0,0.145938,,,0.16317418217658997,6,0.11422192752361297,d04j18s016060_5,,
,,0.000313,0.188282,0.005052,egemaps,,,0.035521,segment,0,0.147396,,,0.16317418217658997,7,0.11422192752361297,d04j18s016060_5,,
,,0.000261,0.185365,0.004844,egemaps,,,0.035312,segment,0,0.144948,,,0.16317418217658997,8,0.11422192752361297,d04j18s016060_5,,
,,0.000312,0.184531,0.004792,egemaps,,,0.035417,segment,0,0.14401,,,0.16317418217658997,9,0.11422192752361297,d04j18s016060_5,,
,,0.000312,0.390156,0.005833,egemaps,,,0.043334,segment,1,0.340677,,,1.0,0,0.7,vishing_523_17,,
,,0.000312,0.38526,0.005365,egemaps,,,0.040156,segment,1,0.339427,,,1.0,1,0.7,vishing_523_17,,
,,0.000364,0.361406,0.005208,egemaps,,,0.039219,segment,1,0.316615,,,1.0,2,0.7,vishing_523_17,,
,,0.00026,0.355469,0.005104,egemaps,,,0.039948,segment,1,0.310157,,,1.0,3,0.7,vishing_523_17,,
,,0.000313,0.353594,0.005052,egemaps,,,0.039271,segment,1,0.308958,,,1.0,4,0.7,vishing_523_17,,
,,0.000364,0.370104,0.00526,egemaps,,,0.040209,segment,1,0.324271,,,1.0,5,0.7,vishing_523_17,,
,,0.000365,0.356979,0.005416,egemaps,,,0.039896,segment,1,0.311302,,,1.0,6,0.7,vishing_523_17,,
,,0.000365,0.353177,0.005364,egemaps,,,0.04,segment,1,0.307448,,,1.0,7,0.7,vishing_523_17,,
,,0.000364,0.35526,0.005469,egemaps,,,0.039896,segment,1,0.309531,,,1.0,8,0.7,vishing_523_17,,
,,0.000312,0.354427,0.005208,egemaps,,,0.039271,segment,1,0.309636,,,1.0,9,0.7,vishing_523_17,,
,,0.000365,0.59849,0.006146,egemaps,,,0.079531,segment,1,0.512448,,,1.0,0,0.7,vishing_520_4,,
,,0.000573,0.582656,0.005625,egemaps,,,0.099062,segment,1,0.477396,,,1.0,1,0.7,vishing_520_4,,
,,0.000365,0.47276,0.005677,egemaps,,,0.043802,segment,1,0.422916,,,1.0,2,0.7,vishing_520_4,,
,,0.000365,0.465938,0.005313,egemaps,,,0.043333,segment,1,0.416927,,,1.0,3,0.7,vishing_520_4,,
,,0.000313,0.487188,0.005782,egemaps,,,0.044687,segment,1,0.436406,,,1.0,4,0.7,vishing_520_4,,
,,0.000313,0.474167,0.005573,egemaps,,,0.04177,segment,1,0.426511,,,1.0,5,0.7,vishing_520_4,,
,,0.000364,0.536041,0.005468,egemaps,,,0.071511,segment,1,0.458698,,,1.0,6,0.7,vishing_520_4,,
,,0.000312,0.52901,0.005417,egemaps,,,0.060156,segment,1,0.463125,,,1.0,7,0.7,vishing_520_4,,
,,0.000364,0.548072,0.005521,egemaps,,,0.064844,segment,1,0.477343,,,1.0,8,0.7,vishing_520_4,,
,,0.000364,0.528385,0.005625,egemaps,,,0.078438,segment,1,0.443958,,,1.0,9,0.7,vishing_520_4,,
,,0.000312,0.248489,0.007708,egemaps,,,0.03948,segment,1,0.200989,,,1.0,0,0.7,vishing_304_26,,
,,0.000313,0.160938,0.005157,egemaps,,,0.035885,segment,1,0.119583,,,1.0,1,0.7,vishing_304_26,,
,,0.000313,0.15599,0.005,egemaps,,,0.034948,segment,1,0.115729,,,1.0,2,0.7,vishing_304_26,,
,,0.000312,0.153385,0.004947,egemaps,,,0.035313,segment,1,0.112813,,,1.0,3,0.7,vishing_304_26,,
,,0.000313,0.14974,0.004792,egemaps,,,0.034218,segment,1,0.110417,,,1.0,4,0.7,vishing_304_26,,
,,0.000313,0.1675,0.004844,egemaps,,,0.034739,segment,1,0.127604,,,1.0,5,0.7,vishing_304_26,,
,,0.000365,0.153855,0.004896,egemaps,,,0.035469,segment,1,0.113125,,,1.0,6,0.7,vishing_304_26,,
,,0.000313,0.150157,0.004895,egemaps,,,0.034271,segment,1,0.110678,,,1.0,7,0.7,vishing_304_26,,
,,0.000313,0.149688,0.004844,egemaps,,,0.03427,segment,1,0.110261,,,1.0,8,0.7,vishing_304_26,,
,,0.000312,0.150989,0.00474,egemaps,,,0.033646,segment,1,0.112291,,,1.0,9,0.7,vishing_304_26,,
,,0.000313,0.572604,0.00651,egemaps,,,0.072083,segment,0,0.493698,,,0.018489982932806015,0,0.01294298805296421,d04j18s016060_51,,
,,0.000312,0.557812,0.005365,egemaps,,,0.062917,segment,0,0.489218,,,0.018489982932806015,1,0.01294298805296421,d04j18s016060_51,,
,,0.000312,0.418697,0.005468,egemaps,,,0.041615,segment,0,0.371302,,,0.018489982932806015,2,0.01294298805296421,d04j18s016060_51,,
,,0.000364,0.417812,0.005417,egemaps,,,0.042292,segment,0,0.369739,,,0.018489982932806015,3,0.01294298805296421,d04j18s016060_51,,
,,0.000365,0.407136,0.00625,egemaps,,,0.040729,segment,0,0.359792,,,0.018489982932806015,4,0.01294298805296421,d04j18s016060_51,,
,,0.000313,0.411928,0.005416,egemaps,,,0.042969,segment,0,0.36323,,,0.018489982932806015,5,0.01294298805296421,d04j18s016060_51,,
,,0.000989,0.509323,0.005365,egemaps,,,0.055625,segment,0,0.447344,,,0.018489982932806015,6,0.01294298805296421,d04j18s016060_51,,
,,0.000365,0.419323,0.005365,egemaps,,,0.042135,segment,0,0.371458,,,0.018489982932806015,7,0.01294298805296421,d04j18s016060_51,,
,,0.000313,0.405782,0.005364,egemaps,,,0.040469,segment,0,0.359636,,,0.018489982932806015,8,0.01294298805296421,d04j18s016060_51,,
,,0.000313,0.403906,0.005417,egemaps,,,0.040781,segment,0,0.357395,,,0.018489982932806015,9,0.01294298805296421,d04j18s016060_51,,
,,0.000312,0.432291,0.005938,egemaps,,,0.043125,segment,1,0.382916,,,1.0,0,0.7,vishing_432_11,,
,,0.000364,0.371927,0.00526,egemaps,,,0.040157,segment,1,0.326146,,,1.0,1,0.7,vishing_432_11,,
,,0.000312,0.329947,0.005157,egemaps,,,0.04026,segment,1,0.284218,,,1.0,2,0.7,vishing_432_11,,
,,0.000312,0.326406,0.005261,egemaps,,,0.040052,segment,1,0.280781,,,1.0,3,0.7,vishing_432_11,,
,,0.000364,0.325885,0.005208,egemaps,,,0.039167,segment,1,0.281146,,,1.0,4,0.7,vishing_432_11,,
,,0.000312,0.32427,0.005104,egemaps,,,0.039688,segment,1,0.279166,,,1.0,5,0.7,vishing_432_11,,
,,0.000313,0.327448,0.005312,egemaps,,,0.039167,segment,1,0.282656,,,1.0,6,0.7,vishing_432_11,,
,,0.000365,0.345469,0.00526,egemaps,,,0.041406,segment,1,0.298438,,,1.0,7,0.7,vishing_432_11,,
,,0.000365,0.325469,0.005104,egemaps,,,0.039687,segment,1,0.280313,,,1.0,8,0.7,vishing_432_11,,
,,0.000365,0.321146,0.005104,egemaps,,,0.038333,segment,1,0.277344,,,1.0,9,0.7,vishing_432_11,,
,,0.000312,0.241614,0.005833,egemaps,,,0.040052,segment,1,0.195417,,,1.0,0,0.7,vishing_564_81,,
,,0.000313,0.185886,0.005364,egemaps,,,0.036146,segment,1,0.144063,,,1.0,1,0.7,vishing_564_81,,
,,0.000365,0.163281,0.004896,egemaps,,,0.036093,segment,1,0.121927,,,1.0,2,0.7,vishing_564_81,,
,,0.000261,0.160729,0.005,egemaps,,,0.035364,segment,1,0.120104,,,1.0,3,0.7,vishing_564_81,,
,,0.000312,0.159427,0.005,egemaps,,,0.03474,segment,1,0.119375,,,1.0,4,0.7,vishing_564_81,,
,,0.000208,0.160937,0.004896,egemaps,,,0.034948,segment,1,0.120885,,,1.0,5,0.7,vishing_564_81,,
,,0.000365,0.15875,0.005,egemaps,,,0.034427,segment,1,0.118958,,,1.0,6,0.7,vishing_564_81,,
,,0.00026,0.16,0.005,egemaps,,,0.034896,segment,1,0.119844,,,1.0,7,0.7,vishing_564_81,,
,,0.00026,0.157708,0.004948,egemaps,,,0.034584,segment,1,0.117916,,,1.0,8,0.7,vishing_564_81,,
,,0.000313,0.157969,0.005052,egemaps,,,0.033802,segment,1,0.118802,,,1.0,9,0.7,vishing_564_81,,
,,0.000365,0.419531,0.006563,egemaps,,,0.041718,segment,1,0.370885,,,1.0,0,0.7,vishing_368_82,,
,,0.000364,0.376979,0.005156,egemaps,,,0.039948,segment,1,0.331511,,,1.0,1,0.7,vishing_368_82,,
,,0.000365,0.341302,0.005209,egemaps,,,0.039062,segment,1,0.296666,,,1.0,2,0.7,vishing_368_82,,
,,0.000313,0.335365,0.005104,egemaps,,,0.039635,segment,1,0.290313,,,1.0,3,0.7,vishing_368_82,,
,,0.000313,0.330625,0.005104,egemaps,,,0.038229,segment,1,0.286979,,,1.0,4,0.7,vishing_368_82,,
,,0.000312,0.330781,0.005261,egemaps,,,0.03875,segment,1,0.286458,,,1.0,5,0.7,vishing_368_82,,
,,0.000365,0.335677,0.005157,egemaps,,,0.038593,segment,1,0.291562,,,1.0,6,0.7,vishing_368_82,,
,,0.000312,0.337395,0.005104,egemaps,,,0.039375,segment,1,0.292604,,,1.0,7,0.7,vishing_368_82,,
,,0.000365,0.328125,0.005156,egemaps,,,0.037656,segment,1,0.284948,,,1.0,8,0.7,vishing_368_82,,
,,0.000313,0.339063,0.005156,egemaps,,,0.038333,segment,1,0.295261,,,1.0,9,0.7,vishing_368_82,,
,,0.000364,0.612708,0.007292,egemaps,,,0.072917,segment,0,0.532135,,,0.016273491084575653,0,0.011391443759202957,d02j05s005801_28,,
,,0.000313,0.512188,0.005625,egemaps,,,0.063073,segment,0,0.443177,,,0.016273491084575653,1,0.011391443759202957,d02j05s005801_28,,
,,0.000312,0.464635,0.005469,egemaps,,,0.042344,segment,0,0.41651,,,0.016273491084575653,2,0.011391443759202957,d02j05s005801_28,,
,,0.000365,0.45125,0.005521,egemaps,,,0.041979,segment,0,0.403385,,,0.016273491084575653,3,0.011391443759202957,d02j05s005801_28,,
,,0.000365,0.453646,0.005469,egemaps,,,0.041562,segment,0,0.40625,,,0.016273491084575653,4,0.011391443759202957,d02j05s005801_28,,
,,0.000313,0.452657,0.005208,egemaps,,,0.040729,segment,0,0.406407,,,0.016273491084575653,5,0.011391443759202957,d02j05s005801_28,,
,,0.000365,0.44724,0.005312,egemaps,,,0.041198,segment,0,0.400365,,,0.016273491084575653,6,0.011391443759202957,d02j05s005801_28,,
,,0.000365,0.448333,0.005156,egemaps,,,0.041562,segment,0,0.40125,,,0.016273491084575653,7,0.011391443759202957,d02j05s005801_28,,
,,0.000312,0.449948,0.005104,egemaps,,,0.040782,segment,0,0.40375,,,0.016273491084575653,8,0.011391443759202957,d02j05s005801_28,,
,,0.000313,0.466198,0.005468,egemaps,,,0.043021,segment,0,0.417396,,,0.016273491084575653,9,0.011391443759202957,d02j05s005801_28,,
,,0.000365,0.706719,0.007031,egemaps,,,0.11875,segment,0,0.580573,,,0.05820858106017113,0,0.040746006742119784,d02j12s000857_2,,
,,0.000365,0.673854,0.005782,egemaps,,,0.065572,segment,0,0.602135,,,0.05820858106017113,1,0.040746006742119784,d02j12s000857_2,,
,,0.000416,0.559635,0.005677,egemaps,,,0.060105,segment,0,0.493437,,,0.05820858106017113,2,0.040746006742119784,d02j12s000857_2,,
,,0.000312,0.54,0.005469,egemaps,,,0.062344,segment,0,0.471875,,,0.05820858106017113,3,0.040746006742119784,d02j12s000857_2,,
,,0.000365,0.540625,0.005521,egemaps,,,0.064531,segment,0,0.470208,,,0.05820858106017113,4,0.040746006742119784,d02j12s000857_2,,
,,0.000417,0.539167,0.005625,egemaps,,,0.06474,segment,0,0.468385,,,0.05820858106017113,5,0.040746006742119784,d02j12s000857_2,,
,,0.000312,0.540312,0.005364,egemaps,,,0.062761,segment,0,0.471875,,,0.05820858106017113,6,0.040746006742119784,d02j12s000857_2,,
,,0.000364,0.561458,0.005729,egemaps,,,0.064063,segment,0,0.491302,,,0.05820858106017113,7,0.040746006742119784,d02j12s000857_2,,
,,0.000312,0.54427,0.005573,egemaps,,,0.06276,segment,0,0.475625,,,0.05820858106017113,8,0.040746006742119784,d02j12s000857_2,,
,,0.000261,0.534948,0.005364,egemaps,,,0.065052,segment,0,0.464271,,,0.05820858106017113,9,0.040746006742119784,d02j12s000857_2,,
,,0.000313,0.300781,0.00776,egemaps,,,0.040625,segment,0,0.252083,,,0.03635120019316673,0,0.02544584013521671,d04j18s012642_7,,
,,0.000313,0.208178,0.007031,egemaps,,,0.036823,segment,0,0.164011,,,0.03635120019316673,1,0.02544584013521671,d04j18s012642_7,,
,,0.00026,0.171406,0.004948,egemaps,,,0.035156,segment,0,0.131042,,,0.03635120019316673,2,0.02544584013521671,d04j18s012642_7,,
,,0.000312,0.167031,0.004948,egemaps,,,0.034219,segment,0,0.127552,,,0.03635120019316673,3,0.02544584013521671,d04j18s012642_7,,
,,0.000261,0.168646,0.004896,egemaps,,,0.035573,segment,0,0.127916,,,0.03635120019316673,4,0.02544584013521671,d04j18s012642_7,,
,,0.000313,0.171511,0.004844,egemaps,,,0.034427,segment,0,0.131927,,,0.03635120019316673,5,0.02544584013521671,d04j18s012642_7,,
,,0.000261,0.168802,0.00474,egemaps,,,0.034583,segment,0,0.129218,,,0.03635120019316673,6,0.02544584013521671,d04j18s012642_7,,
,,0.000312,0.165573,0.004844,egemaps,,,0.034584,segment,0,0.125833,,,0.03635120019316673,7,0.02544584013521671,d04j18s012642_7,,
,,0.000313,0.173125,0.005104,egemaps,,,0.03625,segment,0,0.131458,,,0.03635120019316673,8,0.02544584013521671,d04j18s012642_7,,
,,0.000313,0.168073,0.004947,egemaps,,,0.035625,segment,0,0.127188,,,0.03635120019316673,9,0.02544584013521671,d04j18s012642_7,,
,,0.000313,0.635417,0.007396,egemaps,,,0.075156,segment,1,0.552552,,,1.0,0,0.7,vishing_575_24,,
,,0.000417,0.605625,0.005938,egemaps,,,0.066041,segment,1,0.533229,,,1.0,1,0.7,vishing_575_24,,
,,0.000312,0.531458,0.005573,egemaps,,,0.080052,segment,1,0.445521,,,1.0,2,0.7,vishing_575_24,,
,,0.000365,0.505677,0.005209,egemaps,,,0.072291,segment,1,0.427812,,,1.0,3,0.7,vishing_575_24,,
,,0.000365,0.499219,0.005157,egemaps,,,0.06177,segment,1,0.431927,,,1.0,4,0.7,vishing_575_24,,
,,0.000365,0.494636,0.005469,egemaps,,,0.063958,segment,1,0.424844,,,1.0,5,0.7,vishing_575_24,,
,,0.000364,0.498854,0.005209,egemaps,,,0.068646,segment,1,0.424635,,,1.0,6,0.7,vishing_575_24,,
,,0.000313,0.497865,0.005364,egemaps,,,0.062344,segment,1,0.429844,,,1.0,7,0.7,vishing_575_24,,
,,0.000365,0.526823,0.005261,egemaps,,,0.075416,segment,1,0.445781,,,1.0,8,0.7,vishing_575_24,,
,,0.000313,0.49349,0.005209,egemaps,,,0.064739,segment,1,0.423229,,,1.0,9,0.7,vishing_575_24,,
,,0.00052,0.299479,0.008542,egemaps,,,0.041615,segment,1,0.248802,,,1.0,0,0.7,vishing_523_1,,
,,0.000312,0.227031,0.005104,egemaps,,,0.037553,segment,1,0.184062,,,1.0,1,0.7,vishing_523_1,,
,,0.000313,0.190261,0.005,egemaps,,,0.035781,segment,1,0.149167,,,1.0,2,0.7,vishing_523_1,,
,,0.000313,0.191979,0.005104,egemaps,,,0.035989,segment,1,0.150573,,,1.0,3,0.7,vishing_523_1,,
,,0.00026,0.190208,0.004948,egemaps,,,0.035937,segment,1,0.149063,,,1.0,4,0.7,vishing_523_1,,
,,0.000312,0.195937,0.004844,egemaps,,,0.035052,segment,1,0.155729,,,1.0,5,0.7,vishing_523_1,,
,,0.000312,0.189375,0.005052,egemaps,,,0.034688,segment,1,0.149323,,,1.0,6,0.7,vishing_523_1,,
,,0.000313,0.188021,0.004896,egemaps,,,0.035312,segment,1,0.1475,,,1.0,7,0.7,vishing_523_1,,
,,0.000365,0.187761,0.004948,egemaps,,,0.035312,segment,1,0.147136,,,1.0,8,0.7,vishing_523_1,,
,,0.000365,0.188594,0.004896,egemaps,,,0.036197,segment,1,0.147136,,,1.0,9,0.7,vishing_523_1,,
,,0.000364,0.559219,0.006823,egemaps,,,0.075573,segment,0,0.476459,,,0.003096365835517645,0,0.0021674560848623514,d04j18s016060_28,,
,,0.000416,0.616614,0.005469,egemaps,,,0.13,segment,0,0.480729,,,0.003096365835517645,1,0.0021674560848623514,d04j18s016060_28,,
,,0.000312,0.455573,0.005521,egemaps,,,0.044948,segment,0,0.404792,,,0.003096365835517645,2,0.0021674560848623514,d04j18s016060_28,,
,,0.000365,0.425938,0.005365,egemaps,,,0.041458,segment,0,0.37875,,,0.003096365835517645,3,0.0021674560848623514,d04j18s016060_28,,
,,0.000365,0.421719,0.005208,egemaps,,,0.040208,segment,0,0.375938,,,0.003096365835517645,4,0.0021674560848623514,d04j18s016060_28,,
,,0.000416,0.397083,0.005364,egemaps,,,0.04099,segment,0,0.350313,,,0.003096365835517645,5,0.0021674560848623514,d04j18s016060_28,,
,,0.000364,0.400208,0.005365,egemaps,,,0.041146,segment,0,0.353333,,,0.003096365835517645,6,0.0021674560848623514,d04j18s016060_28,,
,,0.000312,0.385312,0.005208,egemaps,,,0.041094,segment,0,0.338698,,,0.003096365835517645,7,0.0021674560848623514,d04j18s016060_28,,
,,0.000364,0.393698,0.005312,egemaps,,,0.041667,segment,0,0.346355,,,0.003096365835517645,8,0.0021674560848623514,d04j18s016060_28,,
,,0.000312,0.386354,0.005417,egemaps,,,0.039896,segment,0,0.340729,,,0.003096365835517645,9,0.0021674560848623514,d04j18s016060_28,,
,,0.00026,0.204323,0.005937,egemaps,,,0.039636,segment,1,0.15849,,,0.9999998807907104,0,0.6999999165534972,vishing_575_0,,
,,0.000312,0.151302,0.00526,egemaps,,,0.035209,segment,1,0.110521,,,0.9999998807907104,1,0.6999999165534972,vishing_575_0,,
,,0.000365,0.153125,0.004844,egemaps,,,0.048593,segment,1,0.099323,,,0.9999998807907104,2,0.6999999165534972,vishing_575_0,,
,,0.00026,0.139167,0.004844,egemaps,,,0.033854,segment,1,0.100209,,,0.9999998807907104,3,0.6999999165534972,vishing_575_0,,
,,0.000312,0.133229,0.004843,egemaps,,,0.033334,segment,1,0.09474,,,0.9999998807907104,4,0.6999999165534972,vishing_575_0,,
,,0.000312,0.13276,0.004791,egemaps,,,0.033282,segment,1,0.094375,,,0.9999998807907104,5,0.6999999165534972,vishing_575_0,,
,,0.00026,0.132916,0.004843,egemaps,,,0.03349,segment,1,0.094323,,,0.9999998807907104,6,0.6999999165534972,vishing_575_0,,
,,0.000313,0.132344,0.004896,egemaps,,,0.032656,segment,1,0.094479,,,0.9999998807907104,7,0.6999999165534972,vishing_575_0,,
,,0.000312,0.132604,0.004792,egemaps,,,0.033646,segment,1,0.093854,,,0.9999998807907104,8,0.6999999165534972,vishing_575_0,,
,,0.000261,0.132188,0.004792,egemaps,,,0.032916,segment,1,0.094219,,,0.9999998807907104,9,0.6999999165534972,vishing_575_0,,
,,0.000313,0.250782,0.007083,egemaps,,,0.037448,segment,1,0.205938,,,0.9999998807907104,0,0.6999999165534972,vishing_304_322,,
,,0.000365,0.19974,0.005052,egemaps,,,0.03625,segment,1,0.158073,,,0.9999998807907104,1,0.6999999165534972,vishing_304_322,,
,,0.000365,0.19349,0.006927,egemaps,,,0.035625,segment,1,0.150573,,,0.9999998807907104,2,0.6999999165534972,vishing_304_322,,
,,0.000364,0.191302,0.004896,egemaps,,,0.034427,segment,1,0.151615,,,0.9999998807907104,3,0.6999999165534972,vishing_304_322,,
,,0.000312,0.189219,0.004895,egemaps,,,0.035157,segment,1,0.148855,,,0.9999998807907104,4,0.6999999165534972,vishing_304_322,,
,,0.000313,0.192136,0.004843,egemaps,,,0.035,segment,1,0.15198,,,0.9999998807907104,5,0.6999999165534972,vishing_304_322,,
,,0.000364,0.190156,0.004792,egemaps,,,0.03474,segment,1,0.15026,,,0.9999998807907104,6,0.6999999165534972,vishing_304_322,,
,,0.000312,0.191354,0.004844,egemaps,,,0.034948,segment,1,0.15125,,,0.9999998807907104,7,0.6999999165534972,vishing_304_322,,
,,0.000313,0.192605,0.004844,egemaps,,,0.035104,segment,1,0.152344,,,0.9999998807907104,8,0.6999999165534972,vishing_304_322,,
,,0.000364,0.188593,0.004896,egemaps,,,0.034792,segment,1,0.148541,,,0.9999998807907104,9,0.6999999165534972,vishing_304_322,,
,,0.000573,0.214636,0.006875,egemaps,,,0.038282,segment,1,0.168906,,,1.0,0,0.7,vishing_327_8,,
,,0.000313,0.173386,0.004947,egemaps,,,0.035573,segment,1,0.132553,,,1.0,1,0.7,vishing_327_8,,
,,0.000312,0.165104,0.004792,egemaps,,,0.034792,segment,1,0.125208,,,1.0,2,0.7,vishing_327_8,,
,,0.000312,0.164896,0.00474,egemaps,,,0.034688,segment,1,0.125156,,,1.0,3,0.7,vishing_327_8,,
,,0.000312,0.183958,0.004947,egemaps,,,0.036355,segment,1,0.142344,,,1.0,4,0.7,vishing_327_8,,
,,0.000312,0.16526,0.004792,egemaps,,,0.034531,segment,1,0.125625,,,1.0,5,0.7,vishing_327_8,,
,,0.000312,0.164323,0.004792,egemaps,,,0.034792,segment,1,0.124427,,,1.0,6,0.7,vishing_327_8,,
,,0.00026,0.165833,0.004739,egemaps,,,0.034011,segment,1,0.126823,,,1.0,7,0.7,vishing_327_8,,
,,0.000313,0.165573,0.005,egemaps,,,0.035052,segment,1,0.125208,,,1.0,8,0.7,vishing_327_8,,
,,0.000313,0.166563,0.004843,egemaps,,,0.034427,segment,1,0.12698,,,1.0,9,0.7,vishing_327_8,,
,,0.000469,0.454428,0.00651,egemaps,,,0.042292,segment,0,0.405157,,,0.01575957052409649,0,0.011031699366867542,d01j020s006622_1,,
,,0.000365,0.455573,0.006615,egemaps,,,0.043229,segment,0,0.405364,,,0.01575957052409649,1,0.011031699366867542,d01j020s006622_1,,
,,0.000416,0.371927,0.005313,egemaps,,,0.039792,segment,0,0.326406,,,0.01575957052409649,2,0.011031699366867542,d01j020s006622_1,,
,,0.000313,0.377448,0.005261,egemaps,,,0.039791,segment,0,0.332083,,,0.01575957052409649,3,0.011031699366867542,d01j020s006622_1,,
,,0.000312,0.366562,0.005468,egemaps,,,0.039688,segment,0,0.321094,,,0.01575957052409649,4,0.011031699366867542,d01j020s006622_1,,
,,0.000365,0.364844,0.005208,egemaps,,,0.03901,segment,0,0.320261,,,0.01575957052409649,5,0.011031699366867542,d01j020s006622_1,,
,,0.000365,0.369479,0.005573,egemaps,,,0.039271,segment,0,0.32427,,,0.01575957052409649,6,0.011031699366867542,d01j020s006622_1,,
,,0.000365,0.393594,0.005521,egemaps,,,0.043333,segment,0,0.344375,,,0.01575957052409649,7,0.011031699366867542,d01j020s006622_1,,
,,0.000364,0.367917,0.005364,egemaps,,,0.039011,segment,0,0.323178,,,0.01575957052409649,8,0.011031699366867542,d01j020s006622_1,,
,,0.000312,0.393385,0.00526,egemaps,,,0.038542,segment,0,0.349271,,,0.01575957052409649,9,0.011031699366867542,d01j020s006622_1,,
,,0.000313,0.591354,0.007135,egemaps,,,0.077031,segment,1,0.506875,,,1.0,0,0.7,vishing_368_109,,
,,0.000312,0.545312,0.005417,egemaps,,,0.062552,segment,1,0.477031,,,1.0,1,0.7,vishing_368_109,,
,,0.000365,0.436979,0.005625,egemaps,,,0.042395,segment,1,0.388594,,,1.0,2,0.7,vishing_368_109,,
,,0.000313,0.420209,0.006406,egemaps,,,0.043281,segment,1,0.370209,,,1.0,3,0.7,vishing_368_109,,
,,0.000365,0.4125,0.005469,egemaps,,,0.041094,segment,1,0.365572,,,1.0,4,0.7,vishing_368_109,,
,,0.000313,0.497761,0.005469,egemaps,,,0.117812,segment,1,0.374167,,,1.0,5,0.7,vishing_368_109,,
,,0.000312,0.482708,0.005469,egemaps,,,0.067865,segment,1,0.409062,,,1.0,6,0.7,vishing_368_109,,
,,0.000312,0.431302,0.005677,egemaps,,,0.043125,segment,1,0.382188,,,1.0,7,0.7,vishing_368_109,,
,,0.000365,0.452188,0.005521,egemaps,,,0.040885,segment,1,0.405417,,,1.0,8,0.7,vishing_368_109,,
,,0.000365,0.428594,0.005365,egemaps,,,0.041979,segment,1,0.380885,,,1.0,9,0.7,vishing_368_109,,
,,0.000365,0.693229,0.006563,egemaps,,,0.073906,segment,1,0.612395,,,1.0,0,0.7,vishing_597_21,,
,,0.000365,0.646927,0.005469,egemaps,,,0.063958,segment,1,0.577135,,,1.0,1,0.7,vishing_597_21,,
,,0.000364,0.521198,0.005677,egemaps,,,0.064323,segment,1,0.450834,,,1.0,2,0.7,vishing_597_21,,
,,0.000365,0.528334,0.005468,egemaps,,,0.064792,segment,1,0.457709,,,1.0,3,0.7,vishing_597_21,,
,,0.000364,0.51776,0.005521,egemaps,,,0.065052,segment,1,0.446823,,,1.0,4,0.7,vishing_597_21,,
,,0.000365,0.51125,0.005469,egemaps,,,0.063489,segment,1,0.441927,,,1.0,5,0.7,vishing_597_21,,
,,0.000365,0.513959,0.005782,egemaps,,,0.064062,segment,1,0.44375,,,1.0,6,0.7,vishing_597_21,,
,,0.000364,0.518177,0.005625,egemaps,,,0.065521,segment,1,0.446667,,,1.0,7,0.7,vishing_597_21,,
,,0.000365,0.516459,0.005781,egemaps,,,0.065156,segment,1,0.445157,,,1.0,8,0.7,vishing_597_21,,
,,0.000365,0.514479,0.00573,egemaps,,,0.06427,segment,1,0.444114,,,1.0,9,0.7,vishing_597_21,,
,,0.000677,0.627084,0.008386,egemaps,,,0.065573,segment,0,0.552448,,,0.007881514728069305,0,0.005517060309648513,d02j08s004829_9,,
,,0.000365,0.52823,0.005937,egemaps,,,0.064115,segment,0,0.457813,,,0.007881514728069305,1,0.005517060309648513,d02j08s004829_9,,
,,0.000313,0.4175,0.005416,egemaps,,,0.043021,segment,0,0.36875,,,0.007881514728069305,2,0.005517060309648513,d02j08s004829_9,,
,,0.000365,0.406719,0.00526,egemaps,,,0.041094,segment,0,0.36,,,0.007881514728069305,3,0.005517060309648513,d02j08s004829_9,,
,,0.000313,0.405729,0.005469,egemaps,,,0.040781,segment,0,0.359166,,,0.007881514728069305,4,0.005517060309648513,d02j08s004829_9,,
,,0.000364,0.404271,0.005312,egemaps,,,0.040782,segment,0,0.357813,,,0.007881514728069305,5,0.005517060309648513,d02j08s004829_9,,
,,0.000417,0.407344,0.00526,egemaps,,,0.039531,segment,0,0.362136,,,0.007881514728069305,6,0.005517060309648513,d02j08s004829_9,,
,,0.000365,0.396928,0.005469,egemaps,,,0.040156,segment,0,0.350938,,,0.007881514728069305,7,0.005517060309648513,d02j08s004829_9,,
,,0.000313,0.39974,0.005469,egemaps,,,0.040989,segment,0,0.352969,,,0.007881514728069305,8,0.005517060309648513,d02j08s004829_9,,
,,0.000312,0.42651,0.005365,egemaps,,,0.042396,segment,0,0.378437,,,0.007881514728069305,9,0.005517060309648513,d02j08s004829_9,,
,,0.000313,0.247657,0.009479,egemaps,,,0.040156,segment,0,0.197709,,,0.001072889193892479,0,0.0007510224357247352,d01j020s006667_29,,
,,0.000312,0.15151,0.005052,egemaps,,,0.036198,segment,0,0.109948,,,0.001072889193892479,1,0.0007510224357247352,d01j020s006667_29,,
,,0.000312,0.14125,0.004844,egemaps,,,0.034375,segment,0,0.101719,,,0.001072889193892479,2,0.0007510224357247352,d01j020s006667_29,,
,,0.000313,0.139323,0.004947,egemaps,,,0.034375,segment,0,0.099688,,,0.001072889193892479,3,0.0007510224357247352,d01j020s006667_29,,
,,0.000312,0.137604,0.005,egemaps,,,0.032813,segment,0,0.099479,,,0.001072889193892479,4,0.0007510224357247352,d01j020s006667_29,,
,,0.000312,0.136354,0.005,egemaps,,,0.03224,segment,0,0.098802,,,0.001072889193892479,5,0.0007510224357247352,d01j020s006667_29,,
,,0.000261,0.136042,0.004896,egemaps,,,0.032343,segment,0,0.098542,,,0.001072889193892479,6,0.0007510224357247352,d01j020s006667_29,,
,,0.000313,0.137344,0.004896,egemaps,,,0.033021,segment,0,0.099114,,,0.001072889193892479,7,0.0007510224357247352,d01j020s006667_29,,
,,0.000312,0.136718,0.004791,egemaps,,,0.032813,segment,0,0.098802,,,0.001072889193892479,8,0.0007510224357247352,d01j020s006667_29,,
,,0.000313,0.135625,0.004844,egemaps,,,0.032656,segment,0,0.097812,,,0.001072889193892479,9,0.0007510224357247352,d01j020s006667_29,,
,,0.000365,0.642604,0.011562,egemaps,,,0.073021,segment,1,0.557656,,,1.0,0,0.7,vishing_523_77,,
,,0.000365,0.541094,0.005469,egemaps,,,0.062135,segment,1,0.473125,,,1.0,1,0.7,vishing_523_77,,
,,0.000364,0.419062,0.007031,egemaps,,,0.041823,segment,1,0.369844,,,1.0,2,0.7,vishing_523_77,,
,,0.000313,0.40698,0.005208,egemaps,,,0.04125,segment,1,0.360209,,,1.0,3,0.7,vishing_523_77,,
,,0.000364,0.454166,0.005313,egemaps,,,0.045156,segment,1,0.403333,,,1.0,4,0.7,vishing_523_77,,
,,0.000365,0.40224,0.005417,egemaps,,,0.042083,segment,1,0.354375,,,1.0,5,0.7,vishing_523_77,,
,,0.000365,0.399115,0.005157,egemaps,,,0.040937,segment,1,0.352656,,,1.0,6,0.7,vishing_523_77,,
,,0.000365,0.399323,0.00552,egemaps,,,0.040573,segment,1,0.352865,,,1.0,7,0.7,vishing_523_77,,
,,0.000313,0.398594,0.005468,egemaps,,,0.041094,segment,1,0.351719,,,1.0,8,0.7,vishing_523_77,,
,,0.000312,0.400312,0.005417,egemaps,,,0.041042,segment,1,0.353541,,,1.0,9,0.7,vishing_523_77,,
,,0.000313,0.240417,0.005885,egemaps,,,0.040156,segment,0,0.194063,,,0.007670609280467033,0,0.005369426496326923,d01j01s000551_9,,
,,0.000312,0.190052,0.005104,egemaps,,,0.036042,segment,0,0.148594,,,0.007670609280467033,1,0.005369426496326923,d01j01s000551_9,,
,,0.000312,0.172083,0.004896,egemaps,,,0.036042,segment,0,0.130833,,,0.007670609280467033,2,0.005369426496326923,d01j01s000551_9,,
,,0.00026,0.168229,0.005157,egemaps,,,0.035208,segment,0,0.127604,,,0.007670609280467033,3,0.005369426496326923,d01j01s000551_9,,
,,0.000365,0.167448,0.004791,egemaps,,,0.035677,segment,0,0.126615,,,0.007670609280467033,4,0.005369426496326923,d01j01s000551_9,,
,,0.000312,0.166875,0.004948,egemaps,,,0.034844,segment,0,0.126771,,,0.007670609280467033,5,0.005369426496326923,d01j01s000551_9,,
,,0.000312,0.166094,0.004844,egemaps,,,0.035261,segment,0,0.125677,,,0.007670609280467033,6,0.005369426496326923,d01j01s000551_9,,
,,0.000313,0.16474,0.004896,egemaps,,,0.034114,segment,0,0.125417,,,0.007670609280467033,7,0.005369426496326923,d01j01s000551_9,,
,,0.000313,0.18599,0.004896,egemaps,,,0.035156,segment,0,0.145625,,,0.007670609280467033,8,0.005369426496326923,d01j01s000551_9,,
,,0.000312,0.165833,0.005104,egemaps,,,0.033959,segment,0,0.126458,,,0.007670609280467033,9,0.005369426496326923,d01j01s000551_9,,
,,0.000365,0.417917,0.007761,egemaps,,,0.040885,segment,0,0.368906,,,0.015357033349573612,0,0.010749923344701528,d02j08s000640_2,,
,,0.000365,0.399115,0.005885,egemaps,,,0.040573,segment,0,0.352292,,,0.015357033349573612,1,0.010749923344701528,d02j08s000640_2,,
,,0.000312,0.344791,0.005157,egemaps,,,0.03901,segment,0,0.300312,,,0.015357033349573612,2,0.010749923344701528,d02j08s000640_2,,
,,0.000313,0.347917,0.005208,egemaps,,,0.040052,segment,0,0.302344,,,0.015357033349573612,3,0.010749923344701528,d02j08s000640_2,,
,,0.000364,0.348073,0.005417,egemaps,,,0.037969,segment,0,0.304323,,,0.015357033349573612,4,0.010749923344701528,d02j08s000640_2,,
,,0.000364,0.344687,0.005313,egemaps,,,0.039375,segment,0,0.299635,,,0.015357033349573612,5,0.010749923344701528,d02j08s000640_2,,
,,0.000364,0.341771,0.005312,egemaps,,,0.038855,segment,0,0.29724,,,0.015357033349573612,6,0.010749923344701528,d02j08s000640_2,,
,,0.000313,0.351302,0.006459,egemaps,,,0.039114,segment,0,0.305416,,,0.015357033349573612,7,0.010749923344701528,d02j08s000640_2,,
,,0.000365,0.350104,0.005573,egemaps,,,0.038906,segment,0,0.30526,,,0.015357033349573612,8,0.010749923344701528,d02j08s000640_2,,
,,0.000312,0.361979,0.00526,egemaps,,,0.054011,segment,0,0.302396,,,0.015357033349573612,9,0.010749923344701528,d02j08s000640_2,,
,,0.00026,0.276302,0.006302,egemaps,,,0.041302,segment,0,0.228438,,,0.0024028588086366653,0,0.0016820011660456657,d01j020s003787_31,,
,,0.000312,0.221302,0.005469,egemaps,,,0.038646,segment,0,0.176875,,,0.0024028588086366653,1,0.0016820011660456657,d01j020s003787_31,,
,,0.000312,0.190937,0.005104,egemaps,,,0.036563,segment,0,0.148958,,,0.0024028588086366653,2,0.0016820011660456657,d01j020s003787_31,,
,,0.000313,0.18974,0.005,egemaps,,,0.035937,segment,0,0.14849,,,0.0024028588086366653,3,0.0016820011660456657,d01j020s003787_31,,
,,0.00026,0.188541,0.005052,egemaps,,,0.036406,segment,0,0.146823,,,0.0024028588086366653,4,0.0016820011660456657,d01j020s003787_31,,
,,0.000364,0.186354,0.00526,egemaps,,,0.035313,segment,0,0.145417,,,0.0024028588086366653,5,0.0016820011660456657,d01j020s003787_31,,
,,0.000261,0.185625,0.005,egemaps,,,0.035208,segment,0,0.145156,,,0.0024028588086366653,6,0.0016820011660456657,d01j020s003787_31,,
,,0.000313,0.182552,0.005,egemaps,,,0.034427,segment,0,0.142812,,,0.0024028588086366653,7,0.0016820011660456657,d01j020s003787_31,,
,,0.000313,0.182448,0.005052,egemaps,,,0.034323,segment,0,0.14276,,,0.0024028588086366653,8,0.0016820011660456657,d01j020s003787_31,,
,,0.000312,0.18125,0.005052,egemaps,,,0.034636,segment,0,0.14125,,,0.0024028588086366653,9,0.0016820011660456657,d01j020s003787_31,,
,,0.000364,0.579427,0.006354,egemaps,,,0.074844,segment,0,0.497865,,,0.006334790028631687,0,0.004434353020042181,d02j09s004760_3,,
,,0.000417,0.574271,0.005521,egemaps,,,0.063385,segment,0,0.504948,,,0.006334790028631687,1,0.004434353020042181,d02j09s004760_3,,
,,0.000364,0.474739,0.005417,egemaps,,,0.042344,segment,0,0.426614,,,0.006334790028631687,2,0.004434353020042181,d02j09s004760_3,,
,,0.000417,0.473958,0.005469,egemaps,,,0.042187,segment,0,0.425885,,,0.006334790028631687,3,0.004434353020042181,d02j09s004760_3,,
,,0.000313,0.450156,0.005261,egemaps,,,0.040468,segment,0,0.404114,,,0.006334790028631687,4,0.004434353020042181,d02j09s004760_3,,
,,0.000416,0.451041,0.00526,egemaps,,,0.041511,segment,0,0.403854,,,0.006334790028631687,5,0.004434353020042181,d02j09s004760_3,,
,,0.000365,0.462344,0.005313,egemaps,,,0.040937,segment,0,0.415729,,,0.006334790028631687,6,0.004434353020042181,d02j09s004760_3,,
,,0.000365,0.466146,0.005468,egemaps,,,0.041823,segment,0,0.41849,,,0.006334790028631687,7,0.004434353020042181,d02j09s004760_3,,
,,0.000312,0.471823,0.005313,egemaps,,,0.041042,segment,0,0.425156,,,0.006334790028631687,8,0.004434353020042181,d02j09s004760_3,,
,,0.000312,0.454687,0.005261,egemaps,,,0.041302,segment,0,0.407812,,,0.006334790028631687,9,0.004434353020042181,d02j09s004760_3,,
,,0.000781,0.518698,0.00625,egemaps,,,0.071563,segment,0,0.440104,,,0.0019262341083958745,0,0.0013483638758771122,d01j020s004061_28,,
,,0.000365,0.496094,0.005573,egemaps,,,0.049844,segment,0,0.440312,,,0.0019262341083958745,1,0.0013483638758771122,d01j020s004061_28,,
,,0.000312,0.419218,0.005261,egemaps,,,0.04125,segment,0,0.372395,,,0.0019262341083958745,2,0.0013483638758771122,d01j020s004061_28,,
,,0.000313,0.415417,0.005469,egemaps,,,0.042135,segment,0,0.3675,,,0.0019262341083958745,3,0.0013483638758771122,d01j020s004061_28,,
,,0.000312,0.423021,0.005313,egemaps,,,0.040417,segment,0,0.376979,,,0.0019262341083958745,4,0.0013483638758771122,d01j020s004061_28,,
,,0.000313,0.418386,0.005364,egemaps,,,0.041146,segment,0,0.371563,,,0.0019262341083958745,5,0.0013483638758771122,d01j020s004061_28,,
,,0.000365,0.434844,0.005312,egemaps,,,0.040625,segment,0,0.388542,,,0.0019262341083958745,6,0.0013483638758771122,d01j020s004061_28,,
,,0.000312,0.418229,0.00526,egemaps,,,0.04099,segment,0,0.371667,,,0.0019262341083958745,7,0.0013483638758771122,d01j020s004061_28,,
,,0.000364,0.437656,0.005156,egemaps,,,0.040313,segment,0,0.391823,,,0.0019262341083958745,8,0.0013483638758771122,d01j020s004061_28,,
,,0.000417,0.410625,0.00526,egemaps,,,0.040885,segment,0,0.364063,,,0.0019262341083958745,9,0.0013483638758771122,d01j020s004061_28,,
,,0.000313,0.219428,0.007291,egemaps,,,0.038646,segment,1,0.173178,,,1.0,0,0.7,vishing_653_28,,
,,0.000312,0.158177,0.005157,egemaps,,,0.03625,segment,1,0.116458,,,1.0,1,0.7,vishing_653_28,,
,,0.000313,0.135469,0.004948,egemaps,,,0.034531,segment,1,0.095677,,,1.0,2,0.7,vishing_653_28,,
,,0.000261,0.133334,0.004844,egemaps,,,0.033958,segment,1,0.094271,,,1.0,3,0.7,vishing_653_28,,
,,0.000261,0.131771,0.004792,egemaps,,,0.033333,segment,1,0.093385,,,1.0,4,0.7,vishing_653_28,,
,,0.000312,0.133437,0.00474,egemaps,,,0.033698,segment,1,0.094687,,,1.0,5,0.7,vishing_653_28,,
,,0.000313,0.133021,0.004896,egemaps,,,0.033333,segment,1,0.094479,,,1.0,6,0.7,vishing_653_28,,
,,0.000364,0.134323,0.004895,egemaps,,,0.033334,segment,1,0.09573,,,1.0,7,0.7,vishing_653_28,,
,,0.000365,0.132135,0.004844,egemaps,,,0.033072,segment,1,0.093854,,,1.0,8,0.7,vishing_653_28,,
,,0.000365,0.132448,0.004792,egemaps,,,0.033229,segment,1,0.094062,,,1.0,9,0.7,vishing_653_28,,
,,0.000313,0.436615,0.006198,egemaps,,,0.040625,segment,0,0.389479,,,0.010888668708503246,0,0.007622068095952272,d02j12s000074_1,,
,,0.000365,0.393021,0.005157,egemaps,,,0.039531,segment,0,0.347968,,,0.010888668708503246,1,0.007622068095952272,d02j12s000074_1,,
,,0.000313,0.351094,0.005052,egemaps,,,0.038958,segment,0,0.306771,,,0.010888668708503246,2,0.007622068095952272,d02j12s000074_1,,
,,0.000365,0.349375,0.005209,egemaps,,,0.038437,segment,0,0.305364,,,0.010888668708503246,3,0.007622068095952272,d02j12s000074_1,,
,,0.000417,0.352604,0.005312,egemaps,,,0.039375,segment,0,0.3075,,,0.010888668708503246,4,0.007622068095952272,d02j12s000074_1,,
,,0.000364,0.347864,0.005,egemaps,,,0.038594,segment,0,0.303906,,,0.010888668708503246,5,0.007622068095952272,d02j12s000074_1,,
,,0.000364,0.347656,0.005209,egemaps,,,0.038802,segment,0,0.303281,,,0.010888668708503246,6,0.007622068095952272,d02j12s000074_1,,
,,0.000313,0.362344,0.005,egemaps,,,0.039948,segment,0,0.317083,,,0.010888668708503246,7,0.007622068095952272,d02j12s000074_1,,
,,0.000416,0.33927,0.005209,egemaps,,,0.039479,segment,0,0.294166,,,0.010888668708503246,8,0.007622068095952272,d02j12s000074_1,,
,,0.000364,0.341145,0.005,egemaps,,,0.039271,segment,0,0.29651,,,0.010888668708503246,9,0.007622068095952272,d02j12s000074_1,,
,,0.000313,0.232761,0.01099,egemaps,,,0.038958,segment,1,0.1825,,,1.0,0,0.7,vishing_552_17,,
,,0.000312,0.15625,0.004948,egemaps,,,0.035313,segment,1,0.115677,,,1.0,1,0.7,vishing_552_17,,
,,0.000313,0.149115,0.004895,egemaps,,,0.034219,segment,1,0.109688,,,1.0,2,0.7,vishing_552_17,,
,,0.000312,0.148646,0.004792,egemaps,,,0.033802,segment,1,0.10974,,,1.0,3,0.7,vishing_552_17,,
,,0.000313,0.147553,0.004948,egemaps,,,0.034323,segment,1,0.107969,,,1.0,4,0.7,vishing_552_17,,
,,0.000313,0.14823,0.004896,egemaps,,,0.033437,segment,1,0.109584,,,1.0,5,0.7,vishing_552_17,,
,,0.000364,0.146823,0.004896,egemaps,,,0.034063,segment,1,0.1075,,,1.0,6,0.7,vishing_552_17,,
,,0.000364,0.146406,0.005,egemaps,,,0.033334,segment,1,0.107708,,,1.0,7,0.7,vishing_552_17,,
,,0.000365,0.147708,0.005885,egemaps,,,0.033958,segment,1,0.1075,,,1.0,8,0.7,vishing_552_17,,
,,0.000261,0.149063,0.004948,egemaps,,,0.034114,segment,1,0.10974,,,1.0,9,0.7,vishing_552_17,,
,,0.000313,0.219792,0.008177,egemaps,,,0.037552,segment,1,0.17375,,,1.0,0,0.7,vishing_304_63,,
,,0.000313,0.183386,0.004844,egemaps,,,0.035937,segment,1,0.142292,,,1.0,1,0.7,vishing_304_63,,
,,0.000313,0.168802,0.004896,egemaps,,,0.035208,segment,1,0.128385,,,1.0,2,0.7,vishing_304_63,,
,,0.000365,0.165834,0.004896,egemaps,,,0.03526,segment,1,0.125313,,,1.0,3,0.7,vishing_304_63,,
,,0.000313,0.166042,0.004739,egemaps,,,0.034844,segment,1,0.126146,,,1.0,4,0.7,vishing_304_63,,
,,0.000312,0.164583,0.004687,egemaps,,,0.035417,segment,1,0.124167,,,1.0,5,0.7,vishing_304_63,,
,,0.000313,0.18651,0.004947,egemaps,,,0.035625,segment,1,0.145625,,,1.0,6,0.7,vishing_304_63,,
,,0.000313,0.16625,0.004896,egemaps,,,0.034375,segment,1,0.126666,,,1.0,7,0.7,vishing_304_63,,
,,0.000365,0.171094,0.004844,egemaps,,,0.036197,segment,1,0.129688,,,1.0,8,0.7,vishing_304_63,,
,,0.000312,0.170677,0.004844,egemaps,,,0.03474,segment,1,0.130781,,,1.0,9,0.7,vishing_304_63,,
,,0.000312,0.2075,0.00901,egemaps,,,0.037813,segment,1,0.160365,,,1.0,0,0.7,vishing_617_72,,
,,0.00026,0.146614,0.004895,egemaps,,,0.034063,segment,1,0.107396,,,1.0,1,0.7,vishing_617_72,,
,,0.000312,0.145989,0.004844,egemaps,,,0.035365,segment,1,0.105468,,,1.0,2,0.7,vishing_617_72,,
,,0.00026,0.142396,0.004844,egemaps,,,0.033125,segment,1,0.104167,,,1.0,3,0.7,vishing_617_72,,
,,0.000313,0.138594,0.00474,egemaps,,,0.032864,segment,1,0.100677,,,1.0,4,0.7,vishing_617_72,,
,,0.000313,0.141094,0.004895,egemaps,,,0.034323,segment,1,0.101563,,,1.0,5,0.7,vishing_617_72,,
,,0.000313,0.143438,0.004896,egemaps,,,0.034479,segment,1,0.10375,,,1.0,6,0.7,vishing_617_72,,
,,0.00026,0.141823,0.004791,egemaps,,,0.032865,segment,1,0.103907,,,1.0,7,0.7,vishing_617_72,,
,,0.000312,0.14151,0.004844,egemaps,,,0.033438,segment,1,0.102916,,,1.0,8,0.7,vishing_617_72,,
,,0.000261,0.144271,0.004843,egemaps,,,0.03375,segment,1,0.105417,,,1.0,9,0.7,vishing_617_72,,
,,0.000417,0.607813,0.00724,egemaps,,,0.078021,segment,0,0.522135,,,0.004864238202571869,0,0.003404966741800308,d02j12s000857_15,,
,,0.000313,0.585781,0.005989,egemaps,,,0.063698,segment,0,0.515781,,,0.004864238202571869,1,0.003404966741800308,d02j12s000857_15,,
,,0.000312,0.528437,0.005417,egemaps,,,0.118281,segment,0,0.404427,,,0.004864238202571869,2,0.003404966741800308,d02j12s000857_15,,
,,0.000313,0.481667,0.005312,egemaps,,,0.067396,segment,0,0.408646,,,0.004864238202571869,3,0.003404966741800308,d02j12s000857_15,,
,,0.000313,0.450938,0.005468,egemaps,,,0.043073,segment,0,0.402084,,,0.004864238202571869,4,0.003404966741800308,d02j12s000857_15,,
,,0.000313,0.450157,0.005312,egemaps,,,0.041094,segment,0,0.403438,,,0.004864238202571869,5,0.003404966741800308,d02j12s000857_15,,
,,0.000313,0.452604,0.005312,egemaps,,,0.041354,segment,0,0.405625,,,0.004864238202571869,6,0.003404966741800308,d02j12s000857_15,,
,,0.000364,0.457552,0.005208,egemaps,,,0.04099,segment,0,0.41099,,,0.004864238202571869,7,0.003404966741800308,d02j12s000857_15,,
,,0.000364,0.45302,0.005417,egemaps,,,0.041146,segment,0,0.406093,,,0.004864238202571869,8,0.003404966741800308,d02j12s000857_15,,
,,0.000364,0.454583,0.005209,egemaps,,,0.040729,segment,0,0.408281,,,0.004864238202571869,9,0.003404966741800308,d02j12s000857_15,,
,,0.000364,0.578802,0.006823,egemaps,,,0.073334,segment,0,0.498281,,,0.003426013980060816,0,0.002398209786042571,d04j18s020386_2,,
,,0.000365,0.53823,0.00526,egemaps,,,0.081146,segment,0,0.451459,,,0.003426013980060816,1,0.002398209786042571,d04j18s020386_2,,
,,0.000365,0.410417,0.00526,egemaps,,,0.041927,segment,0,0.362865,,,0.003426013980060816,2,0.002398209786042571,d04j18s020386_2,,
,,0.000312,0.402031,0.005312,egemaps,,,0.041563,segment,0,0.354844,,,0.003426013980060816,3,0.002398209786042571,d04j18s020386_2,,
,,0.000365,0.4025,0.005364,egemaps,,,0.040625,segment,0,0.356146,,,0.003426013980060816,4,0.002398209786042571,d04j18s020386_2,,
,,0.000364,0.39901,0.005261,egemaps,,,0.040156,segment,0,0.353229,,,0.003426013980060816,5,0.002398209786042571,d04j18s020386_2,,
,,0.000312,0.398698,0.005261,egemaps,,,0.040208,segment,0,0.352917,,,0.003426013980060816,6,0.002398209786042571,d04j18s020386_2,,
,,0.000364,0.400364,0.005261,egemaps,,,0.040469,segment,0,0.35427,,,0.003426013980060816,7,0.002398209786042571,d04j18s020386_2,,
,,0.000364,0.4225,0.005052,egemaps,,,0.040053,segment,0,0.377031,,,0.003426013980060816,8,0.002398209786042571,d04j18s020386_2,,
,,0.000313,0.399115,0.005261,egemaps,,,0.039739,segment,0,0.353802,,,0.003426013980060816,9,0.002398209786042571,d04j18s020386_2,,
,,0.000313,0.605,0.007657,egemaps,,,0.07026,segment,0,0.52677,,,0.008037334308028221,0,0.005626134015619754,d01j04s006561_3,,
,,0.000364,0.45,0.005261,egemaps,,,0.040208,segment,0,0.404167,,,0.008037334308028221,1,0.005626134015619754,d01j04s006561_3,,
,,0.000313,0.367188,0.005156,egemaps,,,0.039687,segment,0,0.322032,,,0.008037334308028221,2,0.005626134015619754,d01j04s006561_3,,
,,0.000365,0.366354,0.005261,egemaps,,,0.039687,segment,0,0.321041,,,0.008037334308028221,3,0.005626134015619754,d01j04s006561_3,,
,,0.000313,0.368542,0.005104,egemaps,,,0.039167,segment,0,0.323958,,,0.008037334308028221,4,0.005626134015619754,d01j04s006561_3,,
,,0.000365,0.374844,0.005313,egemaps,,,0.039427,segment,0,0.329739,,,0.008037334308028221,5,0.005626134015619754,d01j04s006561_3,,
,,0.000365,0.377031,0.005156,egemaps,,,0.039635,segment,0,0.331875,,,0.008037334308028221,6,0.005626134015619754,d01j04s006561_3,,
,,0.000364,0.374375,0.005521,egemaps,,,0.03974,segment,0,0.32875,,,0.008037334308028221,7,0.005626134015619754,d01j04s006561_3,,
,,0.000364,0.360572,0.005208,egemaps,,,0.039219,segment,0,0.315781,,,0.008037334308028221,8,0.005626134015619754,d01j04s006561_3,,
,,0.000313,0.383438,0.005053,egemaps,,,0.057916,segment,0,0.320156,,,0.008037334308028221,9,0.005626134015619754,d01j04s006561_3,,
,,0.000364,0.648177,0.008593,egemaps,,,0.070938,segment,1,0.568282,,,1.0,0,0.7,vishing_575_22,,
,,0.000365,0.608855,0.00526,egemaps,,,0.062865,segment,1,0.540365,,,1.0,1,0.7,vishing_575_22,,
,,0.000365,0.517761,0.005313,egemaps,,,0.079791,segment,1,0.432292,,,1.0,2,0.7,vishing_575_22,,
,,0.000312,0.495937,0.005469,egemaps,,,0.06625,segment,1,0.423906,,,1.0,3,0.7,vishing_575_22,,
,,0.000416,0.489427,0.005313,egemaps,,,0.055104,segment,1,0.428594,,,1.0,4,0.7,vishing_575_22,,
,,0.000364,0.512239,0.005208,egemaps,,,0.07974,segment,1,0.426927,,,1.0,5,0.7,vishing_575_22,,
,,0.000364,0.496875,0.00526,egemaps,,,0.060209,segment,1,0.431042,,,1.0,6,0.7,vishing_575_22,,
,,0.000365,0.606563,0.005416,egemaps,,,0.06375,segment,1,0.537032,,,1.0,7,0.7,vishing_575_22,,
,,0.000364,0.517396,0.005156,egemaps,,,0.080157,segment,1,0.431719,,,1.0,8,0.7,vishing_575_22,,
,,0.000312,0.498593,0.005469,egemaps,,,0.060833,segment,1,0.431979,,,1.0,9,0.7,vishing_575_22,,
,,0.000313,0.384375,0.007188,egemaps,,,0.042916,segment,0,0.333958,,,0.05481274798512459,0,0.03836892358958721,d02j09s002121_3,,
,,0.000365,0.332031,0.007083,egemaps,,,0.038802,segment,0,0.285781,,,0.05481274798512459,1,0.03836892358958721,d02j09s002121_3,,
,,0.000313,0.286719,0.005105,egemaps,,,0.037968,segment,0,0.243333,,,0.05481274798512459,2,0.03836892358958721,d02j09s002121_3,,
,,0.000313,0.29875,0.005208,egemaps,,,0.040052,segment,0,0.253177,,,0.05481274798512459,3,0.03836892358958721,d02j09s002121_3,,
,,0.000312,0.291822,0.005208,egemaps,,,0.037865,segment,0,0.248437,,,0.05481274798512459,4,0.03836892358958721,d02j09s002121_3,,
,,0.000312,0.281771,0.005261,egemaps,,,0.038854,segment,0,0.237344,,,0.05481274798512459,5,0.03836892358958721,d02j09s002121_3,,
,,0.000417,0.290781,0.005208,egemaps,,,0.039583,segment,0,0.245573,,,0.05481274798512459,6,0.03836892358958721,d02j09s002121_3,,
,,0.000313,0.307657,0.005261,egemaps,,,0.039062,segment,0,0.263021,,,0.05481274798512459,7,0.03836892358958721,d02j09s002121_3,,
,,0.000365,0.279011,0.005208,egemaps,,,0.037396,segment,0,0.236042,,,0.05481274798512459,8,0.03836892358958721,d02j09s002121_3,,
,,0.000469,0.281719,0.005312,egemaps,,,0.038229,segment,0,0.237709,,,0.05481274798512459,9,0.03836892358958721,d02j09s002121_3,,
,,0.000313,0.583646,0.007396,egemaps,,,0.071302,segment,0,0.504635,,,0.0077938511967659,0,0.00545569583773613,d01j04s006561_7,,
,,0.000364,0.463229,0.005313,egemaps,,,0.041719,segment,0,0.415833,,,0.0077938511967659,1,0.00545569583773613,d01j04s006561_7,,
,,0.000364,0.402708,0.005469,egemaps,,,0.039948,segment,0,0.356927,,,0.0077938511967659,2,0.00545569583773613,d01j04s006561_7,,
,,0.000365,0.400469,0.005156,egemaps,,,0.041354,segment,0,0.353594,,,0.0077938511967659,3,0.00545569583773613,d01j04s006561_7,,
,,0.000416,0.391302,0.005365,egemaps,,,0.040573,segment,0,0.344948,,,0.0077938511967659,4,0.00545569583773613,d01j04s006561_7,,
,,0.000365,0.388958,0.005209,egemaps,,,0.041666,segment,0,0.341718,,,0.0077938511967659,5,0.00545569583773613,d01j04s006561_7,,
,,0.000365,0.396459,0.005157,egemaps,,,0.040989,segment,0,0.349948,,,0.0077938511967659,6,0.00545569583773613,d01j04s006561_7,,
,,0.000364,0.441406,0.005261,egemaps,,,0.055729,segment,0,0.380052,,,0.0077938511967659,7,0.00545569583773613,d01j04s006561_7,,
,,0.000521,0.40125,0.005364,egemaps,,,0.042188,segment,0,0.353177,,,0.0077938511967659,8,0.00545569583773613,d01j04s006561_7,,
,,0.000364,0.394687,0.005157,egemaps,,,0.041979,segment,0,0.347187,,,0.0077938511967659,9,0.00545569583773613,d01j04s006561_7,,
,,0.000416,0.261562,0.00599,egemaps,,,0.042292,segment,1,0.212864,,,0.9999996423721313,0,0.6999997496604919,vishing_307_89,,
,,0.000313,0.194427,0.004948,egemaps,,,0.037604,segment,1,0.151562,,,0.9999996423721313,1,0.6999997496604919,vishing_307_89,,
,,0.000313,0.16823,0.005,egemaps,,,0.036094,segment,1,0.126823,,,0.9999996423721313,2,0.6999997496604919,vishing_307_89,,
,,0.000469,0.169219,0.004896,egemaps,,,0.03651,segment,1,0.127344,,,0.9999996423721313,3,0.6999997496604919,vishing_307_89,,
,,0.000365,0.167448,0.004844,egemaps,,,0.035052,segment,1,0.127187,,,0.9999996423721313,4,0.6999997496604919,vishing_307_89,,
,,0.000364,0.167395,0.005052,egemaps,,,0.035365,segment,1,0.126614,,,0.9999996423721313,5,0.6999997496604919,vishing_307_89,,
,,0.000417,0.16651,0.004843,egemaps,,,0.035052,segment,1,0.126198,,,0.9999996423721313,6,0.6999997496604919,vishing_307_89,,
,,0.000469,0.163021,0.005052,egemaps,,,0.033802,segment,1,0.123698,,,0.9999996423721313,7,0.6999997496604919,vishing_307_89,,
,,0.000365,0.165938,0.004844,egemaps,,,0.03401,segment,1,0.126719,,,0.9999996423721313,8,0.6999997496604919,vishing_307_89,,
,,0.000468,0.16927,0.004792,egemaps,,,0.034479,segment,1,0.129531,,,0.9999996423721313,9,0.6999997496604919,vishing_307_89,,
,,0.000261,0.178802,0.009114,egemaps,,,0.036823,segment,1,0.132604,,,1.0,0,0.7,vishing_653_121,,
,,0.000312,0.133073,0.004792,egemaps,,,0.03375,segment,1,0.094219,,,1.0,1,0.7,vishing_653_121,,
,,0.000313,0.128438,0.004896,egemaps,,,0.032916,segment,1,0.090313,,,1.0,2,0.7,vishing_653_121,,
,,0.000261,0.127292,0.004843,egemaps,,,0.032344,segment,1,0.089844,,,1.0,3,0.7,vishing_653_121,,
,,0.00026,0.127291,0.004895,egemaps,,,0.032917,segment,1,0.089219,,,1.0,4,0.7,vishing_653_121,,
,,0.000312,0.148333,0.004844,egemaps,,,0.052604,segment,1,0.090573,,,1.0,5,0.7,vishing_653_121,,
,,0.00026,0.131041,0.004791,egemaps,,,0.034063,segment,1,0.091927,,,1.0,6,0.7,vishing_653_121,,
,,0.000313,0.127969,0.004688,egemaps,,,0.03276,segment,1,0.090208,,,1.0,7,0.7,vishing_653_121,,
,,0.000313,0.127917,0.004688,egemaps,,,0.032812,segment,1,0.090104,,,1.0,8,0.7,vishing_653_121,,
,,0.000313,0.12849,0.00474,egemaps,,,0.032604,segment,1,0.090833,,,1.0,9,0.7,vishing_653_121,,
,,0.000313,0.247135,0.007552,egemaps,,,0.037083,segment,1,0.202187,,,1.0,0,0.7,vishing_366_6,,
,,0.000468,0.224531,0.005052,egemaps,,,0.035157,segment,1,0.183854,,,1.0,1,0.7,vishing_366_6,,
,,0.000312,0.194375,0.004792,egemaps,,,0.035573,segment,1,0.153698,,,1.0,2,0.7,vishing_366_6,,
,,0.000312,0.190625,0.004896,egemaps,,,0.035,segment,1,0.150417,,,1.0,3,0.7,vishing_366_6,,
,,0.000365,0.187448,0.004791,egemaps,,,0.035573,segment,1,0.146719,,,1.0,4,0.7,vishing_366_6,,
,,0.000417,0.189375,0.004792,egemaps,,,0.034271,segment,1,0.149895,,,1.0,5,0.7,vishing_366_6,,
,,0.000313,0.189323,0.004948,egemaps,,,0.034844,segment,1,0.149218,,,1.0,6,0.7,vishing_366_6,,
,,0.000313,0.190313,0.005,egemaps,,,0.034479,segment,1,0.150521,,,1.0,7,0.7,vishing_366_6,,
,,0.000261,0.188021,0.004792,egemaps,,,0.034635,segment,1,0.148333,,,1.0,8,0.7,vishing_366_6,,
,,0.000261,0.184479,0.004792,egemaps,,,0.035156,segment,1,0.14427,,,1.0,9,0.7,vishing_366_6,,
,,0.00026,0.245104,0.008229,egemaps,,,0.038698,segment,1,0.197917,,,1.0,0,0.7,vishing_327_33,,
,,0.000312,0.206823,0.006459,egemaps,,,0.036094,segment,1,0.163958,,,1.0,1,0.7,vishing_327_33,,
,,0.000313,0.187136,0.004791,egemaps,,,0.034896,segment,1,0.147136,,,1.0,2,0.7,vishing_327_33,,
,,0.00026,0.176354,0.004791,egemaps,,,0.034167,segment,1,0.137136,,,1.0,3,0.7,vishing_327_33,,
,,0.000312,0.172604,0.004792,egemaps,,,0.034948,segment,1,0.132552,,,1.0,4,0.7,vishing_327_33,,
,,0.00026,0.170104,0.004948,egemaps,,,0.034219,segment,1,0.130677,,,1.0,5,0.7,vishing_327_33,,
,,0.000312,0.287448,0.004948,egemaps,,,0.036875,segment,1,0.245313,,,1.0,6,0.7,vishing_327_33,,
,,0.000313,0.172813,0.004688,egemaps,,,0.034739,segment,1,0.133073,,,1.0,7,0.7,vishing_327_33,,
,,0.000261,0.173282,0.004843,egemaps,,,0.034844,segment,1,0.133334,,,1.0,8,0.7,vishing_327_33,,
,,0.000312,0.171927,0.004844,egemaps,,,0.034583,segment,1,0.132188,,,1.0,9,0.7,vishing_327_33,,
,,0.000625,0.173594,0.007657,egemaps,,,0.037187,segment,1,0.128125,,,0.9999998807907104,0,0.6999999165534972,vishing_368_68,,
,,0.000313,0.139479,0.004844,egemaps,,,0.033854,segment,1,0.100468,,,0.9999998807907104,1,0.6999999165534972,vishing_368_68,,
,,0.00026,0.135312,0.004688,egemaps,,,0.033125,segment,1,0.097239,,,0.9999998807907104,2,0.6999999165534972,vishing_368_68,,
,,0.000313,0.133021,0.00474,egemaps,,,0.033333,segment,1,0.094635,,,0.9999998807907104,3,0.6999999165534972,vishing_368_68,,
,,0.000312,0.134844,0.004791,egemaps,,,0.033282,segment,1,0.096459,,,0.9999998807907104,4,0.6999999165534972,vishing_368_68,,
,,0.000313,0.139792,0.004791,egemaps,,,0.03349,segment,1,0.101198,,,0.9999998807907104,5,0.6999999165534972,vishing_368_68,,
,,0.000313,0.137292,0.004688,egemaps,,,0.033541,segment,1,0.09875,,,0.9999998807907104,6,0.6999999165534972,vishing_368_68,,
,,0.000313,0.137656,0.004791,egemaps,,,0.03375,segment,1,0.098802,,,0.9999998807907104,7,0.6999999165534972,vishing_368_68,,
,,0.000261,0.136927,0.004791,egemaps,,,0.03375,segment,1,0.098125,,,0.9999998807907104,8,0.6999999165534972,vishing_368_68,,
,,0.000312,0.1375,0.00474,egemaps,,,0.033646,segment,1,0.098802,,,0.9999998807907104,9,0.6999999165534972,vishing_368_68,,
,,0.00026,0.195052,0.006927,egemaps,,,0.036302,segment,0,0.151563,,,0.021808089688420296,0,0.015265662781894207,d02j12s005273_7,,
,,0.000365,0.171875,0.005208,egemaps,,,0.035,segment,0,0.131302,,,0.021808089688420296,1,0.015265662781894207,d02j12s005273_7,,
,,0.000312,0.155312,0.004791,egemaps,,,0.03349,segment,0,0.116719,,,0.021808089688420296,2,0.015265662781894207,d02j12s005273_7,,
,,0.000261,0.15375,0.004844,egemaps,,,0.033593,segment,0,0.115052,,,0.021808089688420296,3,0.015265662781894207,d02j12s005273_7,,
,,0.000312,0.151146,0.004791,egemaps,,,0.033334,segment,0,0.112709,,,0.021808089688420296,4,0.015265662781894207,d02j12s005273_7,,
,,0.000261,0.150625,0.004688,egemaps,,,0.033541,segment,0,0.112135,,,0.021808089688420296,5,0.015265662781894207,d02j12s005273_7,,
,,0.00026,0.152031,0.00474,egemaps,,,0.033073,segment,0,0.113958,,,0.021808089688420296,6,0.015265662781894207,d02j12s005273_7,,
,,0.000313,0.152344,0.004792,egemaps,,,0.033645,segment,0,0.113594,,,0.021808089688420296,7,0.015265662781894207,d02j12s005273_7,,
,,0.000261,0.154219,0.00474,egemaps,,,0.033281,segment,0,0.115937,,,0.021808089688420296,8,0.015265662781894207,d02j12s005273_7,,
,,0.000312,0.166041,0.004688,egemaps,,,0.033854,segment,0,0.127187,,,0.021808089688420296,9,0.015265662781894207,d02j12s005273_7,,
,,0.000521,0.75276,0.008281,egemaps,,,0.081354,segment,1,0.662604,,,1.0,0,0.7,vishing_368_161,,
,,0.000416,0.82177,0.005937,egemaps,,,0.070417,segment,1,0.745,,,1.0,1,0.7,vishing_368_161,,
,,0.000312,0.56375,0.005781,egemaps,,,0.062761,segment,1,0.494896,,,1.0,2,0.7,vishing_368_161,,
,,0.000364,0.547969,0.005677,egemaps,,,0.064063,segment,1,0.477865,,,1.0,3,0.7,vishing_368_161,,
,,0.000416,0.550937,0.005834,egemaps,,,0.06375,segment,1,0.480937,,,1.0,4,0.7,vishing_368_161,,
,,0.000416,0.558698,0.005625,egemaps,,,0.066146,segment,1,0.486511,,,1.0,5,0.7,vishing_368_161,,
,,0.000417,0.55625,0.005938,egemaps,,,0.065052,segment,1,0.484843,,,1.0,6,0.7,vishing_368_161,,
,,0.000365,0.544688,0.005781,egemaps,,,0.060104,segment,1,0.478438,,,1.0,7,0.7,vishing_368_161,,
,,0.000312,0.546667,0.005573,egemaps,,,0.062448,segment,1,0.478334,,,1.0,8,0.7,vishing_368_161,,
,,0.000416,0.544739,0.005365,egemaps,,,0.061406,segment,1,0.477552,,,1.0,9,0.7,vishing_368_161,,
,,0.000364,0.554687,0.008594,egemaps,,,0.063802,segment,0,0.481927,,,0.0032316274009644985,0,0.0022621391806751487,d01j01s000122_3,,
,,0.000364,0.439583,0.005365,egemaps,,,0.041667,segment,0,0.392187,,,0.0032316274009644985,1,0.0022621391806751487,d01j01s000122_3,,
,,0.000365,0.379063,0.005521,egemaps,,,0.040937,segment,0,0.33224,,,0.0032316274009644985,2,0.0022621391806751487,d01j01s000122_3,,
,,0.000313,0.393125,0.005156,egemaps,,,0.055104,segment,0,0.332552,,,0.0032316274009644985,3,0.0022621391806751487,d01j01s000122_3,,
,,0.000364,0.377031,0.005365,egemaps,,,0.042917,segment,0,0.328385,,,0.0032316274009644985,4,0.0022621391806751487,d01j01s000122_3,,
,,0.000417,0.370833,0.00526,egemaps,,,0.039896,segment,0,0.32526,,,0.0032316274009644985,5,0.0022621391806751487,d01j01s000122_3,,
,,0.000365,0.370157,0.005365,egemaps,,,0.039479,segment,0,0.324948,,,0.0032316274009644985,6,0.0022621391806751487,d01j01s000122_3,,
,,0.000312,0.37026,0.005208,egemaps,,,0.04125,segment,0,0.32349,,,0.0032316274009644985,7,0.0022621391806751487,d01j01s000122_3,,
,,0.000364,0.378489,0.005416,egemaps,,,0.040105,segment,0,0.332604,,,0.0032316274009644985,8,0.0022621391806751487,d01j01s000122_3,,
,,0.000364,0.38276,0.005156,egemaps,,,0.039792,segment,0,0.337448,,,0.0032316274009644985,9,0.0022621391806751487,d01j01s000122_3,,
,,0.000365,0.242344,0.006042,egemaps,,,0.038489,segment,0,0.197448,,,0.0007058211485855281,0,0.0004940748040098697,d01j020s000577_15,,
,,0.000312,0.168281,0.005833,egemaps,,,0.035834,segment,0,0.126302,,,0.0007058211485855281,1,0.0004940748040098697,d01j020s000577_15,,
,,0.000365,0.147917,0.004844,egemaps,,,0.034635,segment,0,0.108073,,,0.0007058211485855281,2,0.0004940748040098697,d01j020s000577_15,,
,,0.000365,0.14849,0.004791,egemaps,,,0.034531,segment,0,0.108803,,,0.0007058211485855281,3,0.0004940748040098697,d01j020s000577_15,,
,,0.000313,0.150365,0.004896,egemaps,,,0.034114,segment,0,0.111042,,,0.0007058211485855281,4,0.0004940748040098697,d01j020s000577_15,,
,,0.000313,0.151875,0.004896,egemaps,,,0.034583,segment,0,0.112083,,,0.0007058211485855281,5,0.0004940748040098697,d01j020s000577_15,,
,,0.00026,0.151979,0.004792,egemaps,,,0.034948,segment,0,0.111979,,,0.0007058211485855281,6,0.0004940748040098697,d01j020s000577_15,,
,,0.00026,0.148645,0.004792,egemaps,,,0.03401,segment,0,0.109583,,,0.0007058211485855281,7,0.0004940748040098697,d01j020s000577_15,,
,,0.000313,0.15,0.004948,egemaps,,,0.033333,segment,0,0.111406,,,0.0007058211485855281,8,0.0004940748040098697,d01j020s000577_15,,
,,0.000313,0.243958,0.004948,egemaps,,,0.035416,segment,0,0.203281,,,0.0007058211485855281,9,0.0004940748040098697,d01j020s000577_15,,
,,0.000677,0.602865,0.006667,egemaps,,,0.072083,segment,1,0.523438,,,1.0,0,0.7,vishing_602_13,,
,,0.000364,0.531458,0.005625,egemaps,,,0.086302,segment,1,0.439167,,,1.0,1,0.7,vishing_602_13,,
,,0.000364,0.423594,0.006302,egemaps,,,0.041563,segment,1,0.375365,,,1.0,2,0.7,vishing_602_13,,
,,0.000313,0.415886,0.005364,egemaps,,,0.040625,segment,1,0.369584,,,1.0,3,0.7,vishing_602_13,,
,,0.000312,0.430833,0.005208,egemaps,,,0.040417,segment,1,0.384896,,,1.0,4,0.7,vishing_602_13,,
,,0.000364,0.431979,0.00552,egemaps,,,0.04198,segment,1,0.384115,,,1.0,5,0.7,vishing_602_13,,
,,0.000365,0.434115,0.005312,egemaps,,,0.04125,segment,1,0.387188,,,1.0,6,0.7,vishing_602_13,,
,,0.000313,0.450052,0.005417,egemaps,,,0.043177,segment,1,0.401145,,,1.0,7,0.7,vishing_602_13,,
,,0.000364,0.420937,0.00526,egemaps,,,0.042344,segment,1,0.372969,,,1.0,8,0.7,vishing_602_13,,
,,0.000313,0.421354,0.005312,egemaps,,,0.040833,segment,1,0.374896,,,1.0,9,0.7,vishing_602_13,,
,,0.00026,0.281354,0.007135,egemaps,,,0.040625,segment,0,0.233334,,,0.003440207103267312,0,0.002408144972287118,d02j08s004829_15,,
,,0.000312,0.203698,0.005886,egemaps,,,0.035625,segment,0,0.161875,,,0.003440207103267312,1,0.002408144972287118,d02j08s004829_15,,
,,0.000313,0.180729,0.005156,egemaps,,,0.035208,segment,0,0.140052,,,0.003440207103267312,2,0.002408144972287118,d02j08s004829_15,,
,,0.000364,0.179739,0.004844,egemaps,,,0.03474,segment,0,0.139791,,,0.003440207103267312,3,0.002408144972287118,d02j08s004829_15,,
,,0.000312,0.182187,0.004896,egemaps,,,0.034427,segment,0,0.142552,,,0.003440207103267312,4,0.002408144972287118,d02j08s004829_15,,
,,0.000365,0.178958,0.004896,egemaps,,,0.034687,segment,0,0.13901,,,0.003440207103267312,5,0.002408144972287118,d02j08s004829_15,,
,,0.000312,0.179531,0.004896,egemaps,,,0.034219,segment,0,0.140104,,,0.003440207103267312,6,0.002408144972287118,d02j08s004829_15,,
,,0.000313,0.180208,0.004792,egemaps,,,0.034583,segment,0,0.14052,,,0.003440207103267312,7,0.002408144972287118,d02j08s004829_15,,
,,0.000312,0.183125,0.004844,egemaps,,,0.034115,segment,0,0.143854,,,0.003440207103267312,8,0.002408144972287118,d02j08s004829_15,,
,,0.000364,0.180469,0.004896,egemaps,,,0.034063,segment,0,0.141146,,,0.003440207103267312,9,0.002408144972287118,d02j08s004829_15,,
,,0.00026,0.249531,0.007916,egemaps,,,0.03724,segment,0,0.204115,,,0.002000053646042943,0,0.00140003755223006,d04j18s014737_4,,
,,0.000364,0.209895,0.005469,egemaps,,,0.035156,segment,0,0.168906,,,0.002000053646042943,1,0.00140003755223006,d04j18s014737_4,,
,,0.000312,0.189218,0.004844,egemaps,,,0.035052,segment,0,0.14901,,,0.002000053646042943,2,0.00140003755223006,d04j18s014737_4,,
,,0.000312,0.186197,0.004844,egemaps,,,0.035,segment,0,0.146041,,,0.002000053646042943,3,0.00140003755223006,d04j18s014737_4,,
,,0.000364,0.2325,0.005,egemaps,,,0.037396,segment,0,0.18974,,,0.002000053646042943,4,0.00140003755223006,d04j18s014737_4,,
,,0.000364,0.178437,0.004896,egemaps,,,0.034948,segment,0,0.138229,,,0.002000053646042943,5,0.00140003755223006,d04j18s014737_4,,
,,0.000312,0.179531,0.004896,egemaps,,,0.03526,segment,0,0.139063,,,0.002000053646042943,6,0.00140003755223006,d04j18s014737_4,,
,,0.000313,0.18,0.004896,egemaps,,,0.034479,segment,0,0.140312,,,0.002000053646042943,7,0.00140003755223006,d04j18s014737_4,,
,,0.000364,0.180729,0.004792,egemaps,,,0.034896,segment,0,0.140677,,,0.002000053646042943,8,0.00140003755223006,d04j18s014737_4,,
,,0.000313,0.182032,0.004948,egemaps,,,0.035052,segment,0,0.141719,,,0.002000053646042943,9,0.00140003755223006,d04j18s014737_4,,
,,0.000365,0.213854,0.006302,egemaps,,,0.037812,segment,0,0.169375,,,0.0015367417363449931,0,0.001075719215441495,d02j12s000857_17,,
,,0.000261,0.165313,0.005,egemaps,,,0.035052,segment,0,0.125,,,0.0015367417363449931,1,0.001075719215441495,d02j12s000857_17,,
,,0.000417,0.15875,0.004948,egemaps,,,0.034635,segment,0,0.11875,,,0.0015367417363449931,2,0.001075719215441495,d02j12s000857_17,,
,,0.000261,0.157865,0.004792,egemaps,,,0.034479,segment,0,0.118333,,,0.0015367417363449931,3,0.001075719215441495,d02j12s000857_17,,
,,0.000313,0.162813,0.004791,egemaps,,,0.034115,segment,0,0.123594,,,0.0015367417363449931,4,0.001075719215441495,d02j12s000857_17,,
,,0.000312,0.160677,0.004843,egemaps,,,0.033803,segment,0,0.121719,,,0.0015367417363449931,5,0.001075719215441495,d02j12s000857_17,,
,,0.000417,0.157396,0.00474,egemaps,,,0.034166,segment,0,0.118073,,,0.0015367417363449931,6,0.001075719215441495,d02j12s000857_17,,
,,0.000364,0.161718,0.004792,egemaps,,,0.034271,segment,0,0.122291,,,0.0015367417363449931,7,0.001075719215441495,d02j12s000857_17,,
,,0.000364,0.159114,0.004895,egemaps,,,0.03448,segment,0,0.119375,,,0.0015367417363449931,8,0.001075719215441495,d02j12s000857_17,,
,,0.000312,0.160469,0.004792,egemaps,,,0.034115,segment,0,0.12125,,,0.0015367417363449931,9,0.001075719215441495,d02j12s000857_17,,
,,0.000364,0.386979,0.005313,egemaps,,,0.040677,segment,1,0.340625,,,1.0,0,0.7,vishing_304_129,,
,,0.000312,0.374791,0.005104,egemaps,,,0.03875,segment,1,0.330625,,,1.0,1,0.7,vishing_304_129,,
,,0.000312,0.336458,0.03151,egemaps,,,0.040573,segment,1,0.264063,,,1.0,2,0.7,vishing_304_129,,
,,0.000365,0.310365,0.005104,egemaps,,,0.040573,segment,1,0.264323,,,1.0,3,0.7,vishing_304_129,,
,,0.000365,0.30849,0.005157,egemaps,,,0.037656,segment,1,0.265312,,,1.0,4,0.7,vishing_304_129,,
,,0.000364,0.312031,0.006042,egemaps,,,0.038177,segment,1,0.267448,,,1.0,5,0.7,vishing_304_129,,
,,0.000417,0.309323,0.005208,egemaps,,,0.038906,segment,1,0.264792,,,1.0,6,0.7,vishing_304_129,,
,,0.000417,0.316094,0.005,egemaps,,,0.038854,segment,1,0.271823,,,1.0,7,0.7,vishing_304_129,,
,,0.000365,0.31224,0.005,egemaps,,,0.038333,segment,1,0.268542,,,1.0,8,0.7,vishing_304_129,,
,,0.000364,0.310364,0.005052,egemaps,,,0.038698,segment,1,0.26625,,,1.0,9,0.7,vishing_304_129,,
,,0.000313,0.225104,0.005208,egemaps,,,0.039531,segment,1,0.180052,,,1.0,0,0.7,vishing_432_29,,
,,0.000312,0.18302,0.005052,egemaps,,,0.035833,segment,1,0.141823,,,1.0,1,0.7,vishing_432_29,,
,,0.000312,0.16401,0.005,egemaps,,,0.037084,segment,1,0.121614,,,1.0,2,0.7,vishing_432_29,,
,,0.000313,0.157813,0.004896,egemaps,,,0.034427,segment,1,0.118177,,,1.0,3,0.7,vishing_432_29,,
,,0.000261,0.162344,0.004843,egemaps,,,0.034323,segment,1,0.122917,,,1.0,4,0.7,vishing_432_29,,
,,0.000313,0.161406,0.004948,egemaps,,,0.034948,segment,1,0.121197,,,1.0,5,0.7,vishing_432_29,,
,,0.000313,0.165521,0.004896,egemaps,,,0.03401,segment,1,0.126302,,,1.0,6,0.7,vishing_432_29,,
,,0.000312,0.165469,0.004844,egemaps,,,0.034375,segment,1,0.125938,,,1.0,7,0.7,vishing_432_29,,
,,0.000312,0.227396,0.004896,egemaps,,,0.098125,segment,1,0.124063,,,1.0,8,0.7,vishing_432_29,,
,,0.00026,0.165521,0.004844,egemaps,,,0.035886,segment,1,0.124531,,,1.0,9,0.7,vishing_432_29,,
,,0.000313,0.558906,0.006614,egemaps,,,0.069375,segment,1,0.482604,,,1.0,0,0.7,vishing_564_32,,
,,0.000313,0.446875,0.005312,egemaps,,,0.041823,segment,1,0.399427,,,1.0,1,0.7,vishing_564_32,,
,,0.000365,0.390417,0.005208,egemaps,,,0.041823,segment,1,0.343021,,,1.0,2,0.7,vishing_564_32,,
,,0.000312,0.390781,0.005156,egemaps,,,0.040625,segment,1,0.344688,,,1.0,3,0.7,vishing_564_32,,
,,0.000365,0.386406,0.00526,egemaps,,,0.040677,segment,1,0.340104,,,1.0,4,0.7,vishing_564_32,,
,,0.000365,0.388698,0.005312,egemaps,,,0.039948,segment,1,0.343073,,,1.0,5,0.7,vishing_564_32,,
,,0.000364,0.391771,0.005261,egemaps,,,0.040417,segment,1,0.345729,,,1.0,6,0.7,vishing_564_32,,
,,0.000365,0.386406,0.005364,egemaps,,,0.039531,segment,1,0.341146,,,1.0,7,0.7,vishing_564_32,,
,,0.000364,0.406041,0.005104,egemaps,,,0.041823,segment,1,0.35875,,,1.0,8,0.7,vishing_564_32,,
,,0.000364,0.374739,0.005157,egemaps,,,0.040104,segment,1,0.329114,,,1.0,9,0.7,vishing_564_32,,
,,0.000365,0.625677,0.006302,egemaps,,,0.078073,segment,0,0.540937,,,0.030649542808532715,0,0.0214546799659729,d02j12s005273_1,,
,,0.000365,0.538386,0.005469,egemaps,,,0.063489,segment,0,0.469063,,,0.030649542808532715,1,0.0214546799659729,d02j12s005273_1,,
,,0.000364,0.445469,0.005417,egemaps,,,0.042969,segment,0,0.396719,,,0.030649542808532715,2,0.0214546799659729,d02j12s005273_1,,
,,0.000468,0.437031,0.005416,egemaps,,,0.043334,segment,0,0.387813,,,0.030649542808532715,3,0.0214546799659729,d02j12s005273_1,,
,,0.000364,0.448333,0.005313,egemaps,,,0.042552,segment,0,0.400104,,,0.030649542808532715,4,0.0214546799659729,d02j12s005273_1,,
,,0.000313,0.46099,0.005313,egemaps,,,0.04276,segment,0,0.412604,,,0.030649542808532715,5,0.0214546799659729,d02j12s005273_1,,
,,0.000312,0.465156,0.005312,egemaps,,,0.060469,segment,0,0.399063,,,0.030649542808532715,6,0.0214546799659729,d02j12s005273_1,,
,,0.000313,0.439167,0.005261,egemaps,,,0.04302,segment,0,0.390573,,,0.030649542808532715,7,0.0214546799659729,d02j12s005273_1,,
,,0.000364,0.441198,0.005521,egemaps,,,0.042813,segment,0,0.3925,,,0.030649542808532715,8,0.0214546799659729,d02j12s005273_1,,
,,0.000364,0.43901,0.005729,egemaps,,,0.042396,segment,0,0.390521,,,0.030649542808532715,9,0.0214546799659729,d02j12s005273_1,,
,,0.000365,0.571354,0.006719,egemaps,,,0.077135,segment,0,0.487135,,,0.012823645956814289,0,0.008976552169770002,d02j11s001550_16,,
,,0.000313,0.46,0.005209,egemaps,,,0.041666,segment,0,0.412812,,,0.012823645956814289,1,0.008976552169770002,d02j11s001550_16,,
,,0.000364,0.397656,0.005625,egemaps,,,0.041875,segment,0,0.349792,,,0.012823645956814289,2,0.008976552169770002,d02j11s001550_16,,
,,0.000365,0.402135,0.005312,egemaps,,,0.041198,segment,0,0.35526,,,0.012823645956814289,3,0.008976552169770002,d02j11s001550_16,,
,,0.000313,0.39224,0.005365,egemaps,,,0.041614,segment,0,0.344948,,,0.012823645956814289,4,0.008976552169770002,d02j11s001550_16,,
,,0.000312,0.41375,0.005416,egemaps,,,0.041459,segment,0,0.366563,,,0.012823645956814289,5,0.008976552169770002,d02j11s001550_16,,
,,0.000364,0.392916,0.005209,egemaps,,,0.041146,segment,0,0.346197,,,0.012823645956814289,6,0.008976552169770002,d02j11s001550_16,,
,,0.000365,0.393958,0.005208,egemaps,,,0.040156,segment,0,0.348229,,,0.012823645956814289,7,0.008976552169770002,d02j11s001550_16,,
,,0.000365,0.396042,0.005261,egemaps,,,0.041666,segment,0,0.34875,,,0.012823645956814289,8,0.008976552169770002,d02j11s001550_16,,
,,0.000364,0.393958,0.005417,egemaps,,,0.041042,segment,0,0.347135,,,0.012823645956814289,9,0.008976552169770002,d02j11s001550_16,,
,,0.000365,0.654531,0.006667,egemaps,,,0.076041,segment,1,0.571458,,,1.0,0,0.7,vishing_368_33,,
,,0.000365,0.558334,0.005572,egemaps,,,0.064115,segment,1,0.488282,,,1.0,1,0.7,vishing_368_33,,
,,0.000364,0.466145,0.005365,egemaps,,,0.043646,segment,1,0.41677,,,1.0,2,0.7,vishing_368_33,,
,,0.000364,0.465625,0.005364,egemaps,,,0.042813,segment,1,0.417084,,,1.0,3,0.7,vishing_368_33,,
,,0.000312,0.571042,0.00625,egemaps,,,0.066875,segment,1,0.497605,,,1.0,4,0.7,vishing_368_33,,
,,0.000417,0.454271,0.005573,egemaps,,,0.043125,segment,1,0.405156,,,1.0,5,0.7,vishing_368_33,,
,,0.000312,0.455,0.005208,egemaps,,,0.04198,segment,1,0.4075,,,1.0,6,0.7,vishing_368_33,,
,,0.000365,0.456406,0.005312,egemaps,,,0.041771,segment,1,0.408958,,,1.0,7,0.7,vishing_368_33,,
,,0.000312,0.460208,0.005416,egemaps,,,0.040678,segment,1,0.413802,,,1.0,8,0.7,vishing_368_33,,
,,0.000313,0.452136,0.00526,egemaps,,,0.040573,segment,1,0.40599,,,1.0,9,0.7,vishing_368_33,,
,,0.000312,0.507448,0.006927,egemaps,,,0.09599,segment,0,0.404219,,,0.001014495617710054,0,0.0007101469323970377,d02j11s001550_2,,
,,0.000313,0.392136,0.005208,egemaps,,,0.041354,segment,0,0.345261,,,0.001014495617710054,1,0.0007101469323970377,d02j11s001550_2,,
,,0.000364,0.35401,0.005209,egemaps,,,0.040625,segment,0,0.307812,,,0.001014495617710054,2,0.0007101469323970377,d02j11s001550_2,,
,,0.000313,0.33974,0.005208,egemaps,,,0.039427,segment,0,0.294792,,,0.001014495617710054,3,0.0007101469323970377,d02j11s001550_2,,
,,0.000416,0.339635,0.005312,egemaps,,,0.039584,segment,0,0.294323,,,0.001014495617710054,4,0.0007101469323970377,d02j11s001550_2,,
,,0.000313,0.331771,0.005,egemaps,,,0.039687,segment,0,0.286771,,,0.001014495617710054,5,0.0007101469323970377,d02j11s001550_2,,
,,0.000365,0.338073,0.005104,egemaps,,,0.039323,segment,0,0.293281,,,0.001014495617710054,6,0.0007101469323970377,d02j11s001550_2,,
,,0.000365,0.333281,0.005156,egemaps,,,0.038958,segment,0,0.288802,,,0.001014495617710054,7,0.0007101469323970377,d02j11s001550_2,,
,,0.000365,0.334271,0.005156,egemaps,,,0.040156,segment,0,0.288594,,,0.001014495617710054,8,0.0007101469323970377,d02j11s001550_2,,
,,0.000313,0.334063,0.005209,egemaps,,,0.038593,segment,0,0.289948,,,0.001014495617710054,9,0.0007101469323970377,d02j11s001550_2,,
,,0.000365,0.611302,0.0075,egemaps,,,0.072395,segment,0,0.531042,,,0.005928255617618561,0,0.004149778932332992,d04j18s013482_13,,
,,0.000416,0.516823,0.005209,egemaps,,,0.079427,segment,0,0.431771,,,0.005928255617618561,1,0.004149778932332992,d04j18s013482_13,,
,,0.000365,0.444115,0.005469,egemaps,,,0.043645,segment,0,0.394636,,,0.005928255617618561,2,0.004149778932332992,d04j18s013482_13,,
,,0.000312,0.414896,0.005312,egemaps,,,0.041042,segment,0,0.36823,,,0.005928255617618561,3,0.004149778932332992,d04j18s013482_13,,
,,0.000312,0.426406,0.005313,egemaps,,,0.040781,segment,0,0.38,,,0.005928255617618561,4,0.004149778932332992,d04j18s013482_13,,
,,0.000365,0.414375,0.005261,egemaps,,,0.040364,segment,0,0.368385,,,0.005928255617618561,5,0.004149778932332992,d04j18s013482_13,,
,,0.000416,0.408333,0.00526,egemaps,,,0.041615,segment,0,0.361042,,,0.005928255617618561,6,0.004149778932332992,d04j18s013482_13,,
,,0.000312,0.403645,0.005364,egemaps,,,0.040417,segment,0,0.357552,,,0.005928255617618561,7,0.004149778932332992,d04j18s013482_13,,
,,0.00026,0.406354,0.007604,egemaps,,,0.040156,segment,0,0.358334,,,0.005928255617618561,8,0.004149778932332992,d04j18s013482_13,,
,,0.00026,0.421093,0.005312,egemaps,,,0.040261,segment,0,0.37526,,,0.005928255617618561,9,0.004149778932332992,d04j18s013482_13,,
,,0.000312,0.395104,0.007917,egemaps,,,0.042292,segment,1,0.344583,,,1.0,0,0.7,vishing_597_16,,
,,0.000312,0.36625,0.021614,egemaps,,,0.040938,segment,1,0.303386,,,1.0,1,0.7,vishing_597_16,,
,,0.000313,0.295157,0.00526,egemaps,,,0.039844,segment,1,0.24974,,,1.0,2,0.7,vishing_597_16,,
,,0.000364,0.296198,0.005208,egemaps,,,0.040678,segment,1,0.249948,,,1.0,3,0.7,vishing_597_16,,
,,0.000365,0.298802,0.005781,egemaps,,,0.039166,segment,1,0.25349,,,1.0,4,0.7,vishing_597_16,,
,,0.000312,0.28875,0.005417,egemaps,,,0.0375,segment,1,0.245521,,,1.0,5,0.7,vishing_597_16,,
,,0.000313,0.291198,0.005208,egemaps,,,0.039062,segment,1,0.246615,,,1.0,6,0.7,vishing_597_16,,
,,0.000313,0.293698,0.005052,egemaps,,,0.038177,segment,1,0.250156,,,1.0,7,0.7,vishing_597_16,,
,,0.000312,0.288698,0.005052,egemaps,,,0.038334,segment,1,0.245,,,1.0,8,0.7,vishing_597_16,,
,,0.000313,0.293177,0.005208,egemaps,,,0.038333,segment,1,0.249323,,,1.0,9,0.7,vishing_597_16,,
,,0.000312,0.294479,0.006354,egemaps,,,0.042032,segment,0,0.245781,,,0.004961527418345213,0,0.003473069192841649,d02j10s005177_33,,
,,0.000313,0.211563,0.005312,egemaps,,,0.037448,segment,0,0.16849,,,0.004961527418345213,1,0.003473069192841649,d02j10s005177_33,,
,,0.000312,0.184739,0.005105,egemaps,,,0.036927,segment,0,0.142395,,,0.004961527418345213,2,0.003473069192841649,d02j10s005177_33,,
,,0.000312,0.181562,0.005,egemaps,,,0.035782,segment,0,0.140468,,,0.004961527418345213,3,0.003473069192841649,d02j10s005177_33,,
,,0.00026,0.188021,0.004843,egemaps,,,0.035209,segment,0,0.147709,,,0.004961527418345213,4,0.003473069192841649,d02j10s005177_33,,
,,0.000313,0.19,0.004896,egemaps,,,0.035468,segment,0,0.149323,,,0.004961527418345213,5,0.003473069192841649,d02j10s005177_33,,
,,0.000364,0.279218,0.004895,egemaps,,,0.052813,segment,0,0.221146,,,0.004961527418345213,6,0.003473069192841649,d02j10s005177_33,,
,,0.000313,0.178282,0.004896,egemaps,,,0.035573,segment,0,0.1375,,,0.004961527418345213,7,0.003473069192841649,d02j10s005177_33,,
,,0.000365,0.180781,0.004791,egemaps,,,0.035573,segment,0,0.140052,,,0.004961527418345213,8,0.003473069192841649,d02j10s005177_33,,
,,0.000312,0.188177,0.005052,egemaps,,,0.035469,segment,0,0.147344,,,0.004961527418345213,9,0.003473069192841649,d02j10s005177_33,,
,,0.000312,0.287812,0.00776,egemaps,,,0.038334,segment,1,0.241406,,,1.0,0,0.7,vishing_601_10,,
,,0.000313,0.249115,0.00573,egemaps,,,0.036093,segment,1,0.206979,,,1.0,1,0.7,vishing_601_10,,
,,0.000313,0.219271,0.004948,egemaps,,,0.035364,segment,1,0.178646,,,1.0,2,0.7,vishing_601_10,,
,,0.000364,0.204687,0.004948,egemaps,,,0.035261,segment,1,0.164114,,,1.0,3,0.7,vishing_601_10,,
,,0.000312,0.20401,0.004844,egemaps,,,0.035417,segment,1,0.163437,,,1.0,4,0.7,vishing_601_10,,
,,0.000313,0.208959,0.004844,egemaps,,,0.035312,segment,1,0.16849,,,1.0,5,0.7,vishing_601_10,,
,,0.00026,0.205833,0.004948,egemaps,,,0.034792,segment,1,0.165833,,,1.0,6,0.7,vishing_601_10,,
,,0.000364,0.206406,0.005,egemaps,,,0.035365,segment,1,0.165677,,,1.0,7,0.7,vishing_601_10,,
,,0.000312,0.20849,0.004792,egemaps,,,0.03474,segment,1,0.168646,,,1.0,8,0.7,vishing_601_10,,
,,0.000364,0.205729,0.004844,egemaps,,,0.035208,segment,1,0.165313,,,1.0,9,0.7,vishing_601_10,,
,,0.000312,0.197239,0.007657,egemaps,,,0.037031,segment,1,0.152239,,,1.0,0,0.7,vishing_597_100,,
,,0.000312,0.158125,0.004844,egemaps,,,0.035,segment,1,0.117969,,,1.0,1,0.7,vishing_597_100,,
,,0.00026,0.151666,0.00474,egemaps,,,0.033906,segment,1,0.11276,,,1.0,2,0.7,vishing_597_100,,
,,0.000261,0.149948,0.00474,egemaps,,,0.034114,segment,1,0.110833,,,1.0,3,0.7,vishing_597_100,,
,,0.000312,0.148698,0.004688,egemaps,,,0.033229,segment,1,0.110469,,,1.0,4,0.7,vishing_597_100,,
,,0.000261,0.192084,0.004844,egemaps,,,0.045364,segment,1,0.141615,,,1.0,5,0.7,vishing_597_100,,
,,0.000313,0.162292,0.004844,egemaps,,,0.036302,segment,1,0.120833,,,1.0,6,0.7,vishing_597_100,,
,,0.000312,0.144218,0.004792,egemaps,,,0.033802,segment,1,0.105312,,,1.0,7,0.7,vishing_597_100,,
,,0.00026,0.142187,0.004739,egemaps,,,0.032917,segment,1,0.104271,,,1.0,8,0.7,vishing_597_100,,
,,0.000312,0.142292,0.004687,egemaps,,,0.033803,segment,1,0.10349,,,1.0,9,0.7,vishing_597_100,,
,,0.000365,0.607396,0.006562,egemaps,,,0.071771,segment,1,0.528698,,,1.0,0,0.7,vishing_558_3,,
,,0.000365,0.597605,0.005417,egemaps,,,0.067448,segment,1,0.524375,,,1.0,1,0.7,vishing_558_3,,
,,0.000313,0.466771,0.005573,egemaps,,,0.042604,segment,1,0.418281,,,1.0,2,0.7,vishing_558_3,,
,,0.000365,0.461407,0.00526,egemaps,,,0.041615,segment,1,0.414167,,,1.0,3,0.7,vishing_558_3,,
,,0.000365,0.454792,0.005364,egemaps,,,0.042031,segment,1,0.407032,,,1.0,4,0.7,vishing_558_3,,
,,0.000365,0.461771,0.005468,egemaps,,,0.043125,segment,1,0.412813,,,1.0,5,0.7,vishing_558_3,,
,,0.000312,0.481562,0.005313,egemaps,,,0.04375,segment,1,0.432187,,,1.0,6,0.7,vishing_558_3,,
,,0.000365,0.463282,0.005364,egemaps,,,0.042396,segment,1,0.415157,,,1.0,7,0.7,vishing_558_3,,
,,0.000261,0.458177,0.005208,egemaps,,,0.040052,segment,1,0.412656,,,1.0,8,0.7,vishing_558_3,,
,,0.000364,0.460521,0.007552,egemaps,,,0.0425,segment,1,0.410105,,,1.0,9,0.7,vishing_558_3,,
0.3,vishing_257,,,,egemaps,0.99993439,0.150885,,call,1,,8,0.135833,,,,,0.3,0.454114
0.3,vishing_44,,,,egemaps,0.9999330412488365,0.274011,,call,1,,8,0.134219,,,,,0.3,0.554011
0.3,vishing_304,,,,egemaps,0.9999999702797884,0.877708,,call,1,,353,0.532187,,,,,0.3,12.795833
0.3,vishing_617,,,,egemaps,0.9999999999999999,14.043854,,call,1,,357,1.274166,,,,,0.3,26.188854
0.3,vishing_366,,,,egemaps,0.9999999999999999,12.959011,,call,1,,66,1.187396,,,,,0.3,15.209636
0.3,vishing_552,,,,egemaps,0.9999999954937531,3.617031,,call,1,,50,1.213177,,,,,0.3,5.376042
0.3,vishing_457,,,,egemaps,0.9975699999999998,1.268958,,call,1,,5,0.146146,,,,,0.3,1.427864
0.3,vishing_234,,,,egemaps,0.9962317633619249,0.260417,,call,1,,7,0.14349,,,,,0.3,0.494635
0.3,vishing_168,,,,egemaps,0.9997813,0.318593,,call,1,,7,0.147864,,,,,0.3,0.55125
0.3,vishing_479,,,,egemaps,0.7964312680242649,0.411146,,call,1,,7,0.137969,,,,,0.3,0.599271
0.3,vishing_228,,,,egemaps,0.9918999999999999,0.271406,,call,1,,4,0.131667,,,,,0.3,0.389583
0.3,vishing_248,,,,egemaps,0.9999959610225779,0.206614,,call,1,,11,0.131875,,,,,0.3,0.584948
0.3,vishing_445,,,,egemaps,0.9999950845721948,0.691303,,call,1,,28,0.489323,,,,,0.3,1.660938
0.3,vishing_178,,,,egemaps,0.9999999999360281,1.072187,,call,1,,22,0.187031,,,,,0.3,1.824843
0.3,vishing_679,,,,egemaps,0.9999768605165251,0.363542,,call,1,,11,0.146094,,,,,0.3,0.744948
0.3,vishing_601,,,,egemaps,0.999999999116628,0.447083,,call,1,,34,0.170208,,,,,0.3,1.677656
0.3,vishing_211,,,,egemaps,0.9997813,0.730417,,call,1,,7,0.185886,,,,,0.3,0.9775
0.3,vishing_453,,,,egemaps,0.999998571440673,1.5375,,call,1,,108,1.224948,,,,,0.3,5.359688
0.3,vishing_432,,,,egemaps,0.9999999999802718,3.102396,,call,1,,30,0.581563,,,,,0.3,4.218646
0.3,vishing_88,,,,egemaps,0.9997709252793946,0.651354,,call,1,,18,0.186615,,,,,0.3,1.291823
0.3,vishing_255,,,,egemaps,0.9591858915091508,0.414375,,call,1,,10,0.143021,,,,,0.3,0.763229
0.3,vishing_434,,,,egemaps,0.9995396045899867,0.233698,,call,1,,7,0.144115,,,,,0.3,0.474791
0.3,vishing_208,,,,egemaps,0.9723420656860555,0.266198,,call,1,,11,0.138333,,,,,0.3,0.656042
0.3,vishing_615,,,,egemaps,0.9999998942932216,0.329844,,call,1,,29,0.153386,,,,,0.3,1.383542
0.3,vishing_393,,,,egemaps,0.999241280733274,0.515729,,call,1,,26,0.1625,,,,,0.3,1.455677
0.3,vishing_375,,,,egemaps,0.955610936508289,0.908385,,call,1,,33,0.461614,,,,,0.3,2.040833
0.3,vishing_542,,,,egemaps,0.9722393016815185,0.934688,,call,1,,3,0.128021,,,,,0.3,1.014479
0.3,vishing_112,,,,egemaps,0.9999994685589999,0.219687,,call,1,,12,0.144323,,,,,0.3,0.641458
0.3,vishing_602,,,,egemaps,0.9999999498655703,1.483333,,call,1,,41,1.144062,,,,,0.3,2.996979
0.3,vishing_118,,,,egemaps,0.9999534329005535,1.159063,,call,1,,15,0.170365,,,,,0.3,1.700052
0.3,vishing_82,,,,egemaps,0.9992689392852783,0.323125,,call,1,,6,0.135781,,,,,0.3,0.525365
0.3,vishing_217,,,,egemaps,0.9999994685589999,0.248177,,call,1,,12,0.162031,,,,,0.3,0.664323
0.3,vishing_226,,,,egemaps,0.9997810583174824,0.356927,,call,1,,7,0.142135,,,,,0.3,0.635052
0.3,vishing_417,,,,egemaps,0.9999999929722456,0.379687,,call,1,,17,0.195573,,,,,0.3,0.992291
0.3,vishing_520,,,,egemaps,0.9999999999999999,1.893594,,call,1,,90,1.216146,,,,,0.3,5.05901
0.3,vishing_338,,,,egemaps,0.999987036372001,4.058906,,call,1,,38,1.202604,,,,,0.3,5.375521
0.3,vishing_575,,,,egemaps,0.9999999999462543,2.116094,,call,1,,40,0.560938,,,,,0.3,3.501771
0.3,vishing_600,,,,egemaps,0.9099999999999999,1.142188,,call,1,,2,0.126354,,,,,0.3,1.18625
0.3,vishing_446,,,,egemaps,0.9999990280806548,0.175417,,call,1,,17,0.132865,,,,,0.3,0.776563
0.3,vishing_444,,,,egemaps,0.9999803169999999,0.299739,,call,1,,9,0.142187,,,,,0.3,0.61625
0.3,vishing_597,,,,egemaps,0.999999893895173,1.526562,,call,1,,104,1.207448,,,,,0.3,5.173437
0.3,vishing_368,,,,egemaps,0.9999999977464987,4.91474,,call,1,,222,1.25849,,,,,0.3,12.628907
0.3,vishing_360,,,,egemaps,0.9999999999999999,8.22323,,call,1,,31,1.182709,,,,,0.3,9.296198
0.3,vishing_173,,,,egemaps,0.9997767460958124,1.422239,,call,1,,14,0.23625,,,,,0.3,1.909062
0.3,vishing_671,,,,egemaps,0.9729999999999999,0.317604,,call,1,,3,0.145312,,,,,0.3,0.404948
0.3,vishing_53,,,,egemaps,0.9099999999999999,0.18625,,call,1,,2,0.118281,,,,,0.3,0.230938
0.3,vishing_653,,,,egemaps,0.9999999999999999,1.341563,,call,1,,131,1.198282,,,,,0.3,5.942604
0.3,vishing_242,,,,egemaps,0.9996850963993429,3.900104,,call,1,,7,0.195521,,,,,0.3,4.131041
0.3,vishing_86,,,,egemaps,0.9975534973108767,0.262761,,call,1,,5,0.139219,,,,,0.3,0.427813
0.3,vishing_192,,,,egemaps,0.9997801917696116,0.263906,,call,1,,7,0.140468,,,,,0.3,0.521406
